207 lattice points in polytope (module generators)
0 Hilbert basis elements of recession monoid
2609 vertices of polyhedron
0 extreme rays of recession cone
45 support hyperplanes of polyhedron (homogenized)

embedding dimension = 11
affine dimension of the polyhedron = 8
rank of recession monoid = 0 (polyhedron is polytope)

dehomogenization:
0 0 0 0 0 0 0 0 0 0 1 


module rank = 207

***********************************************************************

207 lattice points in polytope (module generators):
 0 0 1 2 2 1 1 1 1 3 1
 0 0 1 3 0 2 1 1 1 3 1
 0 0 1 3 1 0 2 1 1 3 1
 0 0 1 3 1 1 0 2 1 3 1
 0 0 1 3 1 1 1 0 2 3 1
 0 0 1 3 1 1 1 1 0 4 1
 0 0 2 0 3 1 1 1 1 3 1
 0 0 2 1 1 2 1 1 1 3 1
 0 0 2 1 2 0 2 1 1 3 1
 0 0 2 1 2 1 0 2 1 3 1
 0 0 2 1 2 1 1 0 2 3 1
 0 0 2 1 2 1 1 1 0 4 1
 0 0 2 2 0 1 2 1 1 3 1
 0 0 2 2 0 2 0 2 1 3 1
 0 0 2 2 0 2 1 0 2 3 1
 0 0 2 2 0 2 1 1 0 4 1
 0 0 2 2 1 0 1 2 1 3 1
 0 0 2 2 1 0 2 0 2 3 1
 0 0 2 2 1 0 2 1 0 4 1
 0 0 2 2 1 1 0 1 2 3 1
 0 0 2 2 1 1 0 2 0 4 1
 0 0 2 2 1 1 1 0 1 4 1
 0 0 3 0 0 3 1 1 1 3 1
 0 0 3 0 1 1 2 1 1 3 1
 0 0 3 0 1 2 0 2 1 3 1
 0 0 3 0 1 2 1 0 2 3 1
 0 0 3 0 1 2 1 1 0 4 1
 0 0 3 0 2 0 1 2 1 3 1
 0 0 3 0 2 0 2 0 2 3 1
 0 0 3 0 2 0 2 1 0 4 1
 0 0 3 0 2 1 0 1 2 3 1
 0 0 3 0 2 1 0 2 0 4 1
 0 0 3 0 2 1 1 0 1 4 1
 0 0 3 1 0 0 3 1 1 3 1
 0 0 3 1 0 1 1 2 1 3 1
 0 0 3 1 0 1 2 0 2 3 1
 0 0 3 1 0 1 2 1 0 4 1
 0 0 3 1 0 2 0 1 2 3 1
 0 0 3 1 0 2 0 2 0 4 1
 0 0 3 1 0 2 1 0 1 4 1
 0 0 3 1 1 0 1 1 2 3 1
 0 0 3 1 1 0 1 2 0 4 1
 0 0 3 1 1 0 2 0 1 4 1
 0 0 3 1 1 1 0 1 1 4 1
 0 1 0 1 3 1 1 1 1 3 1
 0 1 0 2 1 2 1 1 1 3 1
 0 1 0 2 2 0 2 1 1 3 1
 0 1 0 2 2 1 0 2 1 3 1
 0 1 0 2 2 1 1 0 2 3 1
 0 1 0 2 2 1 1 1 0 4 1
 0 1 0 3 0 1 2 1 1 3 1
 0 1 0 3 0 2 0 2 1 3 1
 0 1 0 3 0 2 1 0 2 3 1
 0 1 0 3 0 2 1 1 0 4 1
 0 1 0 3 1 0 1 2 1 3 1
 0 1 0 3 1 0 2 0 2 3 1
 0 1 0 3 1 0 2 1 0 4 1
 0 1 0 3 1 1 0 1 2 3 1
 0 1 0 3 1 1 0 2 0 4 1
 0 1 0 3 1 1 1 0 1 4 1
 0 1 1 0 2 2 1 1 1 3 1
 0 1 1 0 3 0 2 1 1 3 1
 0 1 1 0 3 1 0 2 1 3 1
 0 1 1 0 3 1 1 0 2 3 1
 0 1 1 0 3 1 1 1 0 4 1
 0 1 1 1 0 3 1 1 1 3 1
 0 1 1 1 1 1 2 1 1 3 1
 0 1 1 1 1 2 0 2 1 3 1
 0 1 1 1 1 2 1 0 2 3 1
 0 1 1 1 1 2 1 1 0 4 1
 0 1 1 1 2 0 1 2 1 3 1
 0 1 1 1 2 0 2 0 2 3 1
 0 1 1 1 2 0 2 1 0 4 1
 0 1 1 1 2 1 0 1 2 3 1
 0 1 1 1 2 1 0 2 0 4 1
 0 1 1 1 2 1 1 0 1 4 1
 0 1 1 2 0 0 3 1 1 3 1
 0 1 1 2 0 1 1 2 1 3 1
 0 1 1 2 0 1 2 0 2 3 1
 0 1 1 2 0 1 2 1 0 4 1
 0 1 1 2 0 2 0 1 2 3 1
 0 1 1 2 0 2 0 2 0 4 1
 0 1 1 2 0 2 1 0 1 4 1
 0 1 1 2 1 0 0 3 1 3 1
 0 1 1 2 1 0 1 1 2 3 1
 0 1 1 2 1 0 1 2 0 4 1
 0 1 1 2 1 0 2 0 1 4 1
 0 1 1 2 1 1 0 0 3 3 1
 0 1 1 2 1 1 0 1 1 4 1
 0 1 2 0 0 2 2 1 1 3 1
 0 1 2 0 0 3 0 2 1 3 1
 0 1 2 0 0 3 1 0 2 3 1
 0 1 2 0 0 3 1 1 0 4 1
 0 1 2 0 1 0 3 1 1 3 1
 0 1 2 0 1 1 1 2 1 3 1
 0 1 2 0 1 1 2 0 2 3 1
 0 1 2 0 1 1 2 1 0 4 1
 0 1 2 0 1 2 0 1 2 3 1
 0 1 2 0 1 2 0 2 0 4 1
 0 1 2 0 1 2 1 0 1 4 1
 0 1 2 0 2 0 1 1 2 3 1
 0 1 2 0 2 0 1 2 0 4 1
 0 1 2 0 2 0 2 0 1 4 1
 0 1 2 0 2 1 0 0 3 3 1
 0 1 2 0 2 1 0 1 1 4 1
 0 1 2 1 0 0 2 2 1 3 1
 0 1 2 1 0 0 3 0 2 3 1
 0 1 2 1 0 0 3 1 0 4 1
 0 1 2 1 0 1 1 1 2 3 1
 0 1 2 1 0 1 1 2 0 4 1
 0 1 2 1 0 1 2 0 1 4 1
 0 1 2 1 0 2 0 1 1 4 1
 0 1 2 1 1 0 1 1 1 4 1
 0 2 0 0 2 1 2 1 1 3 1
 0 2 0 0 2 2 0 2 1 3 1
 0 2 0 0 2 2 1 0 2 3 1
 0 2 0 0 2 2 1 1 0 4 1
 0 2 0 0 3 0 1 2 1 3 1
 0 2 0 0 3 0 2 0 2 3 1
 0 2 0 0 3 0 2 1 0 4 1
 0 2 0 0 3 1 0 1 2 3 1
 0 2 0 0 3 1 0 2 0 4 1
 0 2 0 0 3 1 1 0 1 4 1
 0 2 0 1 1 0 3 1 1 3 1
 0 2 0 1 1 1 1 2 1 3 1
 0 2 0 1 1 1 2 0 2 3 1
 0 2 0 1 1 1 2 1 0 4 1
 0 2 0 1 1 2 0 1 2 3 1
 0 2 0 1 1 2 0 2 0 4 1
 0 2 0 1 1 2 1 0 1 4 1
 0 2 0 1 2 0 0 3 1 3 1
 0 2 0 1 2 0 1 1 2 3 1
 0 2 0 1 2 0 1 2 0 4 1
 0 2 0 1 2 0 2 0 1 4 1
 0 2 0 1 2 1 0 1 1 4 1
 0 2 0 2 0 0 2 2 1 3 1
 0 2 0 2 0 0 3 0 2 3 1
 0 2 0 2 0 0 3 1 0 4 1
 0 2 0 2 0 1 1 1 2 3 1
 0 2 0 2 0 1 1 2 0 4 1
 0 2 0 2 0 1 2 0 1 4 1
 0 2 0 2 0 2 0 0 3 3 1
 0 2 0 2 0 2 0 1 1 4 1
 0 2 0 2 1 0 1 1 1 4 1
 0 2 1 0 1 1 1 1 2 3 1
 0 2 1 0 1 1 1 2 0 4 1
 0 2 1 0 1 1 2 0 1 4 1
 0 2 1 0 1 2 0 0 3 3 1
 0 2 1 0 1 2 0 1 1 4 1
 0 2 1 0 2 0 1 1 1 4 1
 0 2 1 1 0 1 1 1 1 4 1
 1 0 1 0 1 3 1 1 1 3 1
 1 0 1 0 2 1 2 1 1 3 1
 1 0 1 0 2 2 0 2 1 3 1
 1 0 1 0 2 2 1 0 2 3 1
 1 0 1 0 2 2 1 1 0 4 1
 1 0 1 0 3 0 1 2 1 3 1
 1 0 1 0 3 0 2 0 2 3 1
 1 0 1 0 3 0 2 1 0 4 1
 1 0 1 0 3 1 0 1 2 3 1
 1 0 1 0 3 1 0 2 0 4 1
 1 0 1 0 3 1 1 0 1 4 1
 1 0 1 1 0 2 2 1 1 3 1
 1 0 1 1 0 3 0 2 1 3 1
 1 0 1 1 0 3 1 0 2 3 1
 1 0 1 1 0 3 1 1 0 4 1
 1 0 1 1 1 0 3 1 1 3 1
 1 0 1 1 1 1 1 2 1 3 1
 1 0 1 1 1 1 2 0 2 3 1
 1 0 1 1 1 1 2 1 0 4 1
 1 0 1 1 1 2 0 1 2 3 1
 1 0 1 1 1 2 0 2 0 4 1
 1 0 1 1 1 2 1 0 1 4 1
 1 0 1 1 2 0 1 1 2 3 1
 1 0 1 1 2 0 1 2 0 4 1
 1 0 1 1 2 0 2 0 1 4 1
 1 0 1 1 2 1 0 1 1 4 1
 1 0 1 2 0 1 0 3 1 3 1
 1 0 1 2 0 1 1 1 2 3 1
 1 0 1 2 0 1 1 2 0 4 1
 1 0 1 2 0 1 2 0 1 4 1
 1 0 1 2 0 2 0 1 1 4 1
 1 0 1 2 1 0 1 0 3 3 1
 1 0 1 2 1 0 1 1 1 4 1
 1 0 2 0 1 0 2 2 1 3 1
 1 0 2 0 1 0 3 0 2 3 1
 1 0 2 0 1 0 3 1 0 4 1
 1 0 2 0 1 1 1 1 2 3 1
 1 0 2 0 1 1 1 2 0 4 1
 1 0 2 0 1 1 2 0 1 4 1
 1 0 2 0 1 2 0 1 1 4 1
 1 0 2 0 2 0 1 0 3 3 1
 1 0 2 0 2 0 1 1 1 4 1
 1 0 2 1 0 1 1 1 1 4 1
 1 1 0 1 1 0 2 2 1 3 1
 1 1 0 1 1 0 3 0 2 3 1
 1 1 0 1 1 0 3 1 0 4 1
 1 1 0 1 1 1 0 3 1 3 1
 1 1 0 1 1 1 1 1 2 3 1
 1 1 0 1 1 1 1 2 0 4 1
 1 1 0 1 1 1 2 0 1 4 1
 1 1 0 1 1 2 0 1 1 4 1
 1 1 0 1 2 0 1 1 1 4 1
 1 1 0 2 0 1 1 0 3 3 1
 1 1 0 2 0 1 1 1 1 4 1
 1 1 1 0 1 1 1 0 3 3 1
 1 1 1 0 1 1 1 1 1 4 1

0 Hilbert basis elements of recession monoid:

2609 vertices of polyhedron:
  0  0  1  2   2   1   1  1  1   3  1
  0  0  1  3   0   2   1  1  1   3  1
  0  0  1  3   1   0   2  1  1   3  1
  0  0  1  3   1   1   0  2  1   3  1
  0  0  1  3   1   1   1  0  2   3  1
  0  0  1  3   1   1   1  1  0   4  1
  0  0  2  0   3   1   1  1  1   3  1
  0  0  2  2   0   2   0  2  1   3  1
  0  0  2  2   0   2   1  0  2   3  1
  0  0  2  2   0   2   1  1  0   4  1
  0  0  2  2   1   0   2  0  2   3  1
  0  0  2  2   1   0   2  1  0   4  1
  0  0  2  2   1   1   0  2  0   4  1
  0  0  2  2   1   1   1  0  1   4  1
  0  0  3  0   0   3   1  1  1   3  1
  0  0  3  0   1   2   0  2  1   3  1
  0  0  3  0   1   2   1  0  2   3  1
  0  0  3  0   1   2   1  1  0   4  1
  0  0  3  0   2   0   1  2  1   3  1
  0  0  3  0   2   0   2  0  2   3  1
  0  0  3  0   2   0   2  1  0   4  1
  0  0  3  0   2   1   0  1  2   3  1
  0  0  3  0   2   1   0  2  0   4  1
  0  0  3  0   2   1   1  0  1   4  1
  0  0  3  1   0   0   3  1  1   3  1
  0  0  3  1   0   1   1  2  1   3  1
  0  0  3  1   0   1   2  0  2   3  1
  0  0  3  1   0   1   2  1  0   4  1
  0  0  3  1   0   2   0  1  2   3  1
  0  0  3  1   0   2   0  2  0   4  1
  0  0  3  1   0   2   1  0  1   4  1
  0  0  3  1   1   0   1  1  2   3  1
  0  0  3  1   1   0   1  2  0   4  1
  0  0  3  1   1   0   2  0  1   4  1
  0  0  3  1   1   1   0  1  1   4  1
  0  0  3 12   4   4   5  4  4  12  4
  0  0  3 12   4   5   3  5  4  12  4
  0  0  3 12   5   3   5  3  5  12  4
  0  0  3 12   5   4   3  4  5  12  4
  0  0  3 13   3   4   5  4  3  13  4
  0  0  3 13   3   5   3  5  3  13  4
  0  0  3 13   4   3   5  3  4  13  4
  0  0  3 13   4   4   3  4  4  13  4
  0  0  5  0   5   0   4  2  2   6  2
  0  0  5  0   5   2   0  4  2   6  2
  0  0  5  0   5   2   2  0  4   6  2
  0  0  5  0   5   2   2  2  0   8  2
  0  0  5  3   2   2   0  1  5   6  2
  0  0  6  0   3   0   5  2  2   6  2
  0  0  6  0   4   2   1  0  5   6  2
  0  0  6  1   0   5   0  4  2   6  2
  0  0  6  1   0   5   2  0  4   6  2
  0  0  6  1   0   5   2  2  0   8  2
  0  0  6  1   3   2   0  1  5   6  2
  0  0  6  2   1   0   3  4  2   6  2
  0  0  6  2   1   0   5  0  4   6  2
  0  0  6  2   1   0   5  2  0   8  2
  0  0  7  5   3   3   1  0  8   9  3
  0  0  8  4   0   6   2  0  7   9  3
  0  0  8  4   3   0   1  8  3   9  3
  0  0  8  4   3   0   5  0  7   9  3
  0  0  8  4   3   3   2  0  4  12  3
  0  0  9  0   5   4   3  2  0  13  3
  0  0  9  1   5   3   1  0  8   9  3
  0  0  9  2   4   0   5  0  7   9  3
  0  0  9  2   4   3   2  0  4  12  3
  0  0 11  0   9   4   4  3  0  17  4
  0  0 12  3   0   9   3  0  9  12  4
  0  0 13  6   6   5   5  0  3  22  5
  0  0 13  7   5   1   0 14  5  15  5
  0  0 14  6   0   8   0 12  5  15  5
  0  0 14  6   5   3   0 12  0  20  5
  0  0 15  4   4   7   5  0  3  22  5
  0  0 17  0  13   4   0 14  6  18  6
  0  0 17  7   6   4   0  7 13  18  6
  0  0 17  9   9   7   7  3  0  32  7
  0  0 18  5   0  13   6  4  0  26  6
  0  0 19  8   8   0  14  5  0  30  7
  0  0 19  8   8   7   0 12  0  30  7
  0  0 21  5   5  11   7  3  0  32  7
  0  0 21  6   6   9   0 12  0  30  7
  0  0 21  6   6   9   6  0  6  30  7
  0  0 27  8   8   0  20  7  0  38  9
  0  0 31 12  12  11   8  0 12  46 11
  0  0 43 16  16  11   0 32  0  62 15
  0  1  0  1   3   1   1  1  1   3  1
  0  1  0  2   2   0   2  1  1   3  1
  0  1  0  2   2   1   0  2  1   3  1
  0  1  0  2   2   1   1  0  2   3  1
  0  1  0  2   2   1   1  1  0   4  1
  0  1  0  3   0   1   2  1  1   3  1
  0  1  0  3   0   2   0  2  1   3  1
  0  1  0  3   0   2   1  0  2   3  1
  0  1  0  3   0   2   1  1  0   4  1
  0  1  0  3   1   0   1  2  1   3  1
  0  1  0  3   1   0   2  0  2   3  1
  0  1  0  3   1   0   2  1  0   4  1
  0  1  0  3   1   1   0  1  2   3  1
  0  1  0  3   1   1   0  2  0   4  1
  0  1  0  3   1   1   1  0  1   4  1
  0  1  1  0   3   0   2  1  1   3  1
  0  1  1  0   3   1   0  2  1   3  1
  0  1  1  0   3   1   1  0  2   3  1
  0  1  1  0   3   1   1  1  0   4  1
  0  1  1  2   1   0   0  3  1   3  1
  0  1  1  2   1   1   0  0  3   3  1
  0  1  2  0   0   3   0  2  1   3  1
  0  1  2  0   0   3   1  0  2   3  1
  0  1  2  0   0   3   1  1  0   4  1
  0  1  2  0   1   0   3  1  1   3  1
  0  1  2  0   2   0   1  2  0   4  1
  0  1  2  0   2   0   2  0  1   4  1
  0  1  2  0   2   1   0  0  3   3  1
  0  1  2  1   0   0   2  2  1   3  1
  0  1  2  1   0   0   3  0  2   3  1
  0  1  2  1   0   0   3  1  0   4  1
  0  1  2  1   0   2   0  1  1   4  1
  0  1  2  1   1   0   1  1  1   4  1
  0  1  4  3   2   0   0  6  2   6  2
  0  2  0  0   2   1   2  1  1   3  1
  0  2  0  0   2   2   0  2  1   3  1
  0  2  0  0   2   2   1  0  2   3  1
  0  2  0  0   2   2   1  1  0   4  1
  0  2  0  0   3   0   1  2  1   3  1
  0  2  0  0   3   0   2  0  2   3  1
  0  2  0  0   3   0   2  1  0   4  1
  0  2  0  0   3   1   0  1  2   3  1
  0  2  0  0   3   1   0  2  0   4  1
  0  2  0  0   3   1   1  0  1   4  1
  0  2  0  1   1   0   3  1  1   3  1
  0  2  0  1   1   2   0  2  0   4  1
  0  2  0  1   1   2   1  0  1   4  1
  0  2  0  1   2   0   0  3  1   3  1
  0  2  0  1   2   1   0  1  1   4  1
  0  2  0  2   0   0   2  2  1   3  1
  0  2  0  2   0   0   3  0  2   3  1
  0  2  0  2   0   0   3  1  0   4  1
  0  2  0  2   0   1   1  2  0   4  1
  0  2  0  2   0   1   2  0  1   4  1
  0  2  0  2   0   2   0  0  3   3  1
  0  2  0  2   0   2   0  1  1   4  1
  0  2  0  2   1   0   1  1  1   4  1
  0  2  0  5   0   5   2  2  2   6  2
  0  2  0  6   1   0   5  2  2   6  2
  0  2  0  6   2   1   0  5  2   6  2
  0  2  0  6   2   2   1  0  5   6  2
  0  2  1  0   1   1   1  1  2   3  1
  0  2  1  0   1   1   1  2  0   4  1
  0  2  1  0   1   1   2  0  1   4  1
  0  2  1  0   1   2   0  0  3   3  1
  0  2  1  0   1   2   0  1  1   4  1
  0  2  1  0   2   0   1  1  1   4  1
  0  2  1  1   0   1   1  1  1   4  1
  0  2  3  3   1   1   0  6  2   6  2
  0  2  3  3   2   0   0  5  3   6  2
  0  2  3  3   2   0   0  6  1   7  2
  0  2  4  1   0   1   6  2  2   6  2
  0  3  0  1   6   0   4  2  2   6  2
  0  3  0  1   6   2   0  4  2   6  2
  0  3  0  1   6   2   2  0  4   6  2
  0  3  0  1   6   2   2  2  0   8  2
  0  3  0  3   0   6   2  2  2   6  2
  0  3  0  5   0   0   6  2  2   6  2
  0  3  0  5   0   3   0  5  2   6  2
  0  3  0  5   0   4   0  4  0   8  2
  0  3  0  5   0   4   2  0  2   8  2
  0  3  0  5   2   0   3  0  5   6  2
  0  3  0  5   2   0   4  0  2   8  2
  0  3  0  5   2   1   0  5  0   8  2
  0  3  0  5   2   2   1  0  3   8  2
  0  3  0 12   4   5   0  8  4  12  4
  0  3  0 12   5   0   8  3  5  12  4
  0  3  0 12   5   3   5  0  8  12  4
  0  3  0 12   5   4   0  7  5  12  4
  0  3  0 13   0   7   5  4  3  13  4
  0  3  0 13   0   8   3  5  3  13  4
  0  3  0 13   3   4   5  4  0  16  4
  0  3  0 13   3   5   0  8  3  13  4
  0  3  0 13   3   5   3  5  0  16  4
  0  3  0 13   4   0   8  3  4  13  4
  0  3  0 13   4   3   5  0  7  13  4
  0  3  0 13   4   3   5  3  1  16  4
  0  3  0 13   4   4   0  7  4  13  4
  0  3  0 13   4   4   3  4  1  16  4
  0  3  0 15   5   5   7  5  5  15  5
  0  3  0 15   5   7   3  7  5  15  5
  0  3  0 15   7   3   7  3  7  15  5
  0  3  0 15   7   5   3  5  7  15  5
  0  3  0 17   3   5   7  5  3  17  5
  0  3  0 17   3   7   3  7  3  17  5
  0  3  0 17   5   3   7  3  5  17  5
  0  3  0 17   5   5   3  5  5  17  5
  0  3  2  0   5   2   2  0  1   9  2
  0  3  2  1   0   6   0  4  2   6  2
  0  3  2  1   0   6   2  0  4   6  2
  0  3  2  1   0   6   2  2  0   8  2
  0  3  2  3   2   0   1  2  5   6  2
  0  3  2  3   2   0   3  0  3   8  2
  0  3  3  0   0   3   5  2  2   6  2
  0  3  3  0   0   5   1  4  2   6  2
  0  3  3  0   0   5   3  0  4   6  2
  0  3  3  0   0   5   3  2  0   8  2
  0  3  3  0   0   6   0  3  3   6  2
  0  3  3  0   0   6   0  4  1   7  2
  0  3  3  0   0   6   1  3  0   8  2
  0  3  3  0   0   6   2  0  3   7  2
  0  3  3  0   3   3   0  3  0   9  2
  0  3  3  0   4   0   2  1  5   6  2
  0  3  3  0   4   2   0  1  3   8  2
  0  3  3  1   3   0   3  0  3   8  2
  0  3  3  2   0   1   3  2  4   6  2
  0  3  3  2   0   1   3  4  0   8  2
  0  3  3  2   0   1   5  0  2   8  2
  0  4  0  0   5   0   5  2  2   6  2
  0  4  0  0   6   1   0  5  2   6  2
  0  4  0  3   3   0   1  3  4   6  2
  0  4  0  3   3   0   1  5  0   8  2
  0  4  0  4   0   4   1  0  3   8  2
  0  4  0  4   1   0   3  4  0   8  2
  0  4  0  4   1   0   4  0  5   6  2
  0  4  0  4   1   0   5  0  2   8  2
  0  4  0  4   1   3   0  1  3   8  2
  0  4  0  7   4   3   3  1  0  14  3
  0  4  0  8   3   0   1  8  3   9  3
  0  4  0  8   3   3   0  1  8   9  3
  0  4  0 15   0  10   6  5  5  15  5
  0  4  0 15   0  11   4  6  5  15  5
  0  4  0 15   5   0  11  5  5  15  5
  0  4  0 15   6   5   4  0 11  15  5
  0  4  0 16   4   0  11  5  4  16  5
  0  4  0 16   5   5   4  0 10  16  5
  0  4  1  0   3   4   0  4  0   8  2
  0  4  1  0   3   4   2  0  2   8  2
  0  4  1  0   4   0   5  0  4   6  2
  0  4  1  0   4   0   5  2  0   8  2
  0  4  1  0   5   0   0  6  2   6  2
  0  4  1  0   5   0   4  1  0   9  2
  0  4  1  0   5   1   3  0  1   9  2
  0  4  1  0   5   2   0  2  2   8  2
  0  4  1  1   3   1   0  6  2   6  2
  0  4  1  1   4   0   0  5  3   6  2
  0  4  1  1   4   0   0  6  1   7  2
  0  4  1  2   3   1   0  4  0   9  2
  0  4  1  3   0   1   3  4  0   8  2
  0  4  1  3   0   1   4  0  5   6  2
  0  4  1  3   0   1   5  0  2   8  2
  0  4  1  3   0   4   0  1  3   8  2
  0  4  1  3   1   0   3  1  5   6  2
  0  4  2  0   2   2   3  0  5   6  2
  0  4  2  0   2   2   4  1  0   9  2
  0  4  2  0   2   3   3  0  1   9  2
  0  4  2  0   2   4   1  0  3   8  2
  0  4  2  0   3   1   2  1  5   6  2
  0  4  2  0   3   1   4  0  1   9  2
  0  4  2  0   3   2   1  3  0   9  2
  0  4  2  0   3   3   0  1  3   8  2
  0  4  2  1   1   2   2  1  5   6  2
  0  4  2  1   1   4   0  1  3   8  2
  0  4  2  1   2   2   2  0  2   9  2
  0  4  3  4   4   3   0  4  0  14  3
  0  4  3  5   3   3   0  1  5  12  3
  0  4  4  4   3   0   1  4  7   9  3
  0  4  5  0   4   0   5  6  3   9  3
  0  4  5  0   4   0   8  0  6   9  3
  0  4  5  0   4   0   8  3  0  12  3
  0  4  5  0   4   5   3  0  1  14  3
  0  4  5  0   6   0   4  0  8   9  3
  0  4  5  0   6   3   1  0  5  12  3
  0  4  5  1   5   0   3  1  8   9  3
  0  4  5  1   5   3   0  1  5  12  3
  0  4  5  2   0   7   3  0  1  14  3
  0  4  5  2   2   5   0  4  0  14  3
  0  4  5  2   2   5   2  0  2  14  3
  0  4  5  3   1   0   5  3  6   9  3
  0  4  5  3   1   0   5  6  0  12  3
  0  4  5  3   1   0   8  0  3  12  3
  0  4  6  6   3   0   1 12  4  12  4
  0  5  0  5   0   8   0  6  3   9  3
  0  5  0  5   0   8   3  0  6   9  3
  0  5  0  5   0   8   3  3  0  12  3
  0  5  0  7   3   0   2  7  0  12  3
  0  5  0  7   3   3   0  2  4  12  3
  0  5  0 11   4   1   0 11  4  12  4
  0  5  0 11   4   4   1  0 11  12  4
  0  5  0 14   6   5   5  3  0  22  5
  0  5  1  0   4   8   3  3  3   9  3
  0  5  1  0   9   3   2  0  7   9  3
  0  5  1  0   9   3   3  2  0  13  3
  0  5  3  0   7   3   2  0  3  13  3
  0  5  4  0   1   8   0  6  0  12  3
  0  5  4  0   5   0   4  6  0  12  3
  0  5  4  0   6   0   5  0  4  12  3
  0  5  4  1   0   4   4  6  3   9  3
  0  5  4  1   0   4   7  0  6   9  3
  0  5  4  1   0   4   7  3  0  12  3
  0  5  4  1   0   8   1  0  8   9  3
  0  5  4  1   0   8   3  0  2  13  3
  0  5  4  1   4   0   5  0  8   9  3
  0  5  4  1   4   4   1  0  4  13  3
  0  5  4  2   4   0   3  2  4  12  3
  0  5  4  3   2   0   4  3  3  12  3
  0  5  4  7   4   0   5  0 11  12  4
  0  5  4  7   4   4   1  0  7  16  4
  0  5  7  0   5   7   4  1  0  19  4
  0  5  7  1   7   0   5  0 11  12  4
  0  5  7  1   7   4   1  0  7  16  4
  0  6  0  0   8   4   2  0  7   9  3
  0  6  0  0   9   2   4  2  0  13  3
  0  6  0  4   2   4   0  8  3   9  3
  0  6  0  4   5   1   0  5  6   9  3
  0  6  0  4   5   1   0  8  0  12  3
  0  6  0  5   1   5   0  7  0  12  3
  0  6  0  5   4   0   6  0  1  14  3
  0  6  0  6   1   5   1  0  5  12  3
  0  6  0  6   2   0   4  2  7   9  3
  0  6  1  0   5   1   8  3  3   9  3
  0  6  1  5   0   6   1  0  5  12  3
  0  6  1  5   1   0   5  6  0  12  3
  0  6  1  5   1   0   8  0  3  12  3
  0  6  1  5   1   5   0  1  5  12  3
  0  6  2  0   4   2   7  0  6   9  3
  0  6  2  0   4   2   7  3  0  12  3
  0  6  2  0   4   4   0  8  3   9  3
  0  6  2  0   6   0   2  8  3   9  3
  0  6  2  0   6   0   6  0  7   9  3
  0  6  2  0   7   0   6  0  2  13  3
  0  6  2  0   7   1   0  5  6   9  3
  0  6  2  0   7   1   0  8  0  12  3
  0  6  2  0   7   2   0  6  0  13  3
  0  6  2  2   2   2   2  8  3   9  3
  0  6  2  2   5   1   0  7  0  13  3
  0  6  2  3   3   0   7  0  1  14  3
  0  6  2  4   0   2   4  2  7   9  3
  0  6  3  0   3   4   5  1  0  14  3
  0  6  3  0   3   5   1  5  0  13  3
  0  6  3  0   3  12   4  4  4  12  4
  0  6  3  0   4   2   4  0  8   9  3
  0  6  3  0   4   2   6  1  0  14  3
  0  6  3  0   4   3   5  0  1  14  3
  0  6  3  0   4   5   1  0  5  12  3
  0  6  3  0   5   1   3  5  0  13  3
  0  6  3  1   2   3   4  0  8   9  3
  0  6  3  1   2   6   1  0  5  12  3
  0  6  3  1   3   2   3  1  8   9  3
  0  6  3  1   3   5   0  1  5  12  3
  0  6  3  2   1   3   6  0  1  14  3
  0  6  3  2   2   3   2  4  0  14  3
  0  6  3  2   2   3   4  0  2  14  3
  0  6  5  0   1  12   0  8  4  12  4
  0  6  5  0   1  12   4  0  8  12  4
  0  6  5  0   1  12   4  4  0  16  4
  0  6  5  5   0   1   5 10  4  12  4
  0  6  5  5   0   6   0  5  9  12  4
  0  6  5  5   4   2   0  5  5  16  4
  0  6  6  0   0  12   3  0  9  12  4
  0  6  6  0   0  12   4  3  0  17  4
  0  6  6  3   0   9   0  6  0  18  4
  0  6  6  3   0   9   3  0  3  18  4
  0  6  6  3   3   6   0  3  3  18  4
  0  6  7  7   5   0   1 14  0  20  5
  0  7  0  1   6  10   4  4  4  12  4
  0  7  0  1  12   4   3  0  9  12  4
  0  7  0  1  12   4   4  3  0  17  4
  0  7  0  7   0  10   4  3  0  17  4
  0  7  0  9   0   7   0  9  0  16  4
  0  7  0  9   4   0   3  4  9  12  4
  0  7  0  9   4   0   7  0  5  16  4
  0  7  2  5   0   2  12  4  4  12  4
  0  7  4  5   4   0   3  4  5  16  4
  0  7  5  0   2   5   5  8  4  12  4
  0  7  5  0   2   5   9  0  8  12  4
  0  7  5  0   2   5   9  4  0  16  4
  0  7  5  0   2  10   4  0  3  17  4
  0  7  5  0   7   0   9  0  3  17  4
  0  7  5  0  13   5   5  2  0  23  5
  0  7  5  8   5   2   0  5 13  15  5
  0  8  0  7   5   2   1  7  0  18  4
  0  8  0  7   5   3   0  5  3  17  4
  0  8  0  8   3   0   8  0  5  16  4
  0  8  0 11   0  11   5  3  0  22  5
  0  8  0 12   5   3   0  5 12  15  5
  0  8  1  0   8   0  11  4  4  12  4
  0  8  1  7   1   7   1  0  7  16  4
  0  8  2  2   7   0   1 12  4  12  4
  0  8  2  5   5   0   3  7  0  18  4
  0  8  2  5   5   2   1  5  2  18  4
  0  8  3  0   8   0   9  2  0  18  4
  0  8  3  0   9   0   2  6  8  12  4
  0  8  3  0   9   0   2 10  0  16  4
  0  8  3  0   9   2   0  9  0  17  4
  0  8  3  3   5   0   3  5  9  12  4
  0  8  3  3   5   3   0  8  0  18  4
  0  8  3  3   6   2   0  6  3  17  4
  0  8  3  4   4   0   8  0  3  18  4
  0  8  3  5   0   3   8  0  5  16  4
  0  8  3  5   3   0   5  3  5  16  4
  0  8  4  0   5   4   7  1  0  19  4
  0  8  4  0   7   1   7  0  4  17  4
  0  8  4  0   7   4   1  3  4  17  4
  0  8  4  1   4   3   5  0 11  12  4
  0  8  4  1   4   7   1  0  7  16  4
  0  8  4  3   3   4   2  3  3  18  4
  0  8  4  3   4   1   4  3  4  17  4
  0  8  5  0  12   5   0  8  0  22  5
  0  8  5  7   5   3   0  5  7  20  5
  0  8  7  0   1  14   5  3  0  22  5
  0  8  7  0   8   0  12  3  0  22  5
  0  8  7  1   0  14   0 10  0  20  5
  0  8  7 10  10   7   7  0  1  34  7
  0  8 10 10   0   8   0 20  7  21  7
  0  8 10 10   7   1   0 20  0  28  7
  0  8 13  4   4  13   7  0  1  34  7
  0  9  0  0  15   6   0  9  6  15  5
  0  9  0  0  16   5   0  9  5  16  5
  0  9  0 11   5   4   0  5  6  20  5
  0  9  0 34  12   9  13  9  0  46 11
  0  9  0 34  12  11   9 11  0  46 11
  0  9  5  0  11   5   0  4  5  21  5
  0  9  6  0   3  12   0  9  0  21  5
  0  9  6  0   9   0   6  3 12  15  5
  0  9  6  0   9   0   6  9  0  21  5
  0  9  6  0   9   6   0  3  6  21  5
  0  9  6  3   0   6   9  0 12  15  5
  0  9  6  3   0  12   3  0  6  21  5
  0  9  6  3   6   0   9  0  6  21  5
  0  9  7  7   7   2   0 14  0  26  6
  0  9 24  9   0   0  33 12 12  33 11
  0  9 24  9   0   0  35 10 10  35 11
  0 10  0  8   7   0  10  1  0  24  5
  0 10  0  8   7   1   9  0  1  24  5
  0 10  0  8   7   3   0 10  0  22  5
  0 10  0  9   1   8   7  0  3  22  5
  0 10  0  9   1   9   0 10  0  21  5
  0 10  0 16   9   7   7  0  3  32  7
  0 10  1  7   7   0  10  0  1  24  5
  0 10  2  0  13   2   8  2  0  23  5
  0 10  2  8   2   0  10  0 13  15  5
  0 10  3  3   9   0   1  9 10  15  5
  0 10  3  3   9   0   1 14  0  20  5
  0 10  3  5   7   3   0  7  3  22  5
  0 10  3  7   3   0  10  0  7  20  5
  0 10  4  0   6   4   4 12  5  15  5
  0 10  4  0  11   4   0  6  4  21  5
  0 10  4  4   2   8   0  4 13  15  5
  0 10  5  0   8   5   5  0  5  22  5
  0 10  5  3   2   5  10  1  0  24  5
  0 10  5  3   2   6   9  0  1  24  5
  0 10  5  3   3   4  10  0  1  24  5
  0 10  5  3   5   2   8  0  5  22  5
  0 10  5  3   5   5   2  3  5  22  5
  0 10  5  4   1   5   5  8  0  22  5
  0 10  5  4   1   5   9  0  4  22  5
  0 10  7  7   3   0   7  7 13  18  6
  0 10  7  7   6   0   4  7  7  24  6
  0 10  9  9   0  10   0 18  0  28  7
  0 10  9 13  13   9   9  1  0  44  9
  0 10 11 11   8   2   0 11 19  24  8
  0 10 14  5   0  19   8  2  0  38  8
  0 10 17  5   5  17   9  1  0  44  9
  0 10 17 17  10   0   0 33 12  33 11
  0 10 17 17  10   0   0 34 10  34 11
  0 11  0  0  18   6   0 13  6  18  6
  0 11  0  0  19   5   0 13  5  19  6
  0 11  0  0  19   6   5  0 12  19  6
  0 11  0 11   0   2  18  6  6  18  6
  0 11  0 11   0  11   0 15  6  18  6
  0 11  0 11   0  14   0 12  0  24  6
  0 11  7  4   0   7   7 12  0  24  6
  0 11  7  4   0  11   9  0  2  28  6
  0 11  8  8   8   0   3 16  0  30  7
  0 11  8  8   8   0  11  0  8  30  7
  0 11 10  1   0  20   7  4  0  31  7
  0 12  0 11   7   0   5 11  0  26  6
  0 12  0 11   7   4   1  7  4  26  6
  0 12  4  7   7   0   5  7  4  26  6
  0 12  5  0   7  10   0 14  0  24  6
  0 12  5  0  12   0   5 14  0  24  6
  0 12  5  0  12   0  13  0  4  26  6
  0 12  5  0  13   0   4 13  0  25  6
  0 12  5  5   2   5   5 14  0  24  6
  0 12  5  5   5   2   5  5 15  18  6
  0 12  5  5   8   0   4  8  5  25  6
  0 12  6  5   1  10   2  5  5  26  6
  0 12  6  5   5   2   6  5  5  26  6
  0 12  9  0  12   0  12  0 18  21  7
  0 12  9  0  12   9   3  0  9  30  7
  0 12  9  3   0  18   0  3 18  21  7
  0 12  9  3   0  18   0 12  0  30  7
  0 12  9  3   9   0   9  3 18  21  7
  0 12  9  3   9   9   0  3  9  30  7
  0 12  9  6   0  15   0  6  6  30  7
  0 12  9  9   9   9   3  0  9  36  8
  0 13  0 13   0  16   7  0  6  29  7
  0 13  4  9   9   4   0 13  0  32  7
  0 13  8  5   0   8  15  3  0  32  7
  0 13 13  0   0  27  10  0 18  27  9
  0 13 13  0   0  28   0 18  8  28  9
  0 13 13  0   0  28   8 10  0  36  9
  0 13 13  0   0  28   9  0 17  28  9
  0 14  0 11  10   1  13  1  0  34  7
  0 14  0 12   2  10  11  3  0  32  7
  0 14  0 17   0  17   8  0  6  34  8
  0 14  0 20  11   9   0 14  0  40  9
  0 14  1 10  10   0  14  1  0  34  7
  0 14  1 10  10   1  13  0  1  34  7
  0 14  4  4   6   8   0 20  7  21  7
  0 14  4  4  10   0   4 20  7  21  7
  0 14  4  4  13   1   0 13 14  21  7
  0 14  4  4  13   1   0 20  0  28  7
  0 14  5  5   4  10   0 18  0  28  7
  0 14  5  5   9   0   5 18  0  28  7
  0 14  5  5  11   0   3 16  0  30  7
  0 14  6  0  14   0   6  8 15  21  7
  0 14  6  0  15   5   0  9  6  29  7
  0 14  7  4   3   8  13  1  0  34  7
  0 14  7  4   4   6  14  1  0  34  7
  0 14  7  4   4   7  13  0  1  34  7
  0 14  7  5   2  10   4 10  0  32  7
  0 14  7  5   2  10   9  0  5  32  7
  0 14  7  5   5   4   7 10  0  32  7
  0 14  7  5   5   4  12  0  5  32  7
  0 14  9  9   0   5   9 18  0  32  8
  0 14  9  9   0  14   0  9  9  32  8
  0 14  9 11  11   9   0  5  9  40  9
  0 14 13  7   7   0  22  0  5  40  9
  0 15  0  0  24   9   6  0 18  24  8
  0 15  0 15   0  18   0 15  0  33  8
  0 15  9  0  15   0  15  0  9  33  8
  0 15  9  6   0   9   9  6 18  24  8
  0 15  9  6   0  15   3 12  0  36  8
  0 15  9  6   0  15   9  0  6  36  8
  0 15  9  6   0  18   0  6  9  33  8
  0 15  9  6   9   0   9  6  9  33  8
  0 15 15  0   0  33  11 14 11  33 11
  0 15 15  0   0  33  14  8 14  33 11
  0 15 15  0   0  36   8 14  8  36 11
  0 15 15  0   0  36  11  8 11  36 11
  0 16  0  0  29   0  17 10  7  29  9
  0 16  0  0  29   7  10 10  0  36  9
  0 16  0 15   1  14   1 15  0  34  8
  0 16  0 19  10   9   0  7  9  38  9
  0 16  5  8   8   0  19  2  0  38  8
  0 16  7  0  16   0  16  0  7  34  8
  0 16  7  8   8   0   8  8  7  34  8
  0 16 10 10   0   6  10 10 19  27  9
  0 16 11 14  14  11   5  0 11  50 11
  0 16 13 13  13  11   0  5 13  48 11
  0 16 14 14   2   0  14 28 11  33 11
  0 16 16  0   0  33   0 23 11  33 11
  0 16 16  0   0  34  11 10  0  45 11
  0 16 17  8   8   0  28  5  0  50 11
  0 17  0 17  11   6   0 17  0  40  9
  0 17  6 11  11   6   0 11  6  40  9
  0 18  0  0  30  12   9  0 21  30 10
  0 18  0  0  32  10   9  0 19  32 10
  0 18  0  0  33  11  13 13 11  33 11
  0 18  0  0  33  15   9  9 15  33 11
  0 18  0  0  37   7  13 13  7  37 11
  0 18  0  0  37  11   9  9 11  37 11
  0 18  0 21   0  21   0 18  0  42 10
  0 18  0 24  13  11   7  0 11  48 11
  0 18  1 13  13   1  17  1  0  44  9
  0 18  7  9   9   0   9 16  0  40  9
  0 18  8  8   2   8   8  8 21  27  9
  0 18  9  5   5   9  17  1  0  44  9
  0 18 12  9   9   0  12  9  9  42 10
  0 18 13 13   5   0  13 26  0  44 11
  0 18 15  9   9   0  15 18  0  48 11
  0 18 15  9   9   0  24  0  9  48 11
  0 19 11  8   0  11  21  0  6  44 10
  0 19 17 17  17  14   5  0 17  62 14
  0 20  0  0  33   0  23 12 11  33 11
  0 20  0  0  35  11  10 10  0  46 11
  0 20  4 13  13   4   3 17  0  46 10
  0 20  9  0  11  18   0 20  0  42 10
  0 20  9  0  20   0   9 20  0  42 10
  0 20  9  0  20   9   0 11  9  42 10
  0 20  9  9  11   0   9 11  9  42 10
  0 20 15 15  15   0   5 15 32  39 13
  0 21  0 21   0   0  33 12 12  33 11
  0 21  0 21   0   0  35 10 10  35 11
  0 22  5  5  22   0   0 33 12  33 11
  0 22  5  5  22   0   0 34 10  34 11
  0 22  9  0  22   9   0 22  0  48 11
  0 22  9  9   4  18   0 22  0  48 11
  0 22  9  9  13   0   9 22  0  48 11
  0 22  9  9  13   9   0 13  9  48 11
  0 22 11 11   0  11  11 30 12  36 12
  0 22 13 13   9   0  13 13 13  48 12
  0 22 22  0   0  44   0 32 15  45 15
  0 23  0 23   0  23   0 27  0  48 12
  0 24  0  0  24  28  14 14 13  39 13
  0 24  0  0  24  30  12 12 15  39 13
  0 24 11 11   2  22   0 11 13  50 12
  0 25  0 25   0  25  16  0  9  56 13
  0 25 20 20  20   5   0 20 43  51 17
  0 26 10 10  10  16   0 10 35  39 13
  0 26 13 13  13  13   0 26  0  64 14
  0 27 15 12   0  15  15 24  0  60 14
  0 27 15 12   0  15  27  0 12  60 14
  0 27 15 12   0  27   3 12 12  60 14
  0 27 16 16  16   0  11 16 16  62 15
  0 28 13 13   2  13  13 26  0  60 14
  0 29  0 29  17  12   0 17 12  64 15
  0 29 19 10   0  29  25  4  0  76 16
  0 30 13 13  13  17   0 13 17  64 15
  0 30 15 15   0  30   0 15 39  48 16
  0 30 15 15  15   0  15 15 39  48 16
  0 30 21 21  21  21   0  9 21  84 19
  0 32  0 32   0  32  23  9  0  76 17
  0 32 15 15   2  28   2 15 15  68 16
  0 32 15 15  15   2  15 15 15  68 16
  0 32 21 21  21  11   0 21 21  80 19
  0 34 15 15   4  26   4 30  0  76 17
  0 34 15 15  15   4  15 30  0  76 17
  0 34 15 15  15   4  30  0 15  76 17
  0 38 17 17  17  17   4 17 17  84 19
  0 39  0 39   0  39   0 39  0  84 20
  0 40 17 17  17  17   6 34  0  92 20
  0 40 17 17  17  17  23  0 17  92 20
  0 44 22 22   0  44   0 68 25  75 25
  0 46 23 23   0  23  23 54  0  96 24
  0 46 23 23   0  46   0 62  0 100 25
  0 60 30 30   0  30  30 30 69  93 31
  0 78 39 39   0  39  39 78  0 168 40
  0 78 39 39   0  78   0 39 39 168 40
  0 78 39 39   0  78   0 78  0 180 41
  0 78 39 39  39   0  39 39 39 168 40
  0 78 39 39  39   0  39 78  0 180 41
  0 78 39 39  39   0  78  0 39 180 41
  0 78 39 39  39  39   0 39 39 180 41
  1  0  1  0   1   3   1  1  1   3  1
  1  0  1  0   2   2   0  2  1   3  1
  1  0  1  0   2   2   1  0  2   3  1
  1  0  1  0   2   2   1  1  0   4  1
  1  0  1  0   3   0   1  2  1   3  1
  1  0  1  0   3   0   2  0  2   3  1
  1  0  1  0   3   0   2  1  0   4  1
  1  0  1  0   3   1   0  1  2   3  1
  1  0  1  0   3   1   0  2  0   4  1
  1  0  1  0   3   1   1  0  1   4  1
  1  0  1  1   0   2   2  1  1   3  1
  1  0  1  1   0   3   0  2  1   3  1
  1  0  1  1   0   3   1  0  2   3  1
  1  0  1  1   0   3   1  1  0   4  1
  1  0  1  1   1   0   3  1  1   3  1
  1  0  1  1   2   0   1  2  0   4  1
  1  0  1  1   2   0   2  0  1   4  1
  1  0  1  2   0   1   0  3  1   3  1
  1  0  1  2   0   1   1  2  0   4  1
  1  0  1  2   0   1   2  0  1   4  1
  1  0  1  2   0   2   0  1  1   4  1
  1  0  1  2   1   0   1  0  3   3  1
  1  0  1  2   1   0   1  1  1   4  1
  1  0  1  2   6   2   2  2  2   6  2
  1  0  1  4   4   0   4  2  2   6  2
  1  0  1  4   4   2   0  4  2   6  2
  1  0  1  4   4   2   2  0  4   6  2
  1  0  1  4   4   2   2  2  0   8  2
  1  0  1  5   0   5   2  2  2   6  2
  1  0  1  6   0   2   4  2  2   6  2
  1  0  1  6   0   4   0  4  2   6  2
  1  0  1  6   0   4   2  0  4   6  2
  1  0  1  6   0   4   2  2  0   8  2
  1  0  1  6   1   0   5  2  2   6  2
  1  0  1  6   2   0   2  4  2   6  2
  1  0  1  6   2   0   4  0  4   6  2
  1  0  1  6   2   0   4  2  0   8  2
  1  0  1  6   2   1   0  5  2   6  2
  1  0  1  6   2   2   0  2  4   6  2
  1  0  1  6   2   2   0  4  0   8  2
  1  0  1  6   2   2   1  0  5   6  2
  1  0  1  6   2   2   2  0  2   8  2
  1  0  2  0   1   0   2  2  1   3  1
  1  0  2  0   1   0   3  0  2   3  1
  1  0  2  0   1   0   3  1  0   4  1
  1  0  2  0   1   1   1  2  0   4  1
  1  0  2  0   1   1   2  0  1   4  1
  1  0  2  0   1   2   0  1  1   4  1
  1  0  2  0   2   0   1  0  3   3  1
  1  0  2  0   2   0   1  1  1   4  1
  1  0  2  1   0   1   1  1  1   4  1
  1  0  3  0   6   0   4  2  2   6  2
  1  0  3  0   6   2   0  4  2   6  2
  1  0  3  0   6   2   2  0  4   6  2
  1  0  3  0   6   2   2  2  0   8  2
  1  0  4  0   5   2   2  1  0   9  2
  1  0  4  3   0   4   0  1  5   6  2
  1  0  4  3   1   1   0  6  2   6  2
  1  0  4  3   2   2   0  1  3   8  2
  1  0  5  0   2   0   6  2  2   6  2
  1  0  5  0   3   3   2  0  1   9  2
  1  0  5  0   4   0   2  4  0   8  2
  1  0  5  0   4   0   4  0  2   8  2
  1  0  5  0   4   2   1  0  3   8  2
  1  0  5  1   0   1   6  2  2   6  2
  1  0  5  1   0   5   0  4  0   8  2
  1  0  5  1   0   5   1  0  5   6  2
  1  0  5  1   0   5   2  1  0   9  2
  1  0  5  1   3   2   0  1  3   8  2
  1  0  5  2   0   4   0  2  2   8  2
  1  0  5  2   1   0   3  2  4   6  2
  1  0  5  2   1   0   3  4  0   8  2
  1  0  5  2   1   0   5  0  2   8  2
  1  0  5  2   2   0   2  2  2   8  2
  1  0  6  4   4   3   3  0  1  14  3
  1  0  7  4   3   1   0  8  0  12  3
  1  0  8  0   1   8   0  6  3   9  3
  1  0  8  0   1   8   3  0  6   9  3
  1  0  8  0   1   8   3  3  0  12  3
  1  0  8  0   6   3   0  1  8   9  3
  1  0  8  2   2   5   3  0  1  14  3
  1  0  8  3   0   1   5  6  3   9  3
  1  0  8  3   0   1   8  0  6   9  3
  1  0  8  3   0   1   8  3  0  12  3
  1  0  8  7   4   4   0  1 11  12  4
  1  0 10  9   5   5   1  0 14  15  5
  1  0 11  0   8   4   1  0 11  12  4
  1  0 11  1   0  11   0  8  4  12  4
  1  0 11  1   0  11   4  0  8  12  4
  1  0 11  1   0  11   4  4  0  16  4
  1  0 11  1   7   4   0  1 11  12  4
  1  0 11  4   1   0   7  8  4  12  4
  1  0 11  4   1   0  11  0  8  12  4
  1  0 11  4   1   0  11  4  0  16  4
  1  0 14  1   9   5   1  0 14  15  5
  1  0 17 10   7   0   1 20  7  21  7
  1  0 22 13   9   1   0 26  9  27  9
  1  1  0  1   1   0   2  2  1   3  1
  1  1  0  1   1   0   3  0  2   3  1
  1  1  0  1   1   0   3  1  0   4  1
  1  1  0  1   1   1   0  3  1   3  1
  1  1  0  1   1   1   2  0  1   4  1
  1  1  0  1   1   2   0  1  1   4  1
  1  1  0  1   2   0   1  1  1   4  1
  1  1  0  2   0   1   1  0  3   3  1
  1  1  0  2   0   1   1  1  1   4  1
  1  1  0  2   5   3   2  2  2   6  2
  1  1  0  2   6   1   3  2  2   6  2
  1  1  0  2   6   2   1  3  2   6  2
  1  1  0  2   6   2   2  1  3   6  2
  1  1  0  2   6   2   2  2  1   7  2
  1  1  0  3   5   0   4  2  2   6  2
  1  1  0  3   5   2   0  4  2   6  2
  1  1  0  3   5   2   2  0  4   6  2
  1  1  0  3   5   2   2  2  0   8  2
  1  1  0  5   3   0   4  2  0   8  2
  1  1  0  5   3   1   0  5  2   6  2
  1  1  0  5   3   2   0  4  0   8  2
  1  1  0  5   3   2   2  1  0   9  2
  1  1  0  6   0   1   5  2  2   6  2
  1  1  0  6   0   3   3  0  4   6  2
  1  1  0  6   0   4   0  3  3   6  2
  1  1  0  6   0   4   2  0  3   7  2
  1  1  0  6   0   4   2  1  1   8  2
  1  1  0  6   1   0   4  3  2   6  2
  1  1  0  6   1   0   5  1  3   6  2
  1  1  0  6   1   3   1  0  5   6  2
  1  1  0  6   1   3   2  0  2   8  2
  1  1  0  6   2   0   1  5  2   6  2
  1  1  0  6   2   0   3  3  0   8  2
  1  1  0  6   2   1   0  4  3   6  2
  1  1  0  6   2   1   0  5  1   7  2
  1  1  0  6   2   2   0  1  5   6  2
  1  1  0  9   3   4   0  6  3   9  3
  1  1  0  9   4   0   6  2  4   9  3
  1  1  0  9   4   2   4  0  6   9  3
  1  1  0  9   4   3   0  5  4   9  3
  1  1  0 10   0   5   4  3  2  10  3
  1  1  0 10   0   6   2  4  2  10  3
  1  1  0 10   2   3   4  3  0  12  3
  1  1  0 10   2   4   0  6  2  10  3
  1  1  0 10   2   4   2  4  0  12  3
  1  1  0 10   3   0   6  2  3  10  3
  1  1  0 10   3   2   4  0  5  10  3
  1  1  0 10   3   2   4  2  1  12  3
  1  1  0 10   3   3   0  5  3  10  3
  1  1  0 10   3   3   2  3  1  12  3
  1  1  1  0   1   1   1  0  3   3  1
  1  1  3  3   0   2   0  6  2   6  2
  1  1  3  3   1   0   1  6  2   6  2
  1  1  4  0   1   1   6  2  2   6  2
  1  1  4  1   0   1   5  3  2   6  2
  1  1  4  1   0   1   6  1  3   6  2
  1  1  4  1   0   1   6  2  1   7  2
  1  2  0  5   2   0   1  5  0   8  2
  1  2  0  5   2   1   0  2  5   6  2
  1  2  0  5   2   2   0  1  3   8  2
  1  2  0  9   1   0   8  3  3   9  3
  1  2  0  9   3   1   0  8  3   9  3
  1  2  0  9   3   3   1  0  8   9  3
  1  2  1  0   2   6   2  2  2   6  2
  1  2  1  0   6   1   0  5  2   6  2
  1  2  1  0   6   2   1  0  5   6  2
  1  2  1  0   6   2   2  1  0   9  2
  1  2  2  0   1   6   0  4  2   6  2
  1  2  2  0   1   6   2  0  4   6  2
  1  2  2  0   1   6   2  2  0   8  2
  1  2  2  3   2   1   0  2  3   8  2
  1  2  3  0   1   5   2  0  1   9  2
  1  2  3  0   3   0   5  1  0   9  2
  1  2  3  2   1   0   3  2  2   8  2
  1  2  6  1   0   2   9  3  3   9  3
  1  3  0  1   3   0   6  2  2   6  2
  1  3  0  1   3   4   0  4  0   8  2
  1  3  0  1   3   4   1  0  5   6  2
  1  3  0  1   3   4   2  0  2   8  2
  1  3  0  1   4   3   0  1  5   6  2
  1  3  0  1   5   0   4  1  0   9  2
  1  3  0  1   5   1   0  3  4   6  2
  1  3  0  1   5   1   0  5  0   8  2
  1  3  0  1   5   1   3  0  1   9  2
  1  3  0  1   5   2   0  2  2   8  2
  1  3  0  3   3   1   0  4  0   9  2
  1  3  0  4   0   1   3  4  0   8  2
  1  3  0  4   0   1   5  0  2   8  2
  1  3  0  4   0   4   0  1  3   8  2
  1  3  0  4   1   0   3  1  5   6  2
  1  3  0  7   4   3   3  0  1  14  3
  1  3  1  0   3   1   5  0  4   6  2
  1  3  1  0   3   1   5  2  0   8  2
  1  3  1  0   3   3   3  1  0   9  2
  1  3  1  0   3   4   0  1  5   6  2
  1  3  1  0   4   1   0  6  2   6  2
  1  3  1  0   4   3   1  0  3   8  2
  1  3  1  0   5   0   1  3  4   6  2
  1  3  1  0   5   0   1  5  0   8  2
  1  3  1  0   5   0   4  0  1   9  2
  1  3  1  1   2   2   0  6  2   6  2
  1  3  1  1   3   0   1  6  2   6  2
  1  3  1  2   3   1   0  3  1   9  2
  1  3  1  3   0   1   3  1  5   6  2
  1  3  1  3   1   0   4  0  3   8  2
  1  3  2  0   2   2   4  0  1   9  2
  1  3  2  0   2   4   0  1  3   8  2
  1  3  3  0   8   3   3  1  0  14  3
  1  3  3  5   3   1   0  3  8   9  3
  1  3  5  0   6   3   0  1  5  12  3
  1  3  5  1   0   8   3  1  0  14  3
  1  3  5  3   0   1   5  3  6   9  3
  1  3  5  3   0   1   5  6  0  12  3
  1  3  5  3   0   1   8  0  3  12  3
  1  4  0  1   4   8   3  3  3   9  3
  1  4  0  1   9   3   2  0  7   9  3
  1  4  0  1   9   3   3  2  0  13  3
  1  4  0 11   4   0   1 11  4  12  4
  1  4  0 11   4   4   0  1 11  12  4
  1  4  4  0   1   4   4  6  3   9  3
  1  4  4  0   1   4   7  0  6   9  3
  1  4  4  0   1   4   7  3  0  12  3
  1  4  4  0   1   8   1  0  8   9  3
  1  4  4  0   1   8   3  0  2  13  3
  1  4  4  0   5   4   1  0  4  13  3
  1  4  4  1   0   7   4  1  0  14  3
  1  4  4  1   0   8   0  1  8   9  3
  1  4  4  1   0   8   0  5  0  13  3
  1  4  4  1   4   4   0  1  4  13  3
  1  4  4  7   4   4   0  1  7  16  4
  1  4  7  0   5   7   4  0  1  19  4
  1  4  7  0   8   4   1  0  7  16  4
  1  4  7  1   7   4   0  1  7  16  4
  1  4  7  4   1   0   7  4  8  12  4
  1  4  7  4   1   0   7  8  0  16  4
  1  4  7  4   1   0  11  0  4  16  4
  1  5  0  1   8   0   1  8  3   9  3
  1  5  0  4   5   0   1  5  6   9  3
  1  5  0  4   5   0   1  8  0  12  3
  1  5  0  5   1   4   5  1  0  14  3
  1  5  0  6   0   6   1  0  5  12  3
  1  5  0  6   1   0   5  6  0  12  3
  1  5  0  6   1   0   8  0  3  12  3
  1  5  0  6   1   5   0  1  5  12  3
  1  5  0 14   5   1   0 14  5  15  5
  1  5  0 14   5   5   1  0 14  15  5
  1  5  1  0   5   6   0  6  0  12  3
  1  5  1  0   5   6   3  0  3  12  3
  1  5  1  0   6   5   1  0  8   9  3
  1  5  1  0   8   1   5  1  0  14  3
  1  5  1  0   8   3   0  3  3  12  3
  1  5  1  5   0   1   5  6  0  12  3
  1  5  1  5   0   1   8  0  3  12  3
  1  5  1  5   0   6   0  1  5  12  3
  1  5  1  5   1   0   6  0  8   9  3
  1  5  2  0   7   0   1  5  6   9  3
  1  5  2  0   7   0   1  8  0  12  3
  1  5  2  2   5   0   1  7  0  13  3
  1  5  3  0   3   3   6  1  0  14  3
  1  5  3  0   3   4   5  0  1  14  3
  1  5  3  0   3   6   1  0  5  12  3
  1  5  3  0   4   2   6  0  1  14  3
  1  5  3  0   4   5   0  1  5  12  3
  1  5  3  1   2   6   0  1  5  12  3
  1  5  5  9   5   5   1  0  9  20  5
  1  5  7  7   5   1   0  7 12  15  5
  1  5  9  0   6   9   5  1  0  24  5
  1  5  9  1   9   5   1  0  9  20  5
  1  5  9  3   0  12   5  1  0  24  5
  1  7  0  1  11   1   0 11  4  12  4
  1  7  0  5   7   1   0  7  8  12  4
  1  7  0  5   7   1   0 11  0  16  4
  1  7  0  8   1   7   1  0  7  16  4
  1  7  1  0   7   1  11  4  4  12  4
  1  7  1  0  11   0   1 11  4  12  4
  1  7  1  7   0   8   1  0  7  16  4
  1  7  1  7   1   0   7  8  0  16  4
  1  7  1  7   1   0  11  0  4  16  4
  1  7  1  7   1   7   0  1  7  16  4
  1  7  4  0   4   5   7  1  0  19  4
  1  7  4  0   5   3   8  1  0  19  4
  1  7  4  0   5   4   7  0  1  19  4
  1  7  4  0   5   7   1  0  7  16  4
  1  7  4  1   3   8   1  0  7  16  4
  1  7  4  1   4   7   0  1  7  16  4
  1  7  7  0   1  14   0 10  0  20  5
  1  7 10 10   7   0   1 20  0  28  7
  1  8  6  3   0   9   8  1  0  24  5
  1  9  0  8   7   0  10  0  1  24  5
  1  9  1  0  10   0  14  5  5  15  5
  1  9  1  0  14   1   0 14  5  15  5
  1  9  1  9   1   9   1  0  9  20  5
  1  9  3  5   5   0  12  1  0  24  5
  1  9  5  0   6   5   9  1  0  24  5
  1  9  5  1   5   9   1  0  9  20  5
  1  9  5  3   2   5  10  0  1  24  5
  1  9  9  9   1   0   9 18  7  21  7
  1  9  9 13  13   9   9  0  1  44  9
  1  9 13 13   9   1   0 26  0  36  9
  1  9 17  5   5  17   9  0  1  44  9
  1 10 10  0   1  20   7  4  0  31  7
  1 10 10  1   0  20   0 14  0  28  7
  1 11 11 16  16  11  11  1  0  54 11
  1 11 21  6   6  21  11  1  0  54 11
  1 13  0 11  10   0  14  1  0  34  7
  1 13  0 11  10   1  13  0  1  34  7
  1 13  1 10  10   0  14  0  1  34  7
  1 13  4  4  13   0   1 13 14  21  7
  1 13  4  4  13   0   1 20  0  28  7
  1 13  7  4   3   7  14  1  0  34  7
  1 13  7  4   3   8  13  0  1  34  7
  1 13  7  4   4   6  14  0  1  34  7
  1 13 13  1   0  26   9  5  0  40  9
  1 17  0 14  13   1  17  1  0  44  9
  1 17  1 13  13   0  18  1  0  44  9
  1 17  1 13  13   1  17  0  1  44  9
  1 17  5  5  17   1   0 17 18  27  9
  1 17  5  5  17   1   0 26  0  36  9
  1 17  9  5   4  10  17  1  0  44  9
  1 17  9  5   5   8  18  1  0  44  9
  1 17  9  5   5   9  17  0  1  44  9
  1 21  1 16  16   1  21  1  0  54 11
  1 21 11  6   6  11  21  1  0  54 11
  2  0  2  0   5   0   5  2  2   6  2
  2  0  2  3   0   5   0  2  4   6  2
  2  0  2  3   0   5   0  4  0   8  2
  2  0  2  3   0   5   2  0  2   8  2
  2  0  2  3   2   0   2  5  2   6  2
  2  0  2  4   0   2   3  0  5   6  2
  2  0  2  4   0   3   0  5  0   8  2
  2  0  2  4   1   1   1  5  0   8  2
  2  0  2  4   1   2   0  2  5   6  2
  2  0  2  4   2   0   3  0  3   8  2
  2  0  2  4   2   1   1  1  3   8  2
  2  0  2  8   0   6   2  0  7   9  3
  2  0  2  8   2   0   7  0  6   9  3
  2  0  2  8   2   0   7  3  0  12  3
  2  0  2  8   3   2   0  7  0  12  3
  2  0  2  8   3   3   2  0  4  12  3
  2  0  2 15   0  10   6  5  5  15  5
  2  0  2 15   0  11   4  6  5  15  5
  2  0  2 15   5   0  11  5  5  15  5
  2  0  2 15   6   5   4  0 11  15  5
  2  0  2 16   4   0  11  5  4  16  5
  2  0  2 16   5   5   4  0 10  16  5
  2  0  3  0   3   0   6  2  2   6  2
  2  0  3  0   5   0   2  4  0   8  2
  2  0  3  0   5   0   4  0  2   8  2
  2  0  3  0   5   2   0  3  0   9  2
  2  0  3  0   5   2   1  1  1   9  2
  2  0  3  1   1   1   6  2  2   6  2
  2  0  3  2   0   2   5  0  4   6  2
  2  0  3  2   0   2   5  2  0   8  2
  2  0  3  2   1   2   0  6  2   6  2
  2  0  3  3   0   2   0  5  3   6  2
  2  0  3  3   0   2   0  6  1   7  2
  2  0  3  3   0   3   0  2  5   6  2
  2  0  3  3   0   3   2  0  3   8  2
  2  0  3  3   2   0   2  1  3   8  2
  2  0  4  0   2   3   1  1  5   6  2
  2  0  4  0   2   4   0  3  0   9  2
  2  0  4  0   2   4   1  1  1   9  2
  2  0  4  0   3   0   3  4  0   8  2
  2  0  4  0   3   0   5  0  2   8  2
  2  0  4  0   3   3   0  2  1   9  2
  2  0  4  0   4   0   3  0  3   8  2
  2  0  4  0   4   1   1  1  3   8  2
  2  0  4  1   1   1   3  4  0   8  2
  2  0  4  1   1   1   4  0  5   6  2
  2  0  4  1   1   1   5  0  2   8  2
  2  0  4  1   2   0   3  1  5   6  2
  2  0  4  1   2   0   4  2  0   9  2
  2  0  4  1   2   2   2  0  2   9  2
  2  0  4  1   3   0   2  1  3   8  2
  2  0  5  4   4   3   2  0  2  14  3
  2  0  6  0   7   0   6  2  0  13  3
  2  0  7  0   2   1   9  3  3   9  3
  2  0  7  0   2   7   0  6  0  12  3
  2  0  7  0   5   0   7  2  0  13  3
  2  0  7  0   6   3   0  2  4  12  3
  2  0  7  2   0   2   5  6  3   9  3
  2  0  7  2   0   2   8  0  6   9  3
  2  0  7  2   0   2   8  3  0  12  3
  2  0  7  2   0   7   2  2  0  14  3
  2  0  7  2   2   5   2  0  2  14  3
  2  0  7  3   0   2   4  3  6   9  3
  2  0  7  3   0   2   4  6  0  12  3
  2  0  7  3   0   2   7  0  3  12  3
  2  0  9  0   9   0   2 10  4  12  4
  2  0  9  5   4   0   2  5  9  12  4
  2  0 10  3   0   9   4  0  2  18  4
  2  0 10  8   0  10   2  0 13  15  5
  2  0 10  8   5   5   2  0  8  20  5
  2  0 13  0   7   8   5  2  0  23  5
  2  0 13  2   8   5   2  0  8  20  5
  2  1  1  1   1   4   4  2  2   6  2
  2  1  1  1   1   6   0  4  2   6  2
  2  1  1  1   1   6   2  0  4   6  2
  2  1  1  1   1   6   2  2  0   8  2
  2  1  1  1   3   0   6  2  2   6  2
  2  1  1  1   5   0   2  4  0   8  2
  2  1  1  1   5   0   3  0  5   6  2
  2  1  1  1   5   0   4  0  2   8  2
  2  1  1  1   5   1   1  1  5   6  2
  2  1  1  1   5   2   0  3  0   9  2
  2  1  1  1   5   2   1  1  1   9  2
  2  1  1  2   0   3   5  2  2   6  2
  2  1  1  2   0   5   3  0  4   6  2
  2  1  1  2   0   5   3  2  0   8  2
  2  1  1  2   0   6   0  3  3   6  2
  2  1  1  2   0   6   0  4  1   7  2
  2  1  1  2   0   6   1  1  4   6  2
  2  1  1  2   0   6   1  3  0   8  2
  2  1  1  2   0   6   2  0  3   7  2
  2  1  1  2   0   6   2  1  1   8  2
  2  1  1  4   0   2   1  5  0   8  2
  2  1  1  4   0   3   0  2  5   6  2
  2  1  1  4   2   0   2  1  3   8  2
  2  1  1 11   5   4   4  2  0  18  4
  2  1  2  0   2   1   6  2  2   6  2
  2  1  2  0   2   5   0  2  4   6  2
  2  1  2  0   2   5   0  4  0   8  2
  2  1  2  0   2   5   2  0  2   8  2
  2  1  2  0   3   0   5  3  2   6  2
  2  1  2  0   3   0   6  1  3   6  2
  2  1  2  0   3   0   6  2  1   7  2
  2  1  2  0   5   0   2  1  5   6  2
  2  1  2  0   5   0   3  2  0   9  2
  2  1  2  0   5   2   0  2  1   9  2
  2  1  2  2   0   3   0  6  2   6  2
  2  1  2  2   1   1   1  6  2   6  2
  2  1  2  3   1   2   0  2  3   8  2
  2  1  3  0   2   1   3  4  0   8  2
  2  1  3  0   2   1   5  0  2   8  2
  2  1  3  0   2   4   0  2  1   9  2
  2  1  3  0   3   0   4  2  0   9  2
  2  1  3  0   4   0   2  1  3   8  2
  2  1  3  1   1   1   3  1  5   6  2
  2  1  3  1   2   0   3  3  0   9  2
  2  2  0  2   2   3   0  5  0   8  2
  2  2  0  2   2   3   2  2  0   9  2
  2  2  0  2   3   0   4  0  5   6  2
  2  2  0  2   3   0   5  0  2   8  2
  2  2  0  2   3   2   0  2  5   6  2
  2  2  0  2   4   0   2  3  0   9  2
  2  2  0  2   4   0   3  1  1   9  2
  2  2  0  2   4   1   1  2  1   9  2
  2  2  0  2   5   7   3  3  3   9  3
  2  2  0  2   8   4   0  6  3   9  3
  2  2  0  2   8   4   3  0  6   9  3
  2  2  0  2   8   4   3  3  0  12  3
  2  2  0  2   9   0   5  4  3   9  3
  2  2  0  2   9   0   6  2  4   9  3
  2  2  0  2   9   0   6  3  2  10  3
  2  2  0  2   9   2   4  0  6   9  3
  2  2  0  2   9   2   4  3  0  12  3
  2  2  0  2   9   3   0  5  4   9  3
  2  2  0  2   9   3   0  6  2  10  3
  2  2  0  2   9   3   2  4  0  12  3
  2  2  0  2   9   3   3  0  5  10  3
  2  2  0  3   1   1   5  0  2   8  2
  2  2  0  3   1   3   0  2  5   6  2
  2  2  0  3   2   0   2  5  0   8  2
  2  2  0  3   2   2   0  4  0   9  2
  2  2  0  4   0   2   3  0  3   8  2
  2  2  0  4   0   3   1  1  3   8  2
  2  2  0  4   1   1   2  1  3   8  2
  2  2  0  8   0   2   7  0  6   9  3
  2  2  0  8   0   2   7  3  0  12  3
  2  2  0  8   0   4   0  8  3   9  3
  2  2  0  8   0   6   0  2  7   9  3
  2  2  0  8   2   0   2  8  3   9  3
  2  2  0  8   3   0   2  7  0  12  3
  2  2  0  8   3   0   4  0  8   9  3
  2  2  0  8   3   2   0  2  8   9  3
  2  2  0  8   3   3   0  2  4  12  3
  2  2  0  9   0  11   4  4  4  12  4
  2  2  0 11   0   9   4  0  8  12  4
  2  2  0 11   0   9   4  4  0  16  4
  2  2  0 11   4   5   4  2  0  18  4
  2  2  0 11   5   4   4  1  1  18  4
  2  2  0 12   0   7   0  9  4  12  4
  2  2  0 12   0   8   3  0  9  12  4
  2  2  0 12   3   0   9  0  8  12  4
  2  2  0 12   4   0   7  0  9  12  4
  2  2  0 12   4   3   0  9  0  16  4
  2  2  1  1   2   1   1  6  2   6  2
  2  2  1  1   2   1   5  0  2   8  2
  2  2  1  1   2   2   0  5  3   6  2
  2  2  1  1   2   2   0  6  1   7  2
  2  2  1  1   3   0   2  5  0   8  2
  2  2  1  1   4   0   2  2  1   9  2
  2  2  1  2   1   1   2  5  0   8  2
  2  2  1  2   2   0   2  2  5   6  2
  2  2  1  3   0   2   2  1  3   8  2
  2  2  2  0   2   2   2  3  0   9  2
  2  2  2  0   2   3   2  0  2   9  2
  2  2  2  0   3   1   3  0  2   9  2
  2  2  2  0   3   2   1  1  2   9  2
  2  2  2  1   1   2   3  0  2   9  2
  2  2  2  1   1   3   1  1  2   9  2
  2  2  2  1   2   1   2  1  2   9  2
  2  2  3  5   3   2   0  2  5  12  3
  2  2  4  4   2   0   2  4  7   9  3
  2  2  5  0   4   5   2  0  2  14  3
  2  2  5  2   0   2   7  0  7   9  3
  2  2  5  2   0   2   8  2  0  13  3
  2  2  5  2   0   7   0  4  0  14  3
  2  2  5  2   0   7   2  0  2  14  3
  2  2  5  2   2   5   0  2  2  14  3
  2  3  0  2   8   3   0  2  7   9  3
  2  3  0  2   8   3   3  0  2  13  3
  2  3  0  5   0   8   3  2  0  13  3
  2  3  0  7   3   2   0  3  4  12  3
  2  3  2  0   5   0   9  3  3   9  3
  2  3  2  0   8   3   2  0  3  13  3
  2  3  3  0   7   3   0  2  3  13  3
  2  3  4  3   0   2   4  3  3  12  3
  2  3  7  3   2   0  11  2  0  18  4
  2  4  0  2   4   6   0  2  7   9  3
  2  4  0  2   7   0   2  4  6   9  3
  2  4  0  2   7   0   2  7  0  12  3
  2  4  0  2   7   0   6  0  2  13  3
  2  4  0  2   7   2   0  6  0  13  3
  2  4  0  5   4   1   1  5  0  14  3
  2  4  0  9   0   9   4  2  0  18  4
  2  4  1  4   4   0   2  5  0  14  3
  2  4  1  4   4   1   1  4  1  14  3
  2  4  2  0   4   2   2  8  3   9  3
  2  4  2  0   4   2   7  2  0  13  3
  2  4  2  0   6   0   7  0  2  13  3
  2  4  2  0   6   2   0  4  7   9  3
  2  4  2  0   7   0   2  6  0  13  3
  2  4  2  0   7   2   0  4  2  13  3
  2  4  2  2   4   0   2  4  7   9  3
  2  4  2  3   3   0   6  0  2  14  3
  2  4  3  2   1   3   5  0  2  14  3
  2  4  5  5   4   0   2  5  5  16  4
  2  5  0  7   0   2  12  4  4  12  4
  2  5  0 13   5   2   0 13  0  20  5
  2  5  0 13   5   5   2  0  8  20  5
  2  5  5  0   2   9   5  0  2  18  4
  2  5  5  0  13   5   5  0  2  23  5
  2  5  5  2   0   5   5  8  0  16  4
  2  5  5  2   0   5   7  0 10  12  4
  2  5  5  2   0   5   9  2  0  18  4
  2  5  5  2   0  10   2  0  5  17  4
  2  5  5  8   5   0   2  5 13  15  5
  2  5  8  0   2  13   5  2  0  23  5
  2  5  8  2   0  13   5  0  2  23  5
  2  6  1  6   2   0  11  2  0  18  4
  2  6  3  0   8   0   9  0  2  18  4
  2  6  3  0   9   0   2  9  0  17  4
  2  6  3  3   6   0   2  6  3  17  4
  2  6  6  6   2   0   6  6 11  15  5
  2  7  7  7   7   0   2 14  0  26  6
  2  8  0  2  10   8   2  0 13  15  5
  2  8  0  2  13   2   8  2  0  23  5
  2  8  0 10   2   0  10  0 13  15  5
  2  8  2  0   8  10   2  0 13  15  5
  2  8  2  0  10   0  13  0 10  15  5
  2  8  2  0  10   0  13  5  0  20  5
  2  8  2  0  10   8   0  2 13  15  5
  2  8  2  0  13   0  10  2  0  23  5
  2  8  2  0  13   2   0  8 10  15  5
  2  8  2  0  13   2   0 13  0  20  5
  2  8  2  0  13   2   8  0  2  23  5
  2  8  2  8   0   2  10  0 13  15  5
  2  8  2  8   2   0   8  2 13  15  5
  2  8 11 11   8   0   2 11 19  24  8
  2  8 14  5   0  19   8  0  2  38  8
  2  9  7  4   0   7  13  2  0  28  6
  2 11 11  2   0  11  11 16  8  24  8
  2 11 11  2   0  11  19  0 16  24  8
  2 11 11  2   0  11  19  8  0  32  8
  2 11 11  2   0  22   8  0  5  35  8
  2 14  5  0  19   2   0 14 16  24  8
  2 14  5  0  19   2   0 22  0  32  8
  2 14  5  8   8   0  19  0  2  38  8
  2 14 14 14   0   2  14 28 11  33 11
  3  0  3  0   8   3   0  7  3   9  3
  3  0  3  0   9   2   3  0  7   9  3
  3  0  3  0   9   3   2  3  0  13  3
  3  0  3  2  12   0   8  4  4  12  4
  3  0  3  2  12   4   0  8  4  12  4
  3  0  3  2  12   4   4  0  8  12  4
  3  0  3  2  12   4   4  4  0  16  4
  3  0  3  4   0   3   8  3  3   9  3
  3  0  3  4   3   0   8  0  6   9  3
  3  0  3  4   3   0   8  3  0  12  3
  3  0  3  5   0   3   7  0  6   9  3
  3  0  3  5   0   3   7  3  0  12  3
  3  0  3  5   3   0   7  0  3  12  3
  3  0  3  5   4   3   0  3  1  14  3
  3  0  3  6   0   4   3  0  8   9  3
  3  0  3  6   0   5   0  3  7   9  3
  3  0  3  6   0   5   3  0  4  12  3
  3  0  3  6   0  12   4  4  4  12  4
  3  0  3  6   1   3   0  8  0  12  3
  3  0  3  6   3   1   3  0  5  12  3
  3  0  3 10   0   8   0  8  0  16  4
  3  0  3 10   0   8   4  0  4  16  4
  3  0  3 10   3   0   3 10  4  12  4
  3  0  3 10   4   0   8  0  4  16  4
  3  0  3 10   4   3   0  3 10  12  4
  3  0  3 14   0   3  12  5  5  15  5
  3  0  3 14   5   0   3 12  5  15  5
  3  0  3 14   5   5   0  3 12  15  5
  3  0  3 24   8  10   0 16  8  24  8
  3  0  3 24  10   0  16  6 10  24  8
  3  0  3 24  10   6  10  0 16  24  8
  3  0  3 24  10   8   0 14 10  24  8
  3  0  3 26   0  14  10  8  6  26  8
  3  0  3 26   0  16   6 10  6  26  8
  3  0  3 26   6   8  10  8  0  32  8
  3  0  3 26   6  10   0 16  6  26  8
  3  0  3 26   6  10   6 10  0  32  8
  3  0  3 26   8   0  16  6  8  26  8
  3  0  3 26   8   6  10  0 14  26  8
  3  0  3 26   8   6  10  6  2  32  8
  3  0  3 26   8   8   0 14  8  26  8
  3  0  3 26   8   8   6  8  2  32  8
  3  0  3 30  10  10  14 10 10  30 10
  3  0  3 30  10  14   6 14 10  30 10
  3  0  3 30  14   6  14  6 14  30 10
  3  0  3 30  14  10   6 10 14  30 10
  3  0  3 34   6  10  14 10  6  34 10
  3  0  3 34   6  14   6 14  6  34 10
  3  0  3 34  10   6  14  6 10  34 10
  3  0  3 34  10  10   6 10 10  34 10
  3  0  4  0   3   8   0  6  3   9  3
  3  0  4  0   3   8   3  0  6   9  3
  3  0  4  0   3   8   3  3  0  12  3
  3  0  4  3   0   8   0  3  6   9  3
  3  0  4  3   0   8   0  6  0  12  3
  3  0  4  3   0   8   3  0  3  12  3
  3  0  4  4   4   0   4  3  0  14  3
  3  0  4  5   0   3   4  0  8   9  3
  3  0  4  5   3   0   4  0  5  12  3
  3  0  4  5   3   1   2  1  5  12  3
  3  0  5  0   3   1   9  3  3   9  3
  3  0  5  0   3   7   0  3  6   9  3
  3  0  5  0   3   7   0  6  0  12  3
  3  0  5  0   3   7   3  0  3  12  3
  3  0  5  0   7   2   3  0  3  13  3
  3  0  5  0   7   3   0  3  2  13  3
  3  0  5  0  12   3   0  9  4  12  4
  3  0  5  0  12   4   3  0  9  12  4
  3  0  5  0  12   4   4  3  0  17  4
  3  0  5  2   3   0   3  8  3   9  3
  3  0  5  3   0   3   2  8  3   9  3
  3  0  5  3   0   5   3  0  8   9  3
  3  0  5  3   0   7   1  3  0  14  3
  3  0  5  4   0   3   1  8  0  12  3
  3  0  5  4   0   3   5  0  4  12  3
  3  0  5  4   0   4   0  4  7   9  3
  3  0  5  4   1   2   1  4  7   9  3
  3  0  6  0   3   4   3  0  8   9  3
  3  0  6  0   3   6   1  3  0  14  3
  3  0  6  0   4   5   0  4  0  14  3
  3  0  6  0   4   5   1  2  1  14  3
  3  0  6  0   6   1   3  0  5  12  3
  3  0  6  1   2   4   2  1  8   9  3
  3  0  6  1   3   0   5  6  0  12  3
  3  0  6  1   3   0   8  0  3  12  3
  3  0  6  1   5   0   4  0  5  12  3
  3  0  6  1   5   1   2  1  5  12  3
  3  0  6  2   1   2   4  2  7   9  3
  3  0  6  2   1   6   0  3  1  14  3
  3  0  6  2   2   4   2  1  2  14  3
  3  0  6  2   3   0   6  0  3  13  3
  3  0  7  6   0   4   0 12  4  12  4
  3  0  7  6   1   2   1 12  4  12  4
  3  0  7  6   4   3   0  3  6  16  4
  3  0  8  5   0   8   0  3  5  16  4
  3  0  8  5   3   0   3  5  9  12  4
  3  0  9  0   3   9   0  3  9  12  4
  3  0  9  0   3   9   4  0  3  17  4
  3  0  9  0   6   6   3  0  3  18  4
  3  0  9  3   0   3   9  0  9  12  4
  3  0  9  3   0   3  10  3  0  17  4
  3  0  9  3   0   9   0  6  0  18  4
  3  0  9  3   0   9   3  0  3  18  4
  3  0  9  3   3   0   9  3  0  18  4
  3  0  9  3   3   6   0  3  3  18  4
  3  0  9  4   3   0   5  4  4  16  4
  3  0 10  0  12   5   5  0  3  22  5
  3  0 10  7   0  10   3  0  7  20  5
  3  0 11  0  11   3   0 12  0  20  5
  3  0 11  6   5   3   0  6  6  20  5
  3  0 12  0   3  12   3  0 12  15  5
  3  0 12  0   3  12   5  3  0  22  5
  3  0 12  3   0  12   0  3 12  15  5
  3  0 12  3   0  12   5  0  3  22  5
  3  0 12  4   3   0  13  3  0  22  5
  3  0 16  9   7   0   3 18  0  28  7
  3  0 22 15  15  11  11  3  0  52 11
  3  0 30  7   7  19  11  3  0  52 11
  3  1  2  6   0   4   0  8  0  12  3
  3  1  2  6   1   2   1  8  0  12  3
  3  1  2  6   3   0   4  0  5  12  3
  3  1  2  6   3   1   2  1  5  12  3
  3  1  3  0   5   0   9  3  3   9  3
  3  1  3  0   8   0   3  6  0  12  3
  3  1  3  0   8   0   6  0  3  12  3
  3  1  3  0   8   1   3  0  8   9  3
  3  1  3  0   8   3   1  3  0  14  3
  3  1  3  5   1   3   0  3  8   9  3
  3  1  3  5   3   0   3  1  5  12  3
  3  1  4  3   0   7   0  4  0  14  3
  3  1  4  3   0   7   1  2  1  14  3
  3  1  4  4   0   3   1  4  7   9  3
  3  1  5  0   3   6   0  4  0  14  3
  3  1  5  0   3   6   1  2  1  14  3
  3  1  5  0   4   0   5  6  0  12  3
  3  1  5  0   4   0   8  0  3  12  3
  3  1  5  0   4   5   0  3  1  14  3
  3  1  5  0   6   0   4  0  5  12  3
  3  1  5  0   6   1   2  1  5  12  3
  3  1  5  1   2   1   5  6  0  12  3
  3  1  5  1   2   1   8  0  3  12  3
  3  1  5  1   3   0   6  0  8   9  3
  3  1  5  1   5   0   3  1  5  12  3
  3  1  6  6   0   3   1 12  4  12  4
  3  2  1  2   7   0   3  2  7   9  3
  3  2  1  2   7   2   3  0  3  13  3
  3  2  1  2   7   3   0  3  2  13  3
  3  2  1  2  12   3   0  9  4  12  4
  3  2  1  2  12   4   3  0  9  12  4
  3  2  1  2  12   4   4  3  0  17  4
  3  2  1  3   1   2   9  3  3   9  3
  3  2  1  5   4   2   1  2  2  14  3
  3  2  2  1   2   2   9  3  3   9  3
  3  2  2  1   2   8   0  3  6   9  3
  3  2  2  1   2   8   0  6  0  12  3
  3  2  2  1   2   8   2  3  0  13  3
  3  2  2  1   2   8   3  0  3  12  3
  3  2  2  2   1   2   8  4  3   9  3
  3  2  2  2   1   2   9  2  4   9  3
  3  2  2  2   1   2   9  3  2  10  3
  3  2  2  3   0   3   8  0  6   9  3
  3  2  2  3   0   3   8  3  0  12  3
  3  2  2  3   0   8   0  5  0  13  3
  3  2  2  3   0   8   2  1  2  13  3
  3  2  2  5   2   2   1  2  5  12  3
  3  2  3  0   3   2   8  0  6   9  3
  3  2  3  0   3   2   8  3  0  12  3
  3  2  3  0   3   7   0  5  0  13  3
  3  2  3  0   3   7   2  1  2  13  3
  3  2  3  0   5   0   3  8  3   9  3
  3  2  3  0   5   3   0  8  0  12  3
  3  2  3  0   7   0   5  0  3  13  3
  3  2  3  0   7   2   1  2  3  13  3
  3  2  3  3   3   2   3  0  3  14  3
  3  2  4  0   5   0   6  0  3  13  3
  3  2  4  2   1   2   5  3  0  14  3
  3  2  4  2   1   2   6  0  3  13  3
  3  2  4  2   1   5   1  2  2  14  3
  3  2  4  2   2   1   4  4  0  14  3
  3  2  4  2   3   0   4  2  3  13  3
  3  3  0  3   3   4   3  0  8   9  3
  3  3  0  3   3   5   0  3  7   9  3
  3  3  0  3   3  12   4  4  4  12  4
  3  3  0  3   4   0   3  8  3   9  3
  3  3  0  3   4   3   0  8  0  12  3
  3  3  0  3   5   0   3  7  0  12  3
  3  3  0  3   6   0   4  3  0  14  3
  3  3  0  3   6   1   2  4  0  14  3
  3  3  0  3   6   1   3  2  1  14  3
  3  3  0  3  11   0   8  0  8  12  4
  3  3  0  3  11   0   8  4  0  16  4
  3  3  0  3  11   4   0  8  0  16  4
  3  3  0  4   2   1   3  8  3   9  3
  3  3  0  4   2   4   0  8  0  12  3
  3  3  0  4   3   0   8  0  3  12  3
  3  3  0  4  15   0  10  5  5  15  5
  3  3  0  4  15   5   0 10  5  15  5
  3  3  0  4  15   5   5  0 10  15  5
  3  3  0  4  15   5   5  5  0  20  5
  3  3  0  5   1   2   3  7  0  12  3
  3  3  0  5   1   4   3  3  0  14  3
  3  3  0  5   3   0   5  3  0  14  3
  3  3  0  5   3   0   6  0  3  13  3
  3  3  0  5   3   2   1  5  0  14  3
  3  3  0  5   3   3   0  3  3  13  3
  3  3  0  5   4   0   3  3  1  14  3
  3  3  0  6   0   4   3  0  5  12  3
  3  3  0  6   0   9   7  4  4  12  4
  3  3  0  6   0  12   1  7  4  12  4
  3  3  0  6   0  12   4  1  7  12  4
  3  3  0  6   0  12   4  4  1  15  4
  3  3  0  6   1   2   4  0  5  12  3
  3  3  0  6   1   3   2  1  5  12  3
  3  3  0  7   3   0  12  4  4  12  4
  3  3  0  9   0   9   3  3  0  18  4
  3  3  0  9   0  15   5  5  5  15  5
  3  3  0 10   0   3   3 10  4  12  4
  3  3  0 10   4   0   3  3 10  12  4
  3  3  0 13   6   0  10  3  0  22  5
  3  3  0 14   0  10   0 10  0  20  5
  3  3  0 14   0  10   5  0  5  20  5
  3  3  0 14   3   3   0 14  5  15  5
  3  3  0 14   5   0  10  0  5  20  5
  3  3  0 14   5   3   3  0 14  15  5
  3  3  0 17   7   6   6  0  4  26  6
  3  3  0 18   5   3   0 16  6  18  6
  3  3  0 18   6   5   3  0 16  18  6
  3  3  0 21   8   0  14  0 14  21  7
  3  3  0 22   0  13   8  7  0  28  7
  3  3  0 22   0  14   0 14  6  22  7
  3  3  0 22   0  14   6  8  0  28  7
  3  3  0 22   6   8   0 14  0  28  7
  3  3  0 22   7   0  14  0 13  22  7
  3  3  0 22   7   0  14  6  1  28  7
  3  3  0 22   7   6   8  0  7  28  7
  3  3  0 22   7   7   0 13  1  28  7
  3  3  0 25   9   6  10  6  0  34  8
  3  3  0 25   9   8   6  8  0  34  8
  3  3  0 33  11  11  16 11 11  33 11
  3  3  0 33  11  16   6 16 11  33 11
  3  3  0 33  16   6  16  6 16  33 11
  3  3  0 33  16  11   6 11 16  33 11
  3  3  0 38   6  11  16 11  6  38 11
  3  3  0 38   6  16   6 16  6  38 11
  3  3  0 38  11   6  16  6 11  38 11
  3  3  0 38  11  11   6 11 11  38 11
  3  3  1  2   4   0   8  0  3  12  3
  3  3  1  2   6   0   3  4  0  14  3
  3  3  1  2   6   0   4  2  1  14  3
  3  3  1  2   6   1   2  3  1  14  3
  3  3  1  3   2   1   8  0  3  12  3
  3  3  1  3   3   0   6  0  8   9  3
  3  3  1  5   0   3   4  0  5  12  3
  3  3  1  5   0   4   2  1  5  12  3
  3  3  1  5   1   2   3  1  5  12  3
  3  3  2  1   4   1   2  8  0  12  3
  3  3  2  1   4   3   0  3  8   9  3
  3  3  2  1   5   0   5  3  0  14  3
  3  3  2  1   5   0   6  0  3  13  3
  3  3  2  2   2   2   2  8  0  12  3
  3  3  2  2   2   4   0  3  8   9  3
  3  3  2  3   1   2   3  2  8   9  3
  3  3  2  3   1   2   5  3  0  14  3
  3  3  2  3   2   3   3  0  3  14  3
  3  3  2  3   3   0   3  5  0  14  3
  3  3  2  3   3   0   5  1  2  14  3
  3  3  2  3   3   2   1  3  2  14  3
  3  3  3  0   3   3   4  3  0  14  3
  3  3  3  0   3   3   5  0  3  13  3
  3  3  3  0   3   4   2  4  0  14  3
  3  3  3  0   3   5   1  2  3  13  3
  3  3  3  0   3   9   7  4  4  12  4
  3  3  3  0   3  12   1  7  4  12  4
  3  3  3  0   3  12   4  1  7  12  4
  3  3  3  0   3  12   4  4  1  15  4
  3  3  3  0   4   2   3  4  0  14  3
  3  3  3  0   5   1   3  2  3  13  3
  3  3  3  1   3   3   3  0  3  14  3
  3  3  3  2   1   3   4  1  2  14  3
  3  3  3  2   1   4   2  2  2  14  3
  3  3  3  2   2   2   3  2  2  14  3
  3  3  3  3   0  12   3  0  9  12  4
  3  3  5  7   7   5   3  0  3  24  5
  3  3  6  0   3   9   3  0  3  18  4
  3  3  6  3   0   3   6  3  9  12  4
  3  3  6  3   0   3   9  3  0  18  4
  3  3  6  3   0   3  10  0  3  17  4
  3  3  6  3   0   9   0  3  3  18  4
  3  3  6  3   3   0   6  6  0  18  4
  3  3  6  3   3   0   9  0  3  18  4
  3  3  9  3   0  12   3  3  0  24  5
  3  3  9  3   3   9   3  0  3  24  5
  3  4  0  3  10   4   3  0  4  17  4
  3  4  0  7   0  10   4  0  3  17  4
  3  4  0 19   9   7   7  3  0  32  7
  3  4  3  0  10   4   0  3  4  17  4
  3  5  0  3   5   7   5  0  3  17  4
  3  5  0  3   5   8   3  0  5  16  4
  3  5  0  3   8   5   0  3  5  16  4
  3  5  0  8   3   0   5  3  5  16  4
  3  5  0 11   0  11   5  0  3  22  5
  3  5  0 12   5   0   3  5 12  15  5
  3  5  2  1   5   4   0 12  4  12  4
  3  5  3  0   5   8   0  3  5  16  4
  3  5  3  0   8   0   3  5  9  12  4
  3  5  3  0   8   3   0  8  0  18  4
  3  5  3  3   5   0   3  8  0  18  4
  3  5  3  3   5   3   0  5  3  18  4
  3  5  3  5   0   3   5  3  5  16  4
  3  5  5  7   5   0   3  5  7  20  5
  3  5  7  0   8   0  12  0  3  22  5
  3  6  6  0   3   6  11  3  0  22  5
  3  6  6  0   3  12   3  0  6  21  5
  3  6  6  3   0   6   6  3 12  15  5
  3  6  6  3   0   6  11  0  3  22  5
  3  6  6  3   0   9   6  3  0  24  5
  3  6  6  3   0  12   0  3  6  21  5
  3  7  0  3   7   8   7  3  0  22  5
  3  7  0  3  10   7   3  0  7  20  5
  3  7  0  8   7   3   0  7  3  22  5
  3  7  0  9   1   2  13  3  0  22  5
  3  7  0 10   3   0  10  0  7  20  5
  3  7  3  0   7   8   7  0  3  22  5
  3  7  3  0   7  10   3  0  7  20  5
  3  7  3  0  10   7   0  3  7  20  5
  3  7  3  7   0   3  10  0  7  20  5
  3  7  3  7   3   0   7  3  7  20  5
  3  7  5  3   3   5   7  0  3  24  5
  3  7  7  7   0   3   7  7 13  18  6
  3  8  3  8   8   3   0 11  0  28  6
  3  9  9  0   3  18   0  3 18  21  7
  3  9  9  0   3  18   0 12  0  30  7
  3  9  9  0  12   9   0  3  9  30  7
  3  9  9  9   9   9   0  3  9  36  8
  3 10  0 13   0  13  10  3  0  32  7
  3 10  8  5   0   8  15  0  3  32  7
  3 11  0 12   2  10  11  0  3  32  7
  3 11  0 26  15  11  11  3  0  52 11
  3 11  3  7  11   3   0 14  0  32  7
  3 13 13 13  13   3   0 26  0  48 11
  3 15 15  3   0  30   3  0 30  33 11
  3 15 15  3  15  15   3  0 15  48 11
  3 19  7  7  19   3   0 26  0  48 11
  4  0  4  7   0   9   2  4  0  18  4
  4  0  4  7   4   0   4  9  0  16  4
  4  0  4  8   3   4   0  4  5  16  4
  4  0  4 12   0   4  11  0 10  15  5
  4  0  4 12   0   4  11  5  0  20  5
  4  0  4 12   0  10   0  4 11  15  5
  4  0  4 12   5   0   4 11  0  20  5
  4  0  4 12   5   5   0  4  6  20  5
  4  0  5  4   0   4  11  4  4  12  4
  4  0  5  7   0   5   4  0 11  12  4
  4  0  5  7   4   1   4  0  7  16  4
  4  0  6  5   0   5   0 12  4  12  4
  4  0  6  5   1   3   1 12  4  12  4
  4  0  7  0   7   0   4 10  4  12  4
  4  0  7  0   7   4   0 10  0  16  4
  4  0  7  0   9   0   4  7  0  17  4
  4  0  7  4   0   4   7  0 10  12  4
  4  0  7  4   0   4   9  0  4  16  4
  4  0  7  5   0   4   2  5  9  12  4
  4  0  7  5   0   7   0  4  5  16  4
  4  0  7  5   2   4   0  5  5  16  4
  4  0  8  0   4   7   4  0  4  17  4
  4  0  8  0   5   7   1  4  0  19  4
  4  0  8  0   7   0   5  7  0  17  4
  4  0  8  1   3   5   4  0 11  12  4
  4  0  8  1   7   1   4  0  7  16  4
  4  0  8  3   1   3   7  4  0  18  4
  4  0  8  3   3   1   5  6  0  18  4
  4  0  9  0  12   5   4  0  4  22  5
  4  0 10  0  11   0  10  0  4  21  5
  4  0 11  0   9   0  11  0  4  21  5
  4  0 13  0  13   4   0 13  0  25  6
  4  0 14 10   4   0   4 20  7  21  7
  4  0 15  8   8   7   0  4  8  30  7
  4  0 23  0  23   4   0 26 10  30 10
  4  0 23 13  10   4   0 13 23  30 10
  4  0 26  7   0  23  10  4  0  46 10
  4  1  3  8   1   4   0 11  0  16  4
  4  1  3  8   4   1   4  0  7  16  4
  4  1  4  0   4  11   0  8  4  12  4
  4  1  4  0   4  11   4  0  8  12  4
  4  1  4  0   4  11   4  4  0  16  4
  4  1  4  7   4   0   5  0  7  16  4
  4  1  4  7   4   1   3  1  7  16  4
  4  1  5  5   0   4   1 12  4  12  4
  4  1  7  0   4   8   1  4  0  19  4
  4  1  7  0   5   7   0  5  0  19  4
  4  1  7  0   5   7   1  3  1  19  4
  4  1  7  0   8   1   4  0  7  16  4
  4  1  7  1   4   0   7  8  0  16  4
  4  1  7  1   4   0  11  0  4  16  4
  4  1  7  1   7   0   5  0  7  16  4
  4  1  7  1   7   1   3  1  7  16  4
  4  2  2  4   0  11   0  9  4  12  4
  4  2  2  7   0   9   0  6  0  18  4
  4  2  2  7   0   9   2  2  2  18  4
  4  2  5  5   0   6   0  5  5  16  4
  4  2  5  5   2   2   2  5  5  16  4
  4  3  1  3   3   2  12  4  4  12  4
  4  3  1  3   3  10   0  4  8  12  4
  4  3  1  3   3  10   0  8  0  16  4
  4  3  1  3   3  10   4  0  4  16  4
  4  3  1  3   9   3   3  1  3  18  4
  4  3  1  8   0   7   0  4  5  16  4
  4  3  3  1   3  10   0  7  0  17  4
  4  3  3  1   3  10   3  1  3  17  4
  4  3  3  1   5   4   0 12  4  12  4
  4  3  3  1   9   3   1  3  3  18  4
  4  3  3  3   1   6   0 12  4  12  4
  4  3  3  4   0   4   3 11  4  12  4
  4  3  3  4   0  10   0  4  3  17  4
  4  3  4  0   4   3   4 10  4  12  4
  4  3  4  0   4   7   0 10  0  16  4
  4  3  4  4   0   7   0  8  0  18  4
  4  3  5  0   7   0   7  0  5  17  4
  4  3  5  2   5   0   5  2  5  17  4
  4  3  5  3   1   3   7  1  3  18  4
  4  3  5  3   3   1   5  3  3  18  4
  4  4  0  4   4   7   0  8  0  17  4
  4  4  0  4   4   7   4  0  4  17  4
  4  4  0  4   5   4   4  0 11  12  4
  4  4  0  4   7   0   4  4  9  12  4
  4  4  0  4   8   1   4  4  0  19  4
  4  4  0  4  13   0  10  4  0  21  5
  4  4  0  4  13   4   0 11  0  20  5
  4  4  0  4  17   0  13  6  6  18  6
  4  4  0  4  18   5   0 13  6  18  6
  4  4  0  4  18   6   5  0 13  18  6
  4  4  0  4  18   6   6  5  0  25  6
  4  4  0  5   4   0   4 11  4  12  4
  4  4  0  5   4   4   0 11  0  16  4
  4  4  0  7   1   3   7  4  0  18  4
  4  4  0  7   1   6   1  7  0  18  4
  4  4  0  7   4   0   4  7  0  18  4
  4  4  0  7   4   0   7  1  3  18  4
  4  4  0  7   4   3   1  4  3  18  4
  4  4  0  8   0  14   4  0 11  15  5
  4  4  0  8   0  14   5  4  0  21  5
  4  4  0  8   1   4   4  0  7  16  4
  4  4  0 10  26   9  10  9  9  27  9
  4  4  0 10  26  10   8 10  9  27  9
  4  4  0 10  27   8  10  8 10  27  9
  4  4  0 10  27   9   8  9 10  27  9
  4  4  0 20   0  14   4  0 17  21  7
  4  4  0 20   4   0  17  0 14  21  7
  4  4  0 20   4   0  17  7  0  28  7
  4  4  0 20   7   4   0 17  0  28  7
  4  4  0 20   7   7   4  0 10  28  7
  4  4  0 27   0  19   0 18  9  27  9
  4  4  0 27  10   9   4  0 23  27  9
  4  4  0 28   0  17  10  0 17  28  9
  4  4  0 28   4   0  23  9  8  28  9
  4  4  0 28   8   0  19  9  0  36  9
  4  4  0 28   9   9   4  0 22  28  9
  4  4  0 28   9   9   8  0 10  36  9
  4  4  0 33   0  22  14 11 11  33 11
  4  4  0 33   0  25   8 14 11  33 11
  4  4  0 33  11   0  25 11 11  33 11
  4  4  0 33  14  11   8  0 25  33 11
  4  4  0 36   8   0  25 11  8  36 11
  4  4  0 36  11  11   8  0 22  36 11
  4  4  1  3   5   0   4 11  4  12  4
  4  4  1  3   8   0   5  4  0  19  4
  4  4  1  3   8   1   3  5  0  19  4
  4  4  1  3   8   1   4  3  1  19  4
  4  4  1  4   3   1   4 11  4  12  4
  4  4  1  4   4   0  11  0  4  16  4
  4  4  1  7   0   5   4  0  7  16  4
  4  4  1  7   1   3   5  0  7  16  4
  4  4  1  7   1   4   3  1  7  16  4
  4  4  3  1   4   3   3 10  0  16  4
  4  4  3  1   6   1   3  4 10  12  4
  4  4  3  1   7   0   4  7  0  18  4
  4  4  3  1   7   0   7  1  3  18  4
  4  4  3  3   3   2   3  3 11  12  4
  4  4  3  3   4   3   1  7  0  19  4
  4  4  3  4   1   3   4  7  0  18  4
  4  4  3  4   4   0   4  4  3  18  4
  4  4  4  0   4   5   4  4  0  19  4
  4  4  4  0   4  14   4  0 11  15  5
  4  4  4  0   4  14   5  4  0  21  5
  4  4  4  0   5   3   5  4  0  19  4
  4  4  4  0   5   4   3  5  0  19  4
  4  4  4  3   1   4   4  3  3  18  4
  4  4  4  4   0   4  14  6  5  15  5
  4  4  4  4   0   4  15  4  6  15  5
  4  4  4  4   0   4  15  5  4  16  5
  4  4 13  4   0   4  13 14  7  21  7
  4  4 13  4   0   4  20  0 14  21  7
  4  4 13  4   0   4  20  7  0  28  7
  4  5  0 11   5   0   4  5  6  20  5
  4  5  9  5   0   4  15  0  4  26  6
  4  6  0  4  11   4   0  6  4  21  5
  4  6  0  9   6   0   4  6  3  22  5
  4  6  4  0   6   4  11  0  4  21  5
  4  6  4  0   6   8   0  4 13  15  5
  4  6  4  0  11   0   4  6  4  21  5
  4  7  0  4  20   7   4  0 17  21  7
  4  7  0  4  20   7   7  4  0  31  7
  4  7  4  0  20   7   0  4 17  21  7
  4  7  4  0  20   7   7  0  4  31  7
  4  7  7  0   4   7   7 12  0  24  6
  4  7  7  0  17   7   4  0  7  31  7
  4  7  7  4   0   7  11  4  0  28  6
  4  7  7  4   0  11   3  8  0  28  6
  4  7  7  4   0  11   7  0  4  28  6
  4  9  0 13   9   4   0 13  0  32  7
  4  9  4  9   9   4   0  9  4  32  7
  4 10  4  0  10   8   0 20  7  21  7
  4 10  4  0  14   0   4 20  7  21  7
  4 10  4  0  14   0  14  0 17  21  7
  4 10  4  0  14   0  17  4  0  31  7
  4 10  4  0  17   4   0 14  0  31  7
  4 10 13 13  10   4   0 13 13  40 10
  4 13 13  0   4  23  13  4  0  46 10
  4 13 13  4   0  23  13  0  4  46 10
  4 16  7  0  20   0  23  4  0  46 10
  4 16  7  0  23   4   0 23  0  43 10
  4 16  7  7  16   4   0 16  7  43 10
  4 25 19 10   0  29  25  0  4  76 16
  5  0  5  2  18   5   0 13  6  18  6
  5  0  5  2  18   6   5  0 13  18  6
  5  0  5  2  18   6   6  5  0  25  6
  5  0  5  8   7   5   0  6  0  24  5
  5  0  5  8   7   5   1  4  1  24  5
  5  0  5  9   6   0   5  8  0  22  5
  5  0  5 14   0  12   5  0  7  24  6
  5  0  5 14   5   0  13  0  6  24  6
  5  0  5 17   0  15   7  5  0  30  7
  5  0  5 28  12  10  10  6  0  44 10
  5  0  6  7   7   5   0  5  1  24  5
  5  0  7  0  13   5   2  5  0  23  5
  5  0  7  8   2   5   0  5 13  15  5
  5  0  8  0  12   0   8  5  0  22  5
  5  0  8  7   0   6   0 14  0  20  5
  5  0  8  7   1   4   1 14  0  20  5
  5  0  8  7   3   5   0  5  7  20  5
  5  0  9  0   9   5   0  5 12  15  5
  5  0  9  0  11   0   9  0  5  21  5
  5  0  9  5   0   5   9  5  0  22  5
  5  0  9  5   0  11   0  5  3  22  5
  5  0  9  5   5   0   9  0  5  22  5
  5  0 10  0   8   0  10  5  0  22  5
  5  0 10  0   8   5   5  0  5  22  5
  5  0 10  0   9   0  10  0  5  21  5
  5  0 10  2   5   0  10  0 13  15  5
  5  0 10  3   2   8   5  0  5  22  5
  5  0 10  3   2  10   0  6  0  24  5
  5  0 10  3   2  10   1  4  1  24  5
  5  0 10  3   3   9   0  5  1  24  5
  5  0 10  3   5   0   7  8  0  22  5
  5  0 10  4   1   4  10  0  5  21  5
  5  0 10  4   1   9   1  4  4  22  5
  5  0 10  4   5   0   6  4  5  21  5
  5  0 10  9   0   5   1 18  6  18  6
  5  0 13  5   0   5   8 12  0  24  6
  5  0 13 14   8   5   0  5 22  24  8
  5  0 14  9   5   0   5 18  0  28  7
  5  0 15  0  15   5   0  5 18  21  7
  5  0 18 11  11   0  18  0  5  40  9
  5  0 22 14  14   0  22  5  0  50 11
  5  1  4  8   7   5   0  5  1  24  5
  5  1  5  0  19   5   0 13  5  19  6
  5  1  5  9   5   1   5  0  9  20  5
  5  1  7  7   0   5   1 14  0  20  5
  5  1  7  7   1   5   0  7 12  15  5
  5  1  9  0   6   9   1  5  0  24  5
  5  1  9  1   9   1   5  0  9  20  5
  5  1  9  3   2  10   0  5  1  24  5
  5  2  3  2  13   2   5  0 13  15  5
  5  2  3  2  13   5   2  5  0  23  5
  5  2  3 10   2   5   0  5 13  15  5
  5  2  5  0  13   0   7  0 13  15  5
  5  2  5  0  13   2   3  2 13  15  5
  5  2  5  0  13   5   0  7  0  23  5
  5  2  5  0  13   5   2  3  2  23  5
  5  2  5  8   0   7   0  5 13  15  5
  5  2  8  2   3   2  10  0 13  15  5
  5  2  8  2   5   0   8  2 13  15  5
  5  3  2  6   0  14   0  5 10  15  5
  5  3  2  6   0  14   0 10  0  20  5
  5  3  2  6   0  14   5  0  5  20  5
  5  3  2 10   3   2   3  3 14  15  5
  5  3  2 10   3   5   0  5  7  20  5
  5  3  3  4   1   4  15  5  5  15  5
  5  3  3  5   0  14   3  5  0  22  5
  5  3  3  7   7   3   3  2  3  24  5
  5  3  5  0  12   0   5  8  0  22  5
  5  3  5  3   5   0   5 14  5  15  5
  5  3  5  7   0   8   0  5  7  20  5
  5  3  7  0   8   0   7  1 14  15  5
  5  3  7  0   8   0   7  8  0  22  5
  5  3  7  3   3   7   3  2  3  24  5
  5  4  1  4  11   0   9  0  5  21  5
  5  4  1  8   0   5   4 13  5  15  5
  5  4  1  8   0  18   0 12  6  18  6
  5  4  1  8   0  18   6  0 12  18  6
  5  4  1  8   0  18   6  6  0  24  6
  5  4  1  9   5   0   9  0  5  22  5
  5  4  1 10   4   1   4  4  7  20  5
  5  4  4  4   1   4   4 14  5  15  5
  5  4  5  0   5   9   0  5 12  15  5
  5  4  5  0   5  11   0  5  4  21  5
  5  4  5  0   9   5   0  9  0  23  5
  5  4  5  0  11   0   5  4  5  21  5
  5  4  5  5   5   0   5  4  5  22  5
  5  5  0  5   5  16   0 12  6  18  6
  5  5  0  5   5  16   6  0 12  18  6
  5  5  0  5   5  16   6  6  0  24  6
  5  5  0  5   8   5   0 10  0  22  5
  5  5  0  5   8   5   5  0  5  22  5
  5  5  0  5   9   0  10  0  5  21  5
  5  5  0  5   9   5   0  5  5  21  5
  5  5  0  5  15   0  10  0 14  18  6
  5  5  0  5  15   5   0  5 14  18  6
  5  5  0  5  15   6   0 10  0  26  6
  5  5  0  5  15   6   5  0  5  26  6
  5  5  0  7   5   0  10  0 13  15  5
  5  5  0  7   5   5   0  5 13  15  5
  5  5  0  8   2   8   0 10  0  22  5
  5  5  0  8   5   0   5  5 12  15  5
  5  5  0  8   7   0   5  6  0  24  5
  5  5  0  8   7   0   6  4  1  24  5
  5  5  0  8   7   1   4  5  1  24  5
  5  5  0  9   1   9   0  5  5  21  5
  5  5  0  9   4   1   9  0  5  22  5
  5  5  0  9   4   5   1  4  5  22  5
  5  5  0 10   0   5  17  6  6  18  6
  5  5  0 10   0  16   5  5  0  26  6
  5  5  0 10   0  21   7  8  7  21  7
  5  5  0 10   0  21   8  6  8  21  7
  5  5  0 10   0  22   6  8  6  22  7
  5  5  0 10   0  22   7  6  7  22  7
  5  5  0 14   0   5  13  0  6  24  6
  5  5  0 14   0  10   0  5 15  18  6
  5  5  0 14   0  12   0  5  7  24  6
  5  5  0 14   5   0   5  5 15  18  6
  5  5  0 17   0  15   7  0  5  30  7
  5  5  0 17   5   0  17  5  0  30  7
  5  5  0 18   0  14   5  0  9  28  7
  5  5  0 18   5   0  16  0  7  28  7
  5  5  0 33   0  22  12  0 22  33 11
  5  5  0 33  12   5   0 27 12  33 11
  5  5  0 34   0  22  10  0 22  34 11
  5  5  0 34  11   5   0 27 11  34 11
  5  5  1  4  10   1   5  5  0  24  5
  5  5  1  5   5   0   5 14  5  15  5
  5  5  1  7   7   0   5  5  1  24  5
  5  5  1  9   1   5   5  0  9  20  5
  5  5  2  3   7   0  10  0 13  15  5
  5  5  2  5   5   0   5 13  0  20  5
  5  5  3  2   5   6   0 14  0  20  5
  5  5  3  2   8   0   5  5 12  15  5
  5  5  3  5   5   0   8  5  0  24  5
  5  5  3  5   5   3   2  8  0  24  5
  5  5  4  4   4   4   2  8  0  24  5
  5  5  4  4   5   4   1  5  4  23  5
  5  5  4  5   4   1   5  4  5  22  5
  5  5  5  0   5   5  17  6  6  18  6
  5  5  5  0   5  16   5  5  0  26  6
  5  5  5  0   5  21   7  8  7  21  7
  5  5  5  0   5  21   8  6  8  21  7
  5  5  5  0   5  22   6  8  6  22  7
  5  5  5  0   5  22   7  6  7  22  7
  5  5  5  0   6   5   5  5  0  24  5
  5  5  5  0   7   5   5  0  5  23  5
  5  5  5  2   3   7   5  0  5  23  5
  5  5  5  2   5   3   7  0  5  23  5
  5  5  5  2   5   5   3  2  5  23  5
  5  5  5  3   2   5   5  6  0  24  5
  5  5  5  3   3   5   5  2  3  24  5
  5  5  5  5   0  16   5  0  5  26  6
  5  5  5 13   5   5   0  5 20  21  7
  5  5  9 17   9   5   0  5 26  27  9
  5  5 11  5   0   5  11 14  0  28  7
  5  5 11 11   5   0   5 22  0  32  8
  5  5 15  5  15   5   0  5 26  27  9
  5  6  6  5   0   6  21  7  7  21  7
  5  7  5  0   7   5   5 14  0  24  6
  5  7  5  5   5   2  10  0  5  28  6
  5  7  7  0   5  18   7  0  5  30  7
  5  8  8  0   5  22   8  5  0  35  8
  5  8  8  5   0  22   8  0  5  35  8
  5  9  0 12   9   0   5 12  0  32  7
  5  9  0 12   9   3   2  9  3  32  7
  5  9  3  9   9   0   5  9  3  32  7
  5  9  5  0   9  10   0 18  0  28  7
  5  9  5  0  14   0   5 18  0  28  7
  5  9  5  5   5   9   0  5 20  21  7
  5  9  6  0  15   0   5  9  6  29  7
  5  9  9  5   0  26   9  5  0  40  9
  5 11  5  0  16   5   0 22  0  32  8
  5 11  5  5  11   0   5 22  0  32  8
  5 11  8  5   3  10  11  0  5  38  8
  5 11  8  5   5   6  13  0  5  38  8
  5 11 11 14  14  11   0  5 11  50 11
  5 11 17  8   8   0  28  0  5  50 11
  5 13  7  0  20   5   0 13  7  38  9
  5 13 13 13   0   5  13 26  0  44 11
  5 13 13 17  17  13   5  0 13  60 13
  5 13 21  9   9   0  34  5  0  60 13
  5 14 17 17  17  14   0  5 17  62 14
  5 17 17 17   5   0  17 34  0  56 14
  5 17 21 21  21  17   5  0 21  76 17
  5 20 20 20  20   0   5 20 43  51 17
  5 25 25 25  25   5   0 25 54  63 21
  6  0  6 11   0  13   0 10  0  26  6
  6  0  6 11   0  13   4  2  4  26  6
  6  0  7  0  22   6   0 15  6  22  7
  6  0  9  8   0   6   1 18  6  18  6
  6  0 11  5   6   0   6  5 15  18  6
  6  0 11  6   0   6   5 14  0  24  6
  6  0 11  6   5   6   0  6  6  26  6
  6  0 11  7   0  10   0  7  7  24  6
  6  0 11  7   4   2   4  7  7  24  6
  6  0 12  5   1   5   7 10  0  26  6
  6  0 15  0   6  15   6  0  6  30  7
  6  0 15  6   0   6   9  6 15  21  7
  6  0 15  6   0   6  16  0  6  29  7
  6  0 15  6   0  15   0  6  6  30  7
  6  0 17  0  17   0   6 18  0  32  8
  6  0 17  9   8   0   6  9  9  32  8
  6  1  5  1  22   6   0 15  6  22  7
  6  3  3  6   0  17   6  0 13  18  6
  6  3  3  6   0  18   5  6  0  25  6
  6  4  2 11   0  13   0  6  4  26  6
  6  4  7  7   0   6   4  7  7  24  6
  6  5  1  5   5  14   0 11  0  25  6
  6  5  1  5   5  14   5  1  5  25  6
  6  5  1  5  13   5   1  5  5  26  6
  6  5  1 10   0  14   0  6  5  25  6
  6  5  5  5   5   5   1  5 17  18  6
  6  5  5  6   0   6   5 15  0  24  6
  6  5  5  6   0   6  21  7  7  21  7
  6  5  5  6   0  10   1  5 16  18  6
  6  5  6  0   6   5  14  0  6  24  6
  6  5  6  0  11   0   6  5 15  18  6
  6  5  6  6   0  11   0  6  6  26  6
  6  5  7  0  11   0   7  4  7  25  6
  6  5  7  5   1   5   7  5  5  26  6
  6  6  0  6   6  18   6  0 15  21  7
  6  6  0  6   6  18   7  6  0  29  7
  6  6  0 12   0  18   0  6 15  21  7
  6  6  0 12   0  18   7  0  6  29  7
  6  6  0 13  40  13  12 13 13  40 13
  6  6  0 35   0  25  12 10  0  50 12
  6  6  0 39   0  27  12  0 27  39 13
  6  6  0 39   6   0  34 13 13  39 13
  6  6  5  1  10   1   5 11  0  27  6
  6  6  5  5   5   2   9  1  5  28  6
  6  6  6  0   6  18   0  6 15  21  7
  6  6  6  0   6  18   7  0  6  29  7
  6  6  6  6   0   6  19  6  0  29  7
  6  7  0  6  16   7   0  6  7  29  7
  6  9  9  0   6   9  17  0  6  34  8
  6  9  9  0   6  18   0  6  9  33  8
  6  9  9  6   0   9   9 12  0  36  8
  6  9  9  6   0   9  15  0  6  36  8
  6  9  9  6   0  15   3  6  6  36  8
  6 10  0 15   1   5  19  0  6  34  8
  6 11  0 17  11   6   0 11  6  40  9
  7  0  7  1  25   7   0 17  7  25  8
  7  0  7 11  10   7   1  7  0  34  7
  7  0  7 12   9   0  10  7  0  32  7
  7  0  7 13   8   0  12  0  7  30  7
  7  0  7 18   7   0   7 18  0  32  8
  7  0  7 18   8   7   0  7 10  32  8
  7  0  7 20  11   9   7  0  7  40  9
  7  0  7 28  13  11  11  0  7  48 11
  7  0  7 35  16  13  13  7  0  58 13
  7  0  8 10  10   7   0  8  0  34  7
  7  0  8 10  10   7   1  6  1  34  7
  7  0 10  9   9   0   7 10  0  32  7
  7  0 11  7   0  11   0 20  7  21  7
  7  0 11 10   1   7   0 20  0  28  7
  7  0 12  0   7  12   0 18  7  21  7
  7  0 12  7   0  12   0 18  0  28  7
  7  0 12  7   0  16   0 10  0  32  7
  7  0 12  7   0  16   3  4  3  32  7
  7  0 13  0   7  13   0 16  0  28  7
  7  0 13  0  13   7   0 13  0  31  7
  7  0 14  4   3  14   1  7  0  34  7
  7  0 14  4   4  13   0  8  0  34  7
  7  0 14  4   4  13   1  6  1  34  7
  7  0 14  5   2  12   5  2  5  32  7
  7  0 14  5   5   9   2  5  5  32  7
  7  0 14  6   1   6  13  1  6  30  7
  7  0 14  6   6   1   8  6  6  30  7
  7  0 16  9   7   0   7  9  9  32  8
  7  0 26  9   9   0  26  0  7  48 11
  7  0 32 10  10   0  32  7  0  58 13
  7  1  6 11  10   7   0  8  0  34  7
  7  1  6 11  10   7   1  6  1  34  7
  7  1  7 10  10   7   0  7  1  34  7
  7  1 10 10   0   8   0 20  0  28  7
  7  1 10 10   1   6   1 20  0  28  7
  7  1 13  4   3  14   0  8  0  34  7
  7  1 13  4   3  14   1  6  1  34  7
  7  1 13  4   4  13   0  7  1  34  7
  7  3  9  7   0  16   0  7  3  32  7
  7  3 11  3   7   0  14  7  0  32  7
  7  4  3  8   0   7  20  7  7  21  7
  7  4  3 14   4   4   3  4 20  21  7
  7  4  4  7   0  20   0  7 14  21  7
  7  4  4  7   0  20   0 14  0  28  7
  7  4  4  7   0  20   7  0  7  28  7
  7  4  4 13   4   3   4  4 20  21  7
  7  4  7  0   7  17   4  7  0  31  7
  7  4  7  0  11   0  20  0 14  21  7
  7  4  7  0  11   0  20  7  0  28  7
  7  4  7  0  17   4   7  0  7  31  7
  7  4  7  7   0   7   4 20  7  21  7
  7  4 10  0  11   0  11  0 20  21  7
  7  4 10  1  10   0  10  1 20  21  7
  7  4 10  4   7   0  14  0  7  31  7
  7  5  2  5   5  18   5  7  0  30  7
  7  5  2 10   0   7  18  0 14  21  7
  7  5  2 10   0   7  18  7  0  28  7
  7  5  2 10   0  18   0 12  0  30  7
  7  5  2 10   0  18   5  2  5  30  7
  7  5  2 14   5   5   2  5 11  28  7
  7  5  5 11   5   2   5  5 11  28  7
  7  5  7  0  12   0  18  0  7  28  7
  7  5  7  5   7   0  12  0 20  21  7
  7  5  7  7   0   7   5 18  0  28  7
  7  5  9  5   2   5   9 10  0  32  7
  7  6  1 12   0   7  16  0  7  28  7
  7  6  1 12   0  13   0  7 17  21  7
  7  6  6  1   6  12   0 18  0  28  7
  7  6  6  1   6  16   0  7  6  29  7
  7  6  6  6   1   6  12  0 19  21  7
  7  6  6  7   0   7  12  7  0  32  7
  7  6  6  7   0  13   0 13  0  32  7
  7  6  6  7   0  13   6  1  6  32  7
  7  6  7  0   7  13   0 13  0  31  7
  7  6  7  0  13   7   0  7  6  31  7
  7  7  0  7  11   0  24  8  8  24  8
  7  7  0  7  19   7   0 14  0  35  8
  7  7  0  7  19   7   7  0  7  35  8
  7  7  0  7  24   0   7 20  9  27  9
  7  7  0  7  24   9   0  7 20  27  9
  7  7  0  7  24   9   9  0  7  38  9
  7  7  0  7  29   7   0 23 10  30 10
  7  7  0  7  29  10   7  0 23  30 10
  7  7  0  7  29  10  10  7  0  43 10
  7  7  0 11   3   4  24  8  8  24  8
  7  7  0 11  10   0   8  7  0  34  7
  7  7  0 11  10   1   6  8  0  34  7
  7  7  0 11  10   1   7  6  1  34  7
  7  7  0 12  44  12  15 15 12  44 14
  7  7  0 13   1   6   7 13  0  30  7
  7  7  0 13   7   0   7  7  6  30  7
  7  7  0 18   0   7   7 18  0  32  8
  7  7  0 18   8   0   7  7 10  32  8
  7  7  0 20  11   9   0  7  7  40  9
  7  7  0 22   0  14   0 22  0  36  9
  7  7  0 22   7   0   7 22  0  36  9
  7  7  0 22   9   0  14  0 13  36  9
  7  7  0 22   9   7   0  7 13  36  9
  7  7  0 23  13  10   0 14  0  46 10
  7  7  0 23  13  10   7  0  7  46 10
  7  7  0 26   7   7   0 26  0  40 10
  7  7  0 26  10   7   7  0 16  40 10
  7  7  0 26  15  11   7  7  0  52 11
  7  7  0 35  16  13  13  0  7  58 13
  7  7  0 45  15   7   0 39 15  45 15
  7  7  0 46  14   7   0 39 14  46 15
  7  7  1 10  10   0   7  8  0  34  7
  7  7  1 10  10   0   8  6  1  34  7
  7  7  1 10  10   1   6  7  1  34  7
  7  7  4  3   8   7   0 20  0  28  7
  7  7  4  4   6   8   0 20  0  28  7
  7  7  4  7   3   4  11  0 20  21  7
  7  7  4  7   7   0  14  0  7  31  7
  7  7  5  2   7  10   0  7 18  21  7
  7  7  5  5   5   7   2  5 20  21  7
  7  7  6  1  13   0   7  7  6  30  7
  7  7  6  6   2   6   6 12  0  32  7
  7  7  6  6   2  11   1  6  7  31  7
  7  7  7  0  19   7   0  7  7  35  8
  7  7  7  4   3   7   8  7  0  34  7
  7  7  7  4   3   8   6  8  0  34  7
  7  7  7  4   4   6   7  8  0  34  7
  7  7 11 11   7   0   7 11 11  36  9
  7  8  0  7   8  18   8  0  7  33  8
  7  9  0  7   9  22   9  7  0  38  9
  7  9  7  0   9  22   9  0  7  38  9
  7 10  7  0  10  26  10  7  0  43 10
  7 11  0 24  13  11   0  7 11  48 11
  7 11  7  0  18   0  18  0  7  40  9
  7 13  0 29  16  13   7  0 13  58 13
  7 13  7  0  20   0  20  7  0  46 10
  7 15  0 20   7   0  28  0  7  48 11
  7 15  3 15  15   3   4 18  0  52 11
  7 15  5 15   2   5  28  0  7  48 11
  7 19  0 23   7   0  35  7  0  58 13
  7 19  4 19   3   4  35  7  0  58 13
  8  0  8  0  29   0  17 10  7  29  9
  8  0  8  0  29   7  10 10  0  36  9
  8  0  8 15   8   0   8 15  0  34  8
  8  0 13  0  13   8   0 22  8  24  8
  8  0 13 11   2   8   0 11 19  24  8
  8  0 14  9   9   0   8  5  9  34  8
  8  0 15  0  15   0   8 18  0  32  8
  8  0 15  8   0   8   7  8 18  24  8
  8  0 21  0  21   0   8 21  0  41 10
  8  0 26 13  13   8   0 13 13  50 12
  8  0 37 20  20  17   8  0 20  74 17
  8  2 11 11   0  10   0 11 19  24  8
  8  2 11 11   2   6   2 11 19  24  8
  8  5  3 10   0  22   5  8  0  35  8
  8  5  3 13  11   5   5  3  5  38  8
  8  5  5 11  11   5   3  5  5  38  8
  8  5  8  0   8  13   0 22  8  24  8
  8  5  8  8   0  13   0 22  0  32  8
  8  5 11  5   3  13   5  3  5  38  8
  8  5 11  5   5  11   3  5  5  38  8
  8  7  5  3   7  10   0 24  8  24  8
  8  7  7  7   7   7   7  1  7  38  8
  8  7  7  8   0   8   7  7 20  24  8
  8  7  8  0   8   7   8 18  0  32  8
  8  7  8  0  15   0  15  0  8  35  8
  8  7  8  0  15   7   1  7  8  35  8
  8  7  8  7   8   0   8  7  8  35  8
  8  8  0  8  21   0   8 19  0  36  9
  8  8  0  8  21   0  18  0  8  37  9
  8  8  0 15   1   7  15  0  8  34  8
  8  8  0 15   1  14   1  7  8  34  8
  8  8  0 16   0   8  23  0 18  27  9
  8  8  0 16   0   8  23  9  0  36  9
  8  8  5  5   8   3   5 22  0  32  8
  8  8  5  8   5   3   8  5 22  24  8
  8  8  7  7   2  12   2  7  7  36  8
  8  8  7  7   7   2   7  7  7  36  8
  8  8  7  8   1   7   8  7  8  34  8
  8  8  8  0   8   8  23  0 18  27  9
  8  8  8  0   8   8  23  9  0  36  9
  8  8  8  5   3  10   8  3  5  38  8
  8  8  8  5   5   6  10  3  5  38  8
  8  8  8  5   5   8   6  5  5  38  8
  8  8 11  0  28  11   8  0  8  50 11
  8 11 23 11   0   8  37  8  0  62 14
  8 11 23 11   8   0  37  0  8  62 14
  8 14  8  8   6  16   0  8 31  33 11
  8 15  0 23   0   8  30  8  0  52 12
  8 15  8 15   0   8  30  0  8  52 12
  8 20  5 20   8   0  37  0  8  62 14
  9  0  9  0  30  12   0 18 12  30 10
  9  0  9  0  30  12   9  0 21  30 10
  9  0  9  0  32  10   0 18 10  32 10
  9  0  9  0  32  10   9  0 19  32 10
  9  0  9  0  33  11  13 13 11  33 11
  9  0  9  0  33  15   9  9 15  33 11
  9  0  9  0  37   7  13 13  7  37 11
  9  0  9  0  37  11   9  9 11  37 11
  9  0  9 16   9   0  16  9  0  40  9
  9  0  9 16  11   5   9  0  9  40  9
  9  0  9 17   0   9  17  9  0  38  9
  9  0  9 17   9   0  17  0  9  38  9
  9  0  9 21   0  21   9  0  9  42 10
  9  0  9 25  12   0  22  0  9  46 11
  9  0  9 32  15   0  26  9  0  56 13
  9  0  9 68  24  18  26 18  0  92 22
  9  0  9 68  24  22  18 22  0  92 22
  9  0 10 13  13   9   1  9  0  44  9
  9  0 14 11  11   0  14  0  9  40  9
  9  0 16  7   9   0   9 22  0  36  9
  9  0 16  9   0  16   0  9 22  27  9
  9  0 16  9   9   0   9 16  0  40  9
  9  0 17  0   9  17   0  9 20  27  9
  9  0 17  9   9   0   9  8  9  38  9
  9  0 18  5   5  17   1  9  0  44  9
  9  0 18  7   7   2  16  2  7  40  9
  9  0 21  9   0   9  12 18  0  42 10
  9  0 21  9   0   9  21  0  9  42 10
  9  0 21  9   9   0  12  9  9  42 10
  9  0 24  0   9   0  33 12 12  33 11
  9  0 24  0   9   0  35 10 10  35 11
  9  0 24  9   0   9  24  9  0  48 11
  9  0 24  9   9   0  15 18  0  48 11
  9  0 24  9   9   0  24  0  9  48 11
  9  0 24 10   0   9  25  0  9  46 11
  9  0 30 11   0   9  32  9  0  56 13
  9  0 30 11   9   0  32  0  9  56 13
  9  1  8 14  13   9   1  9  0  44  9
  9  1  9 13  13   9   0 10  0  44  9
  9  1  9 13  13   9   1  8  1  44  9
  9  1 13 13   1   9   0 26  0  36  9
  9  1 17  5   4  18   1  9  0  44  9
  9  1 17  5   5  17   0 10  0  44  9
  9  1 17  5   5  17   1  8  1  44  9
  9  5  4 16  11   0  14  0  9  40  9
  9  5  5  9   0   9  26  9  9  27  9
  9  5  5 17   5   5   4  5 26  27  9
  9  5  9  0  14   9   0 26  9  27  9
  9  5 13  1  13   0  14  0 26  27  9
  9  6  3 12   0  30   9  0 21  30 10
  9  7  7  2   7   7  24  0 18  27  9
  9  7  7  2   7   7  24  9  0  36  9
  9  7  7  9   0   9  22  0  9  36  9
  9  7  9  0  16   0   9 22  0  36  9
  9  7  9  9   0   9   7  9 22  27  9
  9  8  8  1   8   8  21  0  9  36  9
  9  8  8  1   8  16   0  9 22  27  9
  9  9  0  9  42  15   0 27 15  42 14
  9  9  0  9  43  14   0 27 14  43 14
  9  9  0 14  13   1   9  9  0  44  9
  9  9  0 16   2  14   9  0  9  40  9
  9  9  0 18   0   9  25  9  0  41 10
  9  9  0 18  57  21  18 18 21  57 19
  9  9  0 18  59  19  18 18 19  59 19
  9  9  0 21   0  21   0  9  9  42 10
  9  9  0 21  60  21  18 21 21  60 20
  9  9  0 24   0  24   0 18  0  48 11
  9  9  0 24   0  24   9  0  9  48 11
  9  9  0 32  15   0  26  0  9  56 13
  9  9  0 53  24  18  20  9  0  86 19
  9  9  0 61  21   0  40 18  0  82 20
  9  9  0 61  21  20   0 38  0  82 20
  9  9  1 13  13   0  10  9  0  44  9
  9  9  1 13  13   1   8 10  0  44  9
  9  9  1 13  13   1   9  8  1  44  9
  9  9  5  5   9   9   0 26  0  36  9
  9  9  5  9   5   4  14  0 26  27  9
  9  9  7  2   9  14   0 18  0  40  9
  9  9  7  7   4   7   7  7 24  27  9
  9  9  7  9   2   7  16  0  9  40  9
  9  9  7  9   2  14   2  7  9  40  9
  9  9  8  1   9  16   0  9  9  38  9
  9  9  9  0   9   9  25  9  0  41 10
  9  9  9  5   4  10   9  9  0  44  9
  9  9  9  5   5   8  10  9  0  44  9
  9  9  9  5   5   9   8 10  0  44  9
  9  9  9  9   0   9  25  0  9  41 10
  9  9 12  9   0   9  12  9  9  42 10
  9  9 15  9   0   9  15 18  0  48 11
  9  9 15  9   0   9  24  0  9  48 11
  9  9 15  9   9   0  15  9  9  48 11
  9  9 21  9   9   0  30  9  0  60 13
  9  9 42  9   0   9  60 21 21  60 20
  9  9 42  9   0   9  62 19 19  62 20
  9 11  9  0  20   0   9 11  9  42 10
  9 13  9  0  13  18   0 22  0  48 11
  9 13  9  0  22   0   9 22  0  48 11
  9 13  9  0  22   9   0 13  9  48 11
  9 13  9  9  13   0   9 13  9  48 11
  9 13 13 13   0   9  13 13 13  48 12
  9 17  9  9  17   9   0 26  0  60 13
  9 17 17 17   9   0  17 17 17  60 15
  9 23  0 32   0  32  23  0  9  76 17
  9 33 33 33  33  33   9  0 33 132 29
 10  0 10  0  33   0  23 12 11  33 11
 10  0 10  0  35   9   1 23  9  35 11
 10  0 10  0  35  10   0 22 10  35 11
 10  0 10  0  35  11  10 10  0  46 11
 10  0 10 19   0  19  10  0 10  42 10
 10  0 10 27   0  25  12  0 10  50 12
 10  0 17 10   7  10   0 10 26  30 10
 10  0 17 10  10   0  17 10  0  46 10
 10  0 17 17   0  10   0 33 12  33 11
 10  0 17 17   0  10   0 34 10  34 11
 10  0 19 10   0  10   9 20  0  42 10
 10  0 19 10   0  10  19  0 10  42 10
 10  0 20  7   7   3  17 10  0  46 10
 10  0 35 10  25  10   0 10 44  48 16
 10  4  6 17   0  23   4 10  0  46 10
 10  4 13 13   4  10   0 13 13  40 10
 10  5  5 10   0  33  11 14 11  33 11
 10  5  5 10   0  33  14  8 14  33 11
 10  5  5 10   0  36   8 14  8  36 11
 10  5  5 10   0  36  11  8 11  36 11
 10  6  6 10   0  34  11 10  0  45 11
 10  7  7  3  23   7   7  3  7  46 10
 10  7 10  7  10   0  10 26  0  40 10
 10  7 10 10   0  17   0 10 26  30 10
 10  7 13  4  13   0  17  0 13  43 10
 10  7 13  7   7   3  17  3  7  46 10
 10  9  1 18   0  10   9 23  0  40 10
 10  9  9  9   1   9   9  9 25  30 10
 10  9  9  9   1  17   9  1  9  46 10
 10  9  9  9   9   1  17  1  9  46 10
 10  9  9  9   9   9   1  9  9  46 10
 10  9  9 10   0  10   9 19  0  44 10
 10  9  9 10   0  19   0 10  9  44 10
 10 10  0 10  25   0  10 10 24  33 11
 10 10  0 10  25  11   0 10 10  46 11
 10 10  0 10  35  10  10  0 32  39 13
 10 10  0 10  35  13  10 10  0  58 13
 10 10  0 20   0  38   0 26 13  39 13
 10 10  0 20   0  38  13  0 26  39 13
 10 10  0 20   0  38  13 13  0  52 13
 10 10  0 32  10   0  20  0 35  39 13
 10 10  0 32  10  10   0 10 35  39 13
 10 10  0 41   0  35  16 10  0  70 16
 10 10  7  7  10   3   7 10 26  30 10
 10 10  7 10   3  14  10  0 10  46 10
 10 10 10  0  10  38   0 26 13  39 13
 10 10 10  0  10  38  13  0 26  39 13
 10 10 10  0  10  38  13 13  0  52 13
 10 10 10  0  20  10   0 10 29  33 11
 10 10 10  0  35  10   0 10 32  39 13
 10 10 10  0  35  13  10  0 10  58 13
 10 10 10 10   0  10  20  0 29  33 11
 10 10 10 10   0  20   0 10 29  33 11
 10 10 10 10  10   0  10 10 29  33 11
 10 10 10 22  10   0  10 10 35  39 13
 10 10 25  0  35  10   0 10 44  48 16
 10 12  5  5  12  10   0 33 12  33 11
 10 12  5  5  12  10   0 34 10  34 11
 10 16 10  0  20  16   0 10 35  39 13
 11  0 11  0  36  12   0 26 12  36 12
 11  0 11  0  37  11   0 26 11  37 12
 11  0 16 14  14   5  11  0 11  50 11
 11  0 16 16   0  11   0 33 12  33 11
 11  0 16 16   0  11   0 34 10  34 11
 11  0 18 13  13   0  16  0 13  48 11
 11  0 18 13  13   5   6  5 13  48 11
 11  0 19 11  11   8  11  0 11  50 11
 11  0 20  0  11   0  33 12 12  33 11
 11  0 20  0  11   0  35 10 10  35 11
 11  0 20 11   0  20   0 22  0  48 11
 11  0 20 11   0  20  11  0 11  48 11
 11  0 21 11   0  21   0 11 11  46 11
 11  0 27 16  16  11   0 11 16  60 14
 11  0 42 21  21   0  11 42  0  80 19
 11  0 52 26  26  11   0 52  0  98 23
 11  1 11 16  16  11   1 11  0  54 11
 11  1 21  6   6  21   1 11  0  54 11
 11  3 15 11   0  26   3 11  0  52 11
 11  5  6 19  14   5  11  0 11  50 11
 11  5 11 14  14   0  16  0 11  50 11
 11  5 13 13  13   0  11  5 13  48 11
 11  7 11 11   7  11   0 11 30  33 11
 11  7 15  7   7   4  18 11  0  52 11
 11  8  3 16   0  19   0 31 11  33 11
 11  8  8  8   3   8  31  0 22  33 11
 11  8  8  8   3   8  31 11  0  44 11
 11  8 11  0  19  11   0 11 28  33 11
 11  8 11 11  11   0  19  0 11  50 11
 11  9  2  9  11   0  33 12 12  33 11
 11  9  2  9  11   0  35 10 10  35 11
 11  9  2 18   0  20   0 28  0  44 11
 11  9  9  9   2   9  28  0 11  44 11
 11  9  9 11   0  20   9 11  0  52 11
 11  9 11 11   0  11   9 22  0  48 11
 11 10 10 11   0  20   1 10 11  48 11
 11 10 11 11   0  11  10 11 11  46 11
 11 11  0 11  11   4  36 12 12  36 12
 11 11  0 11  11  28   0 24  0  48 12
 11 11  0 11  51  17   0 35 17  51 17
 11 11  0 11  52  16   0 35 16  52 17
 11 11  0 19   8  11  11  0 11  50 11
 11 11  0 22   0  11  11 30 12  36 12
 11 11  0 22   0  34   0 26  0  52 13
 11 11  0 24  72  24  25 25 24  72 24
 11 11  0 26   0  22   0 11 15  48 12
 11 11  0 26  11   0  11 11 15  48 12
 11 11  0 30  11   0  22  0 19  52 13
 11 11  0 30  11  11   0 11 19  52 13
 11 11  1 16  16   1  11 11  0  54 11
 11 11  7  7  11  11   0 11 30  33 11
 11 11  8  3  16  11   0 22  0  50 11
 11 11  8  8   6  13   3  8 31  33 11
 11 11  8  8   6  16   0 22  0  50 11
 11 11  8 11   8   3  19  0 11  50 11
 11 11  8 11   8  11   3  8 11  50 11
 11 11  9  2  18  11   0 11 11  48 11
 11 11  9  9   4  18   0 11 11  48 11
 11 11 10  1  20   1  10 11 10  47 11
 11 11 11  0  11  11  11 30 12  36 12
 11 11 11  0  11  34   0 26  0  52 13
 11 11 11  6   6  11  11 11  0  54 11
 11 11 11 11   0  22   0 38 13  39 13
 11 11 11 11  11   0  11 38 13  39 13
 11 11 11 19  11   0  11 11 19  52 13
 11 11 11 23  11  11   0 11 23  56 14
 11 13 11  0  13  22   0 11 13  50 12
 11 15 11 11   4  22   0 11 15  56 13
 11 21 21 21  21   0  11 21 21  80 19
 11 26 26 26  26  11   0 26 26  98 23
 12 11 11  1  11  22   0 23  0  53 12
 12 12  0 12  12  30   0 12 27  39 13
 12 12  0 12  12  30  13  0 12  53 13
 12 15 15 12   0  15  15 12 12  60 14
 13  0 13  0  42  13   0 31 14  42 14
 13  0 25  0  25  13   0 13 12  55 13
 13  0 31  0  31  13   0 13 18  61 15
 13  0 36 13  23  13   0 13 23  70 17
 13  5 13 17  17   5  13  0 13  60 13
 13  9  9 13   0  22   0 38 13  39 13
 13 10 10 13   0  23   0 35  0  52 13
 13 10 13  0  23   0  23  0 35  39 13
 13 10 13  0  23  10   3 10 35  39 13
 13 10 13 10  13   0  13 10 35  39 13
 13 10 13 13  10  13   0 13 13  58 13
 13 11  2 11  11   2  39 14 14  39 13
 13 11  2 11  11   2  41 12 12  41 13
 13 11 11  2  11  11  11 34 13  39 13
 13 12 12  1  12  12  12 30  0  52 13
 13 12 12 12   1  12  24  0 13  57 13
 13 12 13  0  13  25   0 13 12  55 13
 13 13  0 26   0  26  13 13  0  64 14
 13 13  0 26  13  13   0 26  0  64 14
 13 13  9  9  13  13   0 26  0  60 13
 13 13 10 10  13  13   0 13 13  58 13
 13 13 11  2  22  11   2 13 11  58 13
 13 13 11 11  13   2  11 13 11  58 13
 13 13 12 12   2  12  12 12 12  56 13
 13 13 13 13   0  13  26 13  0  64 14
 13 13 13 13   0  26   0 26  0  64 14
 13 13 13 13   0  26  13  0 13  64 14
 13 13 13 13  13   0  13 26  0  64 14
 13 13 13 13  13   0  26  0 13  64 14
 13 13 13 13  13  13   0 13 13  64 14
 13 13 23  0  36  13   0 13 23  70 17
 13 13 28 13  28  13   0 13 28  79 19
 13 17 13  0  26  17   0 13 17  64 15
 13 19 13 13  13  19   0 13 19  70 16
 14  0 22 17  17   5  14  0 17  62 14
 14  0 26 13  13   1  13 26  0  62 14
 14  0 27  0  27   0  14 27  0  59 14
 14  5 17 17  17   0  19  0 17  62 14
 14  5 17 17  17   5   9  5 17  62 14
 14  8  6 16   0  46  15 14  0  61 15
 14 11 11  3  11  22   0 40 14  42 14
 14 13  1 25  13  13   1 13 13  62 14
 14 13 13  1  25  13   1 13 13  62 14
 14 13 13 13   1  13  25  1 13  62 14
 14 13 13 13   1  25   1 13 13  62 14
 14 13 13 13  13   1  13 13 13  62 14
 14 14  0 14  33   0  28  0 14  63 15
 14 14  0 14  33  14   0 14 14  63 15
 14 14  0 32  92  32  32 32 31  93 31
 14 14  0 80  37  29  28 14  0 132 29
 14 14 11  3  22  11   3 25  0  65 14
 14 14 11 11  14   3  11 25  0  65 14
 14 14 14  0  43  14  14  0 14  77 17
 15  0 15 15   0  48  16 19 16  48 16
 15  0 15 15   0  48  19 13 19  48 16
 15  0 15 15   0  51  13 19 13  51 16
 15  0 15 15   0  51  16 13 16  51 16
 15  0 15 37   0  15  37 15  0  70 17
 15  0 15 37  15   0  37  0 15  70 17
 15  0 15 44  15   0  44 15  0  80 19
 15  0 28 13  15   0  15 28  0  66 15
 15  0 29 14  15   0  15 14 15  63 15
 15 13 13 13   2  13  13 38  0  60 15
 15 13 15  0  28   0  15 28  0  66 15
 15 14 15  0  29   0  15 14 15  63 15
 15 15  0 15  15  36   0 30  0  66 16
 15 15  0 15  15  36  15  0 15  66 16
 15 15  0 15  15  42  15 15  0  72 17
 15 15  0 30   0  30   0 15 39  48 16
 15 15  0 30   0  36   0 15 15  66 16
 15 15  0 30   0  42   0 30  0  72 17
 15 15  0 30   0  42  15  0 15  72 17
 15 15  0 37   0  15  37  0 15  70 17
 15 15  0 44   0  15  44 15  0  80 19
 15 15  0 44  15   0  44  0 15  80 19
 15 15 15  0  15  30   0 15 39  48 16
 15 15 15  0  15  36   0 15 15  66 16
 15 15 15  0  15  42   0 30  0  72 17
 15 15 15  0  15  42  15  0 15  72 17
 15 15 15 15   0  15  15 15 39  48 16
 15 15 15 15  15  15   0 15 48  51 17
 16  0 42 21  21   0  16 21 21  82 20
 16 13 13 13   3  26   0 44  0  64 16
 16 13 13 16   0  29   0 16 41  48 16
 16 13 16  0  29   0  29 16  0  73 16
 16 13 16 13  16   0  16 29  0  73 16
 16 16  0 16  77   0  49 26 23  77 25
 16 16  0 16  77  23  26 26  0 100 25
 16 16 16 16   0  16  53  0 38  57 19
 16 16 16 16   0  16  53 19  0  76 19
 16 23  0 39   0  16  46  0 16  84 20
 16 37 16 37   0  16  74 16  0 124 28
 17  5 21 21  21   5  17  0 21  76 17
 17 13 13 13  13   4  13 50 17  51 17
 17 14 14 14  14   3  14 46  0  68 17
 17 14 14 17   0  17  28  0 46  51 17
 17 14 17 14  17   0  31  0 17  77 17
 17 17 14 14   6  22   6 28  0  80 17
 17 17 14 14  14   6  14 28  0  80 17
 17 17 14 14  14  17   3 14 17  77 17
 17 21  0 34  17   0  38  0 17  84 19
 17 25 17 17  17  17  25  0 17 100 21
 18 17  1 34   0  18  17 35  0  76 18
 18 17  1 34   0  35   0 18 17  76 18
 18 18  0 18  84  30  27  0 57  84 28
 18 18  0 18  86  28  27  0 55  86 28
 18 18  0 18  93  31  35 35 31  93 31
 18 18  0 18  93  39  27 27 39  93 31
 18 18  0 18 101  23  35 35 23 101 31
 18 18  0 18 101  31  27 27 31 101 31
 18 18  0 36   0  18  43  0 18  77 19
 18 18 18  0  18  18  43  0 18  77 19
 19 15 15 19   0  30  19  0 54  57 19
 19 17  2 34   0  19  34 19  0  84 19
 19 17  2 34   0  36   0 36  0  84 19
 19 17  2 34   0  36  17  2 17  84 19
 19 17  2 34  17  19   0 19 17  84 19
 19 17 18 18   1  35   0 19 17  84 19
 19 18  1 36   0  19  36  0 19  80 19
 19 19 16 16  16  16   6 16 16  88 19
 19 25 13 25  19   0  44  0 19 100 22
 20  9 20  0  29   0  60 21 21  60 20
 20  9 20  0  29   0  62 19 19  62 20
 20 17  3 34   0  37  17 20  0  92 20
 20 17  3 34  17  20   0 37  0  92 20
 20 17 17 17   3  34   0 20 52  60 20
 20 19 19 20   0  20  19 19 20  84 20
 20 20  0 20  93   0  63 32 31  93 31
 20 20  0 20  95  31  30 30  0 126 31
 20 20  0 42 133  42  42 42 42 133 43
 21 19  2 38   0  38  21  0 21  92 21
 21 19 19 21   0  21  38  0 21  92 21
 21 21  0 21  21   0  66 24 24  66 22
 21 21  0 21  21   0  70 20 20  70 22
 21 21 17 17  17  17  21  4 17 100 21
 22 19 19 19   3  35   3 19 59  66 22
 22 19 19 19  19   3  19 19 59  66 22
 22 21 11 11  21  22   0 66 24  66 22
 22 21 11 11  21  22   0 68 20  68 22
 22 22  0 44   0  44   0 68 25  75 25
 22 22 22  0  22  44   0 68 25  75 25
 22 22 22 22   0  22  22 68 25  75 25
 22 22 37 37  37  22   0 22 37 136 31
 23 20 20 23   0  40  23  0 23 104 23
 23 22 22  1  22  44   0 23 22  97 23
 23 23  0 46   0  23  23 54  0  96 24
 23 23  0 46   0  46   0 62  0 100 25
 23 23  0 56  33   0  46  0 23 120 27
 23 23  0 56  33  23   0 23 23 120 27
 23 23  0 61  38  23   0 46  0 134 29
 23 23  0 61  38  23  23  0 23 134 29
 23 23 23  0  23  23  23 54  0  96 24
 23 23 23  0  23  46   0 62  0 100 25
 23 23 23 23   0  23  23 62  0 100 25
 23 23 23 23   0  46   0 70  0 104 26
 23 23 23 23  23   0  23 70  0 104 26
 23 23 23 38  38  23   0 23 23 134 29
 23 23 23 43  43  23  23  0 23 148 31
 24 24  0 54 159  54  54 54 54 159 53
 25 23 23 23   2  46   0 25 23 110 25
 26 13 13 26   0  81  30  0 54  81 27
 26 13 13 26   0  84   0 54 24  84 27
 26 13 13 26   0  84  24 30  0 108 27
 26 13 13 26   0  84  27  0 51  84 27
 26 23 23 23   3  46   0 49  0 119 26
 26 25 25 25   1  25  25 25 25 110 26
 27  0 50 25  25  27   0 27 23 120 27
 27  0 52 26  26   1  26 26 26 114 27
 27 25 25 25   2  25  25 50  0 120 27
 28 14 14 28   0  90  29 26  2 117 29
 29  0 52 26  26  29   0 52  0 134 29
 29  0 54 27  27  27   2 27 27 128 29
 29 23 29 26  26  29   0 29 23 134 29
 29 26 26 26   3  26  49 29  0 134 29
 29 26 26 26   3  49   3 52  0 134 29
 29 26 26 26  26   3  26 52  0 134 29
 30 15 15 15  15  96  32 38 32  96 32
 30 15 15 15  15  96  38 26 38  96 32
 30 15 15 15  15 102  26 38 26 102 32
 30 15 15 15  15 102  32 26 32 102 32
 30 15 15 30   0  96  30  0 60  96 31
 30 15 15 30   0  96  30 30  0 126 31
 31 20 20 20  11  20  93 32 32  93 31
 31 20 20 20  11  20  95 30 30  95 31
 31 23 31 27  27  31   0 54  0 148 31
 31 27 27 27  27  27   4 54  0 148 31
 32 16 16 32   0  99   0 69 33  99 33
 39  0 78 39  39   0  39 39 39 168 40
 39  0 78 39  39   0  39 78  0 180 41
 39  0 78 39  39  39   0 39 39 180 41
 39 39  0 78   0  39  39 78  0 168 40
 39 39  0 78   0  39  78  0 39 168 40
 39 39  0 78   0  39  78 39  0 180 41
 39 39  0 78   0  78   0 39 39 168 40
 39 39  0 78   0  78   0 78  0 180 41
 39 39  0 78   0  78  39  0 39 180 41
 39 39  0 78  39   0  78  0 39 180 41
 39 39  0 78  39  39   0 39 39 180 41
 39 39 39  0  39  78   0 39 39 168 40
 39 39 39  0  39  78   0 78  0 180 41
 39 39 39  0  78  39   0 39 39 180 41
 39 39 39 39   0  39  39 39 39 168 40
 39 39 39 39   0  39  39 78  0 180 41
 39 39 39 39   0  39  78  0 39 180 41
 39 39 39 39   0  78   0 39 39 180 41
 39 39 39 39  39   0  39 39 39 180 41
 39 39 39 39  39  39   0 78  0 204 43
 39 39 39 39  39  39  39  0 39 204 43
 40 34 37 37   3  71   0 74  0 184 40
 41 35 38 38  35  41   0 41 35 188 41
 42 21 21 42   0 129  42  0 90 129 43
 42 42 42 42   0  42 159 54 54 159 53
 42 42 42 42   0  42 161 52 52 161 53
 43 35 39 39  35  43   0 78  0 204 43

0 extreme rays of recession cone:

45 support hyperplanes of polyhedron (homogenized):
 -9  2  2  2  2  2  2  2  2  2 -13
 -8 -8  3  3  3  3  3  3  3  3 -14
 -7 -7 -7  4  4  4  4  4  4  4 -15
 -6 -6 -6 -6  5  5  5  5  5  5 -16
 -5 -5 -5 -5 -5  6  6  6  6  6 -17
 -4 -4 -4 -4 -4 -4  7  7  7  7 -18
 -3 -3 -3 -3 -3 -3 -3  8  8  8 -19
 -2 -2 -2 -2 -2 -2 -2 -2  9  9 -20
 -1 -1 -1 -1 -1 -1 -1 -1 -1 10 -21
 -1 -1 -1 -1  1  1  1  1  1  0   0
 -1 -1 -1  0  0  1  1  1  1  0   0
 -1 -1 -1  0  1  1  1  1  0  0   0
 -1 -1 -1  1  1  1  1  0  0  0   0
 -1 -1  0  0  0  0  1  1  1  0   0
 -1 -1  0  0  0  1  1  1  0  0   0
 -1 -1  0  0  1  1  1  0  0  0   0
 -1 -1  0  1  1  1  0  0  0  0   0
 -1 -1  1  1  1  0  0  0  0  0   0
 -1  0  0  0  0  0  0  1  1  0   0
 -1  0  0  0  0  0  1  1  0  0   0
 -1  0  0  0  0  1  1  0  0  0   0
 -1  0  0  0  1  1  0  0  0  0   0
 -1  0  0  1  1  0  0  0  0  0   0
 -1  0  1  1  0  0  0  0  0  0   0
 -1  1  1  0  0  0  0  0  0  0   0
  0  0  0 -1 -1 -1  0  1  1  1   0
  0  0  0 -1 -1  0  0  0  1  1   0
  0  0  0 -1  0  0  0  0  0  1   0
  0  0  0  0 -1 -1 -1  1  1  1   0
  0  0  0  0 -1 -1  0  0  1  1   0
  0  0  0  0 -1  0  0  0  0  1   0
  0  0  0  0  0 -1 -1  0  1  1   0
  0  0  0  0  0 -1  0  0  0  1   0
  0  0  0  0  0  0 -1 -1  1  1   0
  0  0  0  0  0  0 -1  0  0  1   0
  0  0  0  0  0  0  0 -1  0  1   0
  0  0  0  0  0  0  0  0  1  0   0
  0  0  0  0  0  0  0  1  0  0   0
  0  0  0  0  0  0  1  0  0  0   0
  0  0  0  0  0  1  0  0  0  0   0
  0  0  0  0  1  0  0  0  0  0   0
  0  0  0  1  0  0  0  0  0  0   0
  0  0  1  0  0  0  0  0  0  0   0
  0  1  0  0  0  0  0  0  0  0   0
  1  0  0  0  0  0  0  0  0  0   0

2 equations:
 1 0 -1 -2 -3 -4 -5 -6 -7 -8  57
 0 1  2  3  4  5  6  7  8  9 -69

9 basis elements of generated  lattice:
 1 0 0 0 0 0 0 0 -9   8 0
 0 1 0 0 0 0 0 0 -8   7 0
 0 0 1 0 0 0 0 0 -7   6 0
 0 0 0 1 0 0 0 0 -6   5 0
 0 0 0 0 1 0 0 0 -5   4 0
 0 0 0 0 0 1 0 0 -4   3 0
 0 0 0 0 0 0 1 0 -3   2 0
 0 0 0 0 0 0 0 1 -2   1 0
 0 0 0 0 0 0 0 0 39 -27 1

