342 lattice points in polytope (module generators)
0 Hilbert basis elements of recession monoid
4322 vertices of polyhedron
0 extreme rays of recession cone
51 support hyperplanes of polyhedron (homogenized)

embedding dimension = 13
affine dimension of the polyhedron = 10
rank of recession monoid = 0 (polyhedron is polytope)

dehomogenization:
0 0 0 0 0 0 0 0 0 0 0 0 1 


module rank = 342

***********************************************************************

342 lattice points in polytope (module generators):
 0 0 2 2 1 1 1 1 1 1 1 3 1
 0 0 3 0 2 1 1 1 1 1 1 3 1
 0 0 3 1 0 2 1 1 1 1 1 3 1
 0 0 3 1 1 0 2 1 1 1 1 3 1
 0 0 3 1 1 1 0 2 1 1 1 3 1
 0 0 3 1 1 1 1 0 2 1 1 3 1
 0 0 3 1 1 1 1 1 0 2 1 3 1
 0 0 3 1 1 1 1 1 1 0 2 3 1
 0 0 3 1 1 1 1 1 1 1 0 4 1
 0 1 0 3 1 1 1 1 1 1 1 3 1
 0 1 1 1 2 1 1 1 1 1 1 3 1
 0 1 1 2 0 2 1 1 1 1 1 3 1
 0 1 1 2 1 0 2 1 1 1 1 3 1
 0 1 1 2 1 1 0 2 1 1 1 3 1
 0 1 1 2 1 1 1 0 2 1 1 3 1
 0 1 1 2 1 1 1 1 0 2 1 3 1
 0 1 1 2 1 1 1 1 1 0 2 3 1
 0 1 1 2 1 1 1 1 1 1 0 4 1
 0 1 2 0 1 2 1 1 1 1 1 3 1
 0 1 2 0 2 0 2 1 1 1 1 3 1
 0 1 2 0 2 1 0 2 1 1 1 3 1
 0 1 2 0 2 1 1 0 2 1 1 3 1
 0 1 2 0 2 1 1 1 0 2 1 3 1
 0 1 2 0 2 1 1 1 1 0 2 3 1
 0 1 2 0 2 1 1 1 1 1 0 4 1
 0 1 2 1 0 1 2 1 1 1 1 3 1
 0 1 2 1 0 2 0 2 1 1 1 3 1
 0 1 2 1 0 2 1 0 2 1 1 3 1
 0 1 2 1 0 2 1 1 0 2 1 3 1
 0 1 2 1 0 2 1 1 1 0 2 3 1
 0 1 2 1 0 2 1 1 1 1 0 4 1
 0 1 2 1 1 0 1 2 1 1 1 3 1
 0 1 2 1 1 0 2 0 2 1 1 3 1
 0 1 2 1 1 0 2 1 0 2 1 3 1
 0 1 2 1 1 0 2 1 1 0 2 3 1
 0 1 2 1 1 0 2 1 1 1 0 4 1
 0 1 2 1 1 1 0 1 2 1 1 3 1
 0 1 2 1 1 1 0 2 0 2 1 3 1
 0 1 2 1 1 1 0 2 1 0 2 3 1
 0 1 2 1 1 1 0 2 1 1 0 4 1
 0 1 2 1 1 1 1 0 1 2 1 3 1
 0 1 2 1 1 1 1 0 2 0 2 3 1
 0 1 2 1 1 1 1 0 2 1 0 4 1
 0 1 2 1 1 1 1 1 0 1 2 3 1
 0 1 2 1 1 1 1 1 0 2 0 4 1
 0 1 2 1 1 1 1 1 1 0 1 4 1
 0 2 0 0 3 1 1 1 1 1 1 3 1
 0 2 0 1 1 2 1 1 1 1 1 3 1
 0 2 0 1 2 0 2 1 1 1 1 3 1
 0 2 0 1 2 1 0 2 1 1 1 3 1
 0 2 0 1 2 1 1 0 2 1 1 3 1
 0 2 0 1 2 1 1 1 0 2 1 3 1
 0 2 0 1 2 1 1 1 1 0 2 3 1
 0 2 0 1 2 1 1 1 1 1 0 4 1
 0 2 0 2 0 1 2 1 1 1 1 3 1
 0 2 0 2 0 2 0 2 1 1 1 3 1
 0 2 0 2 0 2 1 0 2 1 1 3 1
 0 2 0 2 0 2 1 1 0 2 1 3 1
 0 2 0 2 0 2 1 1 1 0 2 3 1
 0 2 0 2 0 2 1 1 1 1 0 4 1
 0 2 0 2 1 0 1 2 1 1 1 3 1
 0 2 0 2 1 0 2 0 2 1 1 3 1
 0 2 0 2 1 0 2 1 0 2 1 3 1
 0 2 0 2 1 0 2 1 1 0 2 3 1
 0 2 0 2 1 0 2 1 1 1 0 4 1
 0 2 0 2 1 1 0 1 2 1 1 3 1
 0 2 0 2 1 1 0 2 0 2 1 3 1
 0 2 0 2 1 1 0 2 1 0 2 3 1
 0 2 0 2 1 1 0 2 1 1 0 4 1
 0 2 0 2 1 1 1 0 1 2 1 3 1
 0 2 0 2 1 1 1 0 2 0 2 3 1
 0 2 0 2 1 1 1 0 2 1 0 4 1
 0 2 0 2 1 1 1 1 0 1 2 3 1
 0 2 0 2 1 1 1 1 0 2 0 4 1
 0 2 0 2 1 1 1 1 1 0 1 4 1
 0 2 1 0 1 1 2 1 1 1 1 3 1
 0 2 1 0 1 2 0 2 1 1 1 3 1
 0 2 1 0 1 2 1 0 2 1 1 3 1
 0 2 1 0 1 2 1 1 0 2 1 3 1
 0 2 1 0 1 2 1 1 1 0 2 3 1
 0 2 1 0 1 2 1 1 1 1 0 4 1
 0 2 1 0 2 0 1 2 1 1 1 3 1
 0 2 1 0 2 0 2 0 2 1 1 3 1
 0 2 1 0 2 0 2 1 0 2 1 3 1
 0 2 1 0 2 0 2 1 1 0 2 3 1
 0 2 1 0 2 0 2 1 1 1 0 4 1
 0 2 1 0 2 1 0 1 2 1 1 3 1
 0 2 1 0 2 1 0 2 0 2 1 3 1
 0 2 1 0 2 1 0 2 1 0 2 3 1
 0 2 1 0 2 1 0 2 1 1 0 4 1
 0 2 1 0 2 1 1 0 1 2 1 3 1
 0 2 1 0 2 1 1 0 2 0 2 3 1
 0 2 1 0 2 1 1 0 2 1 0 4 1
 0 2 1 0 2 1 1 1 0 1 2 3 1
 0 2 1 0 2 1 1 1 0 2 0 4 1
 0 2 1 0 2 1 1 1 1 0 1 4 1
 0 2 1 1 0 1 1 2 1 1 1 3 1
 0 2 1 1 0 1 2 0 2 1 1 3 1
 0 2 1 1 0 1 2 1 0 2 1 3 1
 0 2 1 1 0 1 2 1 1 0 2 3 1
 0 2 1 1 0 1 2 1 1 1 0 4 1
 0 2 1 1 0 2 0 1 2 1 1 3 1
 0 2 1 1 0 2 0 2 0 2 1 3 1
 0 2 1 1 0 2 0 2 1 0 2 3 1
 0 2 1 1 0 2 0 2 1 1 0 4 1
 0 2 1 1 0 2 1 0 1 2 1 3 1
 0 2 1 1 0 2 1 0 2 0 2 3 1
 0 2 1 1 0 2 1 0 2 1 0 4 1
 0 2 1 1 0 2 1 1 0 1 2 3 1
 0 2 1 1 0 2 1 1 0 2 0 4 1
 0 2 1 1 0 2 1 1 1 0 1 4 1
 0 2 1 1 1 0 1 1 2 1 1 3 1
 0 2 1 1 1 0 1 2 0 2 1 3 1
 0 2 1 1 1 0 1 2 1 0 2 3 1
 0 2 1 1 1 0 1 2 1 1 0 4 1
 0 2 1 1 1 0 2 0 1 2 1 3 1
 0 2 1 1 1 0 2 0 2 0 2 3 1
 0 2 1 1 1 0 2 0 2 1 0 4 1
 0 2 1 1 1 0 2 1 0 1 2 3 1
 0 2 1 1 1 0 2 1 0 2 0 4 1
 0 2 1 1 1 0 2 1 1 0 1 4 1
 0 2 1 1 1 1 0 1 1 2 1 3 1
 0 2 1 1 1 1 0 1 2 0 2 3 1
 0 2 1 1 1 1 0 1 2 1 0 4 1
 0 2 1 1 1 1 0 2 0 1 2 3 1
 0 2 1 1 1 1 0 2 0 2 0 4 1
 0 2 1 1 1 1 0 2 1 0 1 4 1
 0 2 1 1 1 1 1 0 1 1 2 3 1
 0 2 1 1 1 1 1 0 1 2 0 4 1
 0 2 1 1 1 1 1 0 2 0 1 4 1
 0 2 1 1 1 1 1 1 0 1 1 4 1
 1 0 1 0 3 1 1 1 1 1 1 3 1
 1 0 1 1 1 2 1 1 1 1 1 3 1
 1 0 1 1 2 0 2 1 1 1 1 3 1
 1 0 1 1 2 1 0 2 1 1 1 3 1
 1 0 1 1 2 1 1 0 2 1 1 3 1
 1 0 1 1 2 1 1 1 0 2 1 3 1
 1 0 1 1 2 1 1 1 1 0 2 3 1
 1 0 1 1 2 1 1 1 1 1 0 4 1
 1 0 1 2 0 1 2 1 1 1 1 3 1
 1 0 1 2 0 2 0 2 1 1 1 3 1
 1 0 1 2 0 2 1 0 2 1 1 3 1
 1 0 1 2 0 2 1 1 0 2 1 3 1
 1 0 1 2 0 2 1 1 1 0 2 3 1
 1 0 1 2 0 2 1 1 1 1 0 4 1
 1 0 1 2 1 0 1 2 1 1 1 3 1
 1 0 1 2 1 0 2 0 2 1 1 3 1
 1 0 1 2 1 0 2 1 0 2 1 3 1
 1 0 1 2 1 0 2 1 1 0 2 3 1
 1 0 1 2 1 0 2 1 1 1 0 4 1
 1 0 1 2 1 1 0 1 2 1 1 3 1
 1 0 1 2 1 1 0 2 0 2 1 3 1
 1 0 1 2 1 1 0 2 1 0 2 3 1
 1 0 1 2 1 1 0 2 1 1 0 4 1
 1 0 1 2 1 1 1 0 1 2 1 3 1
 1 0 1 2 1 1 1 0 2 0 2 3 1
 1 0 1 2 1 1 1 0 2 1 0 4 1
 1 0 1 2 1 1 1 1 0 1 2 3 1
 1 0 1 2 1 1 1 1 0 2 0 4 1
 1 0 1 2 1 1 1 1 1 0 1 4 1
 1 0 2 0 1 1 2 1 1 1 1 3 1
 1 0 2 0 1 2 0 2 1 1 1 3 1
 1 0 2 0 1 2 1 0 2 1 1 3 1
 1 0 2 0 1 2 1 1 0 2 1 3 1
 1 0 2 0 1 2 1 1 1 0 2 3 1
 1 0 2 0 1 2 1 1 1 1 0 4 1
 1 0 2 0 2 0 1 2 1 1 1 3 1
 1 0 2 0 2 0 2 0 2 1 1 3 1
 1 0 2 0 2 0 2 1 0 2 1 3 1
 1 0 2 0 2 0 2 1 1 0 2 3 1
 1 0 2 0 2 0 2 1 1 1 0 4 1
 1 0 2 0 2 1 0 1 2 1 1 3 1
 1 0 2 0 2 1 0 2 0 2 1 3 1
 1 0 2 0 2 1 0 2 1 0 2 3 1
 1 0 2 0 2 1 0 2 1 1 0 4 1
 1 0 2 0 2 1 1 0 1 2 1 3 1
 1 0 2 0 2 1 1 0 2 0 2 3 1
 1 0 2 0 2 1 1 0 2 1 0 4 1
 1 0 2 0 2 1 1 1 0 1 2 3 1
 1 0 2 0 2 1 1 1 0 2 0 4 1
 1 0 2 0 2 1 1 1 1 0 1 4 1
 1 0 2 1 0 1 1 2 1 1 1 3 1
 1 0 2 1 0 1 2 0 2 1 1 3 1
 1 0 2 1 0 1 2 1 0 2 1 3 1
 1 0 2 1 0 1 2 1 1 0 2 3 1
 1 0 2 1 0 1 2 1 1 1 0 4 1
 1 0 2 1 0 2 0 1 2 1 1 3 1
 1 0 2 1 0 2 0 2 0 2 1 3 1
 1 0 2 1 0 2 0 2 1 0 2 3 1
 1 0 2 1 0 2 0 2 1 1 0 4 1
 1 0 2 1 0 2 1 0 1 2 1 3 1
 1 0 2 1 0 2 1 0 2 0 2 3 1
 1 0 2 1 0 2 1 0 2 1 0 4 1
 1 0 2 1 0 2 1 1 0 1 2 3 1
 1 0 2 1 0 2 1 1 0 2 0 4 1
 1 0 2 1 0 2 1 1 1 0 1 4 1
 1 0 2 1 1 0 1 1 2 1 1 3 1
 1 0 2 1 1 0 1 2 0 2 1 3 1
 1 0 2 1 1 0 1 2 1 0 2 3 1
 1 0 2 1 1 0 1 2 1 1 0 4 1
 1 0 2 1 1 0 2 0 1 2 1 3 1
 1 0 2 1 1 0 2 0 2 0 2 3 1
 1 0 2 1 1 0 2 0 2 1 0 4 1
 1 0 2 1 1 0 2 1 0 1 2 3 1
 1 0 2 1 1 0 2 1 0 2 0 4 1
 1 0 2 1 1 0 2 1 1 0 1 4 1
 1 0 2 1 1 1 0 1 1 2 1 3 1
 1 0 2 1 1 1 0 1 2 0 2 3 1
 1 0 2 1 1 1 0 1 2 1 0 4 1
 1 0 2 1 1 1 0 2 0 1 2 3 1
 1 0 2 1 1 1 0 2 0 2 0 4 1
 1 0 2 1 1 1 0 2 1 0 1 4 1
 1 0 2 1 1 1 1 0 1 1 2 3 1
 1 0 2 1 1 1 1 0 1 2 0 4 1
 1 0 2 1 1 1 1 0 2 0 1 4 1
 1 0 2 1 1 1 1 1 0 1 1 4 1
 1 1 0 1 1 1 2 1 1 1 1 3 1
 1 1 0 1 1 2 0 2 1 1 1 3 1
 1 1 0 1 1 2 1 0 2 1 1 3 1
 1 1 0 1 1 2 1 1 0 2 1 3 1
 1 1 0 1 1 2 1 1 1 0 2 3 1
 1 1 0 1 1 2 1 1 1 1 0 4 1
 1 1 0 1 2 0 1 2 1 1 1 3 1
 1 1 0 1 2 0 2 0 2 1 1 3 1
 1 1 0 1 2 0 2 1 0 2 1 3 1
 1 1 0 1 2 0 2 1 1 0 2 3 1
 1 1 0 1 2 0 2 1 1 1 0 4 1
 1 1 0 1 2 1 0 1 2 1 1 3 1
 1 1 0 1 2 1 0 2 0 2 1 3 1
 1 1 0 1 2 1 0 2 1 0 2 3 1
 1 1 0 1 2 1 0 2 1 1 0 4 1
 1 1 0 1 2 1 1 0 1 2 1 3 1
 1 1 0 1 2 1 1 0 2 0 2 3 1
 1 1 0 1 2 1 1 0 2 1 0 4 1
 1 1 0 1 2 1 1 1 0 1 2 3 1
 1 1 0 1 2 1 1 1 0 2 0 4 1
 1 1 0 1 2 1 1 1 1 0 1 4 1
 1 1 0 2 0 1 1 2 1 1 1 3 1
 1 1 0 2 0 1 2 0 2 1 1 3 1
 1 1 0 2 0 1 2 1 0 2 1 3 1
 1 1 0 2 0 1 2 1 1 0 2 3 1
 1 1 0 2 0 1 2 1 1 1 0 4 1
 1 1 0 2 0 2 0 1 2 1 1 3 1
 1 1 0 2 0 2 0 2 0 2 1 3 1
 1 1 0 2 0 2 0 2 1 0 2 3 1
 1 1 0 2 0 2 0 2 1 1 0 4 1
 1 1 0 2 0 2 1 0 1 2 1 3 1
 1 1 0 2 0 2 1 0 2 0 2 3 1
 1 1 0 2 0 2 1 0 2 1 0 4 1
 1 1 0 2 0 2 1 1 0 1 2 3 1
 1 1 0 2 0 2 1 1 0 2 0 4 1
 1 1 0 2 0 2 1 1 1 0 1 4 1
 1 1 0 2 1 0 1 1 2 1 1 3 1
 1 1 0 2 1 0 1 2 0 2 1 3 1
 1 1 0 2 1 0 1 2 1 0 2 3 1
 1 1 0 2 1 0 1 2 1 1 0 4 1
 1 1 0 2 1 0 2 0 1 2 1 3 1
 1 1 0 2 1 0 2 0 2 0 2 3 1
 1 1 0 2 1 0 2 0 2 1 0 4 1
 1 1 0 2 1 0 2 1 0 1 2 3 1
 1 1 0 2 1 0 2 1 0 2 0 4 1
 1 1 0 2 1 0 2 1 1 0 1 4 1
 1 1 0 2 1 1 0 1 1 2 1 3 1
 1 1 0 2 1 1 0 1 2 0 2 3 1
 1 1 0 2 1 1 0 1 2 1 0 4 1
 1 1 0 2 1 1 0 2 0 1 2 3 1
 1 1 0 2 1 1 0 2 0 2 0 4 1
 1 1 0 2 1 1 0 2 1 0 1 4 1
 1 1 0 2 1 1 1 0 1 1 2 3 1
 1 1 0 2 1 1 1 0 1 2 0 4 1
 1 1 0 2 1 1 1 0 2 0 1 4 1
 1 1 0 2 1 1 1 1 0 1 1 4 1
 1 1 1 0 1 1 1 2 1 1 1 3 1
 1 1 1 0 1 1 2 0 2 1 1 3 1
 1 1 1 0 1 1 2 1 0 2 1 3 1
 1 1 1 0 1 1 2 1 1 0 2 3 1
 1 1 1 0 1 1 2 1 1 1 0 4 1
 1 1 1 0 1 2 0 1 2 1 1 3 1
 1 1 1 0 1 2 0 2 0 2 1 3 1
 1 1 1 0 1 2 0 2 1 0 2 3 1
 1 1 1 0 1 2 0 2 1 1 0 4 1
 1 1 1 0 1 2 1 0 1 2 1 3 1
 1 1 1 0 1 2 1 0 2 0 2 3 1
 1 1 1 0 1 2 1 0 2 1 0 4 1
 1 1 1 0 1 2 1 1 0 1 2 3 1
 1 1 1 0 1 2 1 1 0 2 0 4 1
 1 1 1 0 1 2 1 1 1 0 1 4 1
 1 1 1 0 2 0 1 1 2 1 1 3 1
 1 1 1 0 2 0 1 2 0 2 1 3 1
 1 1 1 0 2 0 1 2 1 0 2 3 1
 1 1 1 0 2 0 1 2 1 1 0 4 1
 1 1 1 0 2 0 2 0 1 2 1 3 1
 1 1 1 0 2 0 2 0 2 0 2 3 1
 1 1 1 0 2 0 2 0 2 1 0 4 1
 1 1 1 0 2 0 2 1 0 1 2 3 1
 1 1 1 0 2 0 2 1 0 2 0 4 1
 1 1 1 0 2 0 2 1 1 0 1 4 1
 1 1 1 0 2 1 0 1 1 2 1 3 1
 1 1 1 0 2 1 0 1 2 0 2 3 1
 1 1 1 0 2 1 0 1 2 1 0 4 1
 1 1 1 0 2 1 0 2 0 1 2 3 1
 1 1 1 0 2 1 0 2 0 2 0 4 1
 1 1 1 0 2 1 0 2 1 0 1 4 1
 1 1 1 0 2 1 1 0 1 1 2 3 1
 1 1 1 0 2 1 1 0 1 2 0 4 1
 1 1 1 0 2 1 1 0 2 0 1 4 1
 1 1 1 0 2 1 1 1 0 1 1 4 1
 1 1 1 1 0 1 1 1 2 1 1 3 1
 1 1 1 1 0 1 1 2 0 2 1 3 1
 1 1 1 1 0 1 1 2 1 0 2 3 1
 1 1 1 1 0 1 1 2 1 1 0 4 1
 1 1 1 1 0 1 2 0 1 2 1 3 1
 1 1 1 1 0 1 2 0 2 0 2 3 1
 1 1 1 1 0 1 2 0 2 1 0 4 1
 1 1 1 1 0 1 2 1 0 1 2 3 1
 1 1 1 1 0 1 2 1 0 2 0 4 1
 1 1 1 1 0 1 2 1 1 0 1 4 1
 1 1 1 1 0 2 0 1 1 2 1 3 1
 1 1 1 1 0 2 0 1 2 0 2 3 1
 1 1 1 1 0 2 0 1 2 1 0 4 1
 1 1 1 1 0 2 0 2 0 1 2 3 1
 1 1 1 1 0 2 0 2 0 2 0 4 1
 1 1 1 1 0 2 0 2 1 0 1 4 1
 1 1 1 1 0 2 1 0 1 1 2 3 1
 1 1 1 1 0 2 1 0 1 2 0 4 1
 1 1 1 1 0 2 1 0 2 0 1 4 1
 1 1 1 1 0 2 1 1 0 1 1 4 1
 1 1 1 1 1 0 1 1 1 2 1 3 1
 1 1 1 1 1 0 1 1 2 0 2 3 1
 1 1 1 1 1 0 1 1 2 1 0 4 1
 1 1 1 1 1 0 1 2 0 1 2 3 1
 1 1 1 1 1 0 1 2 0 2 0 4 1
 1 1 1 1 1 0 1 2 1 0 1 4 1
 1 1 1 1 1 0 2 0 1 1 2 3 1
 1 1 1 1 1 0 2 0 1 2 0 4 1
 1 1 1 1 1 0 2 0 2 0 1 4 1
 1 1 1 1 1 0 2 1 0 1 1 4 1
 1 1 1 1 1 1 0 1 1 1 2 3 1
 1 1 1 1 1 1 0 1 1 2 0 4 1
 1 1 1 1 1 1 0 1 2 0 1 4 1
 1 1 1 1 1 1 0 2 0 1 1 4 1
 1 1 1 1 1 1 1 0 1 1 1 4 1

0 Hilbert basis elements of recession monoid:

4322 vertices of polyhedron:
  0   0  2   2  1   1   1   1   1   1   1   3  1
  0   0  3   0  2   1   1   1   1   1   1   3  1
  0   0  3   1  0   2   1   1   1   1   1   3  1
  0   0  3   1  1   0   2   1   1   1   1   3  1
  0   0  3   1  1   1   0   2   1   1   1   3  1
  0   0  3   1  1   1   1   0   2   1   1   3  1
  0   0  3   1  1   1   1   1   0   2   1   3  1
  0   0  3   1  1   1   1   1   1   0   2   3  1
  0   0  3   1  1   1   1   1   1   1   0   4  1
  0   1  0   3  1   1   1   1   1   1   1   3  1
  0   1  2   0  2   0   2   1   1   1   1   3  1
  0   1  2   0  2   1   0   2   1   1   1   3  1
  0   1  2   0  2   1   1   0   2   1   1   3  1
  0   1  2   0  2   1   1   1   0   2   1   3  1
  0   1  2   0  2   1   1   1   1   0   2   3  1
  0   1  2   0  2   1   1   1   1   1   0   4  1
  0   1  2   1  0   2   0   2   1   1   1   3  1
  0   1  2   1  0   2   1   0   2   1   1   3  1
  0   1  2   1  0   2   1   1   0   2   1   3  1
  0   1  2   1  0   2   1   1   1   0   2   3  1
  0   1  2   1  0   2   1   1   1   1   0   4  1
  0   1  2   1  1   0   1   2   1   1   1   3  1
  0   1  2   1  1   0   2   0   2   1   1   3  1
  0   1  2   1  1   0   2   1   0   2   1   3  1
  0   1  2   1  1   0   2   1   1   0   2   3  1
  0   1  2   1  1   0   2   1   1   1   0   4  1
  0   1  2   1  1   1   0   1   2   1   1   3  1
  0   1  2   1  1   1   0   2   0   2   1   3  1
  0   1  2   1  1   1   0   2   1   0   2   3  1
  0   1  2   1  1   1   0   2   1   1   0   4  1
  0   1  2   1  1   1   1   0   1   2   1   3  1
  0   1  2   1  1   1   1   0   2   0   2   3  1
  0   1  2   1  1   1   1   0   2   1   0   4  1
  0   1  2   1  1   1   1   1   0   1   2   3  1
  0   1  2   1  1   1   1   1   0   2   0   4  1
  0   1  2   1  1   1   1   1   1   0   1   4  1
  0   2  0   0  3   1   1   1   1   1   1   3  1
  0   2  0   1  1   2   1   1   1   1   1   3  1
  0   2  0   1  2   0   2   1   1   1   1   3  1
  0   2  0   1  2   1   0   2   1   1   1   3  1
  0   2  0   1  2   1   1   0   2   1   1   3  1
  0   2  0   1  2   1   1   1   0   2   1   3  1
  0   2  0   1  2   1   1   1   1   0   2   3  1
  0   2  0   1  2   1   1   1   1   1   0   4  1
  0   2  0   2  0   1   2   1   1   1   1   3  1
  0   2  0   2  0   2   0   2   1   1   1   3  1
  0   2  0   2  0   2   1   0   2   1   1   3  1
  0   2  0   2  0   2   1   1   0   2   1   3  1
  0   2  0   2  0   2   1   1   1   0   2   3  1
  0   2  0   2  0   2   1   1   1   1   0   4  1
  0   2  0   2  1   0   1   2   1   1   1   3  1
  0   2  0   2  1   0   2   0   2   1   1   3  1
  0   2  0   2  1   0   2   1   0   2   1   3  1
  0   2  0   2  1   0   2   1   1   0   2   3  1
  0   2  0   2  1   0   2   1   1   1   0   4  1
  0   2  0   2  1   1   0   1   2   1   1   3  1
  0   2  0   2  1   1   0   2   0   2   1   3  1
  0   2  0   2  1   1   0   2   1   0   2   3  1
  0   2  0   2  1   1   0   2   1   1   0   4  1
  0   2  0   2  1   1   1   0   1   2   1   3  1
  0   2  0   2  1   1   1   0   2   0   2   3  1
  0   2  0   2  1   1   1   0   2   1   0   4  1
  0   2  0   2  1   1   1   1   0   1   2   3  1
  0   2  0   2  1   1   1   1   0   2   0   4  1
  0   2  0   2  1   1   1   1   1   0   1   4  1
  0   2  1   0  1   1   2   1   1   1   1   3  1
  0   2  1   0  1   2   0   2   1   1   1   3  1
  0   2  1   0  1   2   1   0   2   1   1   3  1
  0   2  1   0  1   2   1   1   0   2   1   3  1
  0   2  1   0  1   2   1   1   1   0   2   3  1
  0   2  1   0  1   2   1   1   1   1   0   4  1
  0   2  1   0  2   0   1   2   1   1   1   3  1
  0   2  1   0  2   0   2   0   2   1   1   3  1
  0   2  1   0  2   0   2   1   0   2   1   3  1
  0   2  1   0  2   0   2   1   1   0   2   3  1
  0   2  1   0  2   0   2   1   1   1   0   4  1
  0   2  1   0  2   1   0   1   2   1   1   3  1
  0   2  1   0  2   1   0   2   0   2   1   3  1
  0   2  1   0  2   1   0   2   1   0   2   3  1
  0   2  1   0  2   1   0   2   1   1   0   4  1
  0   2  1   0  2   1   1   0   1   2   1   3  1
  0   2  1   0  2   1   1   0   2   0   2   3  1
  0   2  1   0  2   1   1   0   2   1   0   4  1
  0   2  1   0  2   1   1   1   0   1   2   3  1
  0   2  1   0  2   1   1   1   0   2   0   4  1
  0   2  1   0  2   1   1   1   1   0   1   4  1
  0   2  1   1  0   1   1   2   1   1   1   3  1
  0   2  1   1  0   1   2   0   2   1   1   3  1
  0   2  1   1  0   1   2   1   0   2   1   3  1
  0   2  1   1  0   1   2   1   1   0   2   3  1
  0   2  1   1  0   1   2   1   1   1   0   4  1
  0   2  1   1  0   2   0   1   2   1   1   3  1
  0   2  1   1  0   2   0   2   0   2   1   3  1
  0   2  1   1  0   2   0   2   1   0   2   3  1
  0   2  1   1  0   2   0   2   1   1   0   4  1
  0   2  1   1  0   2   1   0   1   2   1   3  1
  0   2  1   1  0   2   1   0   2   0   2   3  1
  0   2  1   1  0   2   1   0   2   1   0   4  1
  0   2  1   1  0   2   1   1   0   1   2   3  1
  0   2  1   1  0   2   1   1   0   2   0   4  1
  0   2  1   1  0   2   1   1   1   0   1   4  1
  0   2  1   1  1   0   1   1   2   1   1   3  1
  0   2  1   1  1   0   1   2   0   2   1   3  1
  0   2  1   1  1   0   1   2   1   0   2   3  1
  0   2  1   1  1   0   1   2   1   1   0   4  1
  0   2  1   1  1   0   2   0   1   2   1   3  1
  0   2  1   1  1   0   2   0   2   0   2   3  1
  0   2  1   1  1   0   2   0   2   1   0   4  1
  0   2  1   1  1   0   2   1   0   1   2   3  1
  0   2  1   1  1   0   2   1   0   2   0   4  1
  0   2  1   1  1   0   2   1   1   0   1   4  1
  0   2  1   1  1   1   0   1   1   2   1   3  1
  0   2  1   1  1   1   0   1   2   0   2   3  1
  0   2  1   1  1   1   0   1   2   1   0   4  1
  0   2  1   1  1   1   0   2   0   1   2   3  1
  0   2  1   1  1   1   0   2   0   2   0   4  1
  0   2  1   1  1   1   0   2   1   0   1   4  1
  0   2  1   1  1   1   1   0   1   1   2   3  1
  0   2  1   1  1   1   1   0   1   2   0   4  1
  0   2  1   1  1   1   1   0   2   0   1   4  1
  0   2  1   1  1   1   1   1   0   1   1   4  1
  0   3  0   5  0   4   2   2   2   2   2   6  2
  0   3  0   5  2   0   4   2   2   2   2   6  2
  0   3  0   5  2   2   0   4   2   2   2   6  2
  0   3  0   5  2   2   2   0   4   2   2   6  2
  0   3  0   5  2   2   2   2   0   4   2   6  2
  0   3  0   5  2   2   2   2   2   0   4   6  2
  0   3  0   5  2   2   2   2   2   2   0   8  2
  0   3  2   3  2   2   1   0   5   2   2   6  2
  0   3  3   1  3   2   1   0   5   2   2   6  2
  0   3  3   2  0   1   5   2   2   2   2   6  2
  0   4  0   4  1   0   5   2   2   2   2   6  2
  0   4  1   0  3   4   2   2   2   2   2   6  2
  0   4  1   0  5   0   4   2   2   2   2   6  2
  0   4  1   0  5   2   0   4   2   2   2   6  2
  0   4  1   0  5   2   2   0   4   2   2   6  2
  0   4  1   0  5   2   2   2   0   4   2   6  2
  0   4  1   0  5   2   2   2   2   0   4   6  2
  0   4  1   0  5   2   2   2   2   2   0   8  2
  0   4  1   3  0   1   5   2   2   2   2   6  2
  0   4  1   3  1   3   1   0   5   2   2   6  2
  0   4  2   1  2   3   1   0   5   2   2   6  2
  0   4  5   3  1   0   8   3   3   3   3   9  3
  0   5  3   4  3   3   0   2   7   3   3   9  3
  0   5  4   0  1   8   3   3   3   3   3   9  3
  0   5  4   0  5   0   7   3   3   3   3   9  3
  0   5  4   0  6   3   2   0   7   3   3   9  3
  0   5  4   2  4   3   0   2   7   3   3   9  3
  0   5  4   3  2   0   4   6   3   3   3   9  3
  0   5  4   3  2   0   7   0   6   3   3   9  3
  0   5  4   3  2   0   7   3   0   6   3   9  3
  0   5  4   3  2   0   7   3   3   0   6   9  3
  0   5  4   3  2   0   7   3   3   3   0  12  3
  0   6  0   5  4   2   0   7   3   3   3   9  3
  0   6  0   6  2   4   2   0   7   3   3   9  3
  0   6  1   5  1   0   8   3   3   3   3   9  3
  0   6  2   4  0   6   2   0   7   3   3   9  3
  0   6  2   4  2   0   4   6   3   3   3   9  3
  0   6  2   4  2   0   7   0   6   3   3   9  3
  0   6  2   4  2   0   7   3   0   6   3   9  3
  0   6  2   4  2   0   7   3   3   0   6   9  3
  0   6  2   4  2   0   7   3   3   3   0  12  3
  0   6  2   4  2   4   0   2   7   3   3   9  3
  0   6  3   0  5   4   2   0   7   3   3   9  3
  0   6  3   2  1   6   2   0   7   3   3   9  3
  0   6  3   2  3   4   0   2   7   3   3   9  3
  0   7  0   9  4   3   0   9   4   4   4  12  4
  0   7  0   9  4   4   3   0   9   4   4  12  4
  0   7  4   4  5   4   4   4   0   3   9  12  4
  0   7  4   5  0   8   4   4   3   0   9  12  4
  0   7  4   5  3   5   4   4   0   3   9  12  4
  0   7  4   5  4   0   7   0   9   4   4  12  4
  0   7  4   5  4   4   3   0   5   8   4  12  4
  0   7  4   5  4   4   3   0   9   0   8  12  4
  0   7  4   5  4   4   3   0   9   4   0  16  4
  0   7  5   0  7   5   4   3   0   9   4  12  4
  0   7  5   0  8   3   5   4   3   0   9  12  4
  0   7  5   3  5   0   7   0   9   4   4  12  4
  0   7  5   3  5   0   8   4   3   0   9  12  4
  0   7  5   3  5   3   5   4   0   3   9  12  4
  0   7  5   3  5   4   3   0   5   8   4  12  4
  0   7  5   3  5   4   3   0   9   0   8  12  4
  0   7  5   3  5   4   3   0   9   4   0  16  4
  0   7  5   4  0   7   5   4   3   0   9  12  4
  0   7  5   4  3   4   5   4   0   3   9  12  4
  0   8  0   7  5   4   3   5   3   0   9  12  4
  0   8  0   8  3   5   3   5   3   0   9  12  4
  0   8  3   0  8   0   9   4   4   4   4  12  4
  0   8  3   4  5   4   0   8   3   0   9  12  4
  0   8  3   4  5   4   3   5   0   3   9  12  4
  0   8  3   5  0   8   3   5   3   0   9  12  4
  0   8  3   5  3   5   0   8   3   0   9  12  4
  0   8  3   5  3   5   3   0   5   8   4  12  4
  0   8  3   5  3   5   3   0   9   0   8  12  4
  0   8  3   5  3   5   3   0   9   4   0  16  4
  0   8  3   5  3   5   3   5   0   3   9  12  4
  0   8  4   0  7   4   5   3   0   9   4  12  4
  0   8  4   0  8   3   4   5   3   0   9  12  4
  0   8  4   3  4   1   7   0   9   4   4  12  4
  0   8  4   3  4   5   3   0   5   8   4  12  4
  0   8  4   3  4   5   3   0   9   0   8  12  4
  0   8  4   3  4   5   3   0   9   4   0  16  4
  0   8  4   3  5   0   7   5   3   0   9  12  4
  0   8  4   3  5   3   1   8   3   0   9  12  4
  0   8  4   3  5   3   4   5   0   3   9  12  4
  0   8  4   4  0   7   4   5   3   0   9  12  4
  0   8  4   4  3   1   7   5   3   0   9  12  4
  0   8  4   4  3   4   1   8   3   0   9  12  4
  0   8  4   4  3   4   4   5   0   3   9  12  4
  0   8  5   5  7   5   5   5   3   0  12  15  5
  0   8  5   7  3   7   5   5   3   0  12  15  5
  0   8  6   6  5   0   3  12   5   5   5  15  5
  0   8  7   1  0  14   5   5   5   5   5  15  5
  0   8  7   3  7   3   7   5   3   0  12  15  5
  0   8  7   5  3   5   7   5   3   0  12  15  5
  0   9  0  10  6   5   5   5   4   0  11  15  5
  0   9  0  11  4   6   5   5   4   0  11  15  5
  0   9  5   0 11   5   5   4   0  11   5  15  5
  0   9  5   0 11   5   5   5   4   0  11  15  5
  0   9  5   5  6   5   5   0   9   0  11  15  5
  0   9  5   5  6   5   5   5   4   0   6  20  5
  0   9  5   6  0   9   6   5   5   4   0  21  5
  0   9  5   6  4   6   5   0   9   0  11  15  5
  0   9  5   6  4   6   5   5   4   0   6  20  5
  0   9  5   6  5   4   0   5  11   5   5  15  5
  0   9  6   3  0  12   0  10   5   5   5  15  5
  0   9  6   3  0  12   5   0  10   5   5  15  5
  0   9  6   3  0  12   5   5   0  10   5  15  5
  0   9  6   3  0  12   5   5   5   0  10  15  5
  0   9  6   3  0  12   5   5   5   5   0  20  5
  0   9  6   4  6   4   6   0   9   0  11  15  5
  0   9  6   4  6   4   6   5   4   0   6  20  5
  0   9  6   5  0   9   5   6   5   4   0  21  5
  0   9  6   5  4   0  11   5   4   0  11  15  5
  0   9  6   5  4   5   6   0   9   0  11  15  5
  0   9  6   5  4   5   6   5   4   0   6  20  5
  0  10  3   5  7   5   3   7   3   0  12  15  5
  0  10  3   7  3   7   3   7   3   0  12  15  5
  0  10  4   0 11   4   6   4   0  11   5  15  5
  0  10  4   0 11   5   4   6   4   0  11  15  5
  0  10  4   4  7   0   3  12   5   5   5  15  5
  0  10  4   5  1  10   5   4   6   4   0  21  5
  0  10  4   5  6   5   4   1   9   0  11  15  5
  0  10  4   5  6   5   4   6   4   0   6  20  5
  0  10  4   6  0   9   6   4   6   4   0  21  5
  0  10  4   6  4   0  10   0  11   5   5  15  5
  0  10  4   6  4   6   4   6   4   0   6  20  5
  0  10  5   3  7   3   5   7   3   0  12  15  5
  0  10  5   4  1  10   4   5   6   4   0  21  5
  0  10  5   4  6   4   5   1   9   0  11  15  5
  0  10  5   4  6   4   5   6   4   0   6  20  5
  0  10  5   5  0   9   5   5   6   4   0  21  5
  0  10  5   5  3   5   5   7   3   0  12  15  5
  0  10  5   5  4   5   5   1   9   0  11  15  5
  0  10  5   5  4   5   5   6   4   0   6  20  5
  0  10  9   9  7   3   0  18   7   7   7  21  7
  0  11  0  11  0  14   6   6   6   6   6  18  6
  0  11  6   6  0  13   6   6   6   5   0  25  6
  0  11  6   6  7   6   6   5   0   6  13  18  6
  0  11  7   4  0   7  13   6   6   6   6  18  6
  0  11  7   5  0  13   5   7   6   5   0  25  6
  0  11  7   6  5   0  12   7   6   5   0  25  6
  0  12  5   0 13   4   0  14   6   6   6  18  6
  0  12  5   6  7   5   0  12   0  13   6  18  6
  0  12  5   7  5   0  12   7   5   0  13  18  6
  0  12  5   7  5   0  13   5   7   5   0  25  6
  0  12  5   7  5   7   5   0  12   0  13  18  6
  0  12  6   5  6   6   6   0   6  13   6  18  6
  0  12  6   5  6   7   5   0  13   5   0  25  6
  0  12  7   8  8   7   7   0   5  16   7  21  7
  0  12  8   8  0  12   0  16   7   7   7  21  7
  0  12  8   8  7   5   0  16   0  14   7  21  7
  0  12  8   8  7   5   0  16   7   0  14  21  7
  0  12  8   8  7   5   0  16   7   7   0  28  7
  0  12  9   6  6   9   7   0   5  16   7  21  7
  0  13  7   8  6   7   8   7   6   0   7  29  7
  0  13  8   5  0  16   7   6   0  15   7  21  7
  0  13  8   6  8   6   7   0  14   0  15  21  7
  0  13  8   7  6   7   7   8   6   0   7  29  7
  0  14  0  13  8   5   9   5   0  16   7  21  7
  0  14  5   5 11   3   0  18   7   7   7  21  7
  0  14  5   8  8   0  14   5   0  16   7  21  7
  0  14  5   8  8   5   9   0   5  16   7  21  7
  0  14  6   6  2  12   0  16   7   7   7  21  7
  0  14  6   6  8   0   6  16   7   7   7  21  7
  0  14  6   6  9   5   0   9  14   7   7  21  7
  0  14  6   6  9   5   0  16   0  14   7  21  7
  0  14  6   6  9   5   0  16   7   0  14  21  7
  0  14  6   6  9   5   0  16   7   7   0  28  7
  0  14  7   6  1  12   9   5   0  16   7  21  7
  0  14  7   6  6   2  14   5   0  16   7  21  7
  0  14  7   6  6   7   9   0   5  16   7  21  7
  0  14  7   6  7   7   7   0  14   0  15  21  7
  0  14  7   7  6   7   7   7   7   0   7  29  7
  0  14  9   9  8   6   0   9  17   8   8  24  8
  0  14  9  11 11   9   9   5   0  22   9  27  9
  0  14 10   7  0  17   8   6   0  18   8  24  8
  0  14 13   7  7  13   9   5   0  22   9  27  9
  0  15  8   7  0  18   8   8   7   0  17  24  8
  0  15  8   7  0  18   8   8   8   7   0  33  8
  0  15  8   9  6   0  18   8   8   7   0  33  8
  0  15  9   6  0  17   9   8   7   0  17  24  8
  0  15  9   6  0  18   7   9   8   7   0  33  8
  0  16  0  19 10   9   9   7   0  20   9  27  9
  0  16  7   8  8   0  17   6   0  18   8  24  8
  0  16  9   9 10  10   9   9   9   0   7  38  9
  0  16  9  10 10   9   0  16   0  20   9  27  9
  0  16  9  10 10   9   9   7   0  20   0  36  9
  0  16  9  11  8   8  11   9   9   0   7  38  9
  0  16 11   0 17  10   7  11   9   7   0  38  9
  0  16 11   7 10  10   0  18   9   7   0  38  9
  0  16 11   7 10  10   7  11   9   0   7  38  9
  0  16 11   8  8  11   0  16   0  20   9  27  9
  0  16 11   8  8  11   8   0   8  20   9  27  9
  0  16 11   8  8  11   9   7   0  11  18  27  9
  0  16 11   8  8  11   9   7   0  20   0  36  9
  0  16 11   9  8   8   2  18   9   7   0  38  9
  0  16 11   9  8   8   9  11   9   0   7  38  9
  0  17 10   7  0  20   7   0  20   9   9  27  9
  0  17 10   7 10   0  17   0  20   9   9  27  9
  0  17 10   7 10  10   7   0  10  19   9  27  9
  0  18  0  16 10  10   9   7  11   7   0  38  9
  0  18  0  18  8   8  11   7  11   7   0  38  9
  0  18  5  11 11   5  13   5   0  22   9  27  9
  0  18  7   9 10  10   9   0  18   7   0  38  9
  0  18  7   9 10  10   9   7  11   0   7  38  9
  0  18  7  10 10   7  11   7   0  11  18  27  9
  0  18  7  10 10   7  11   7   0  20   0  36  9
  0  18  7  11  8   8  11   0  18   7   0  38  9
  0  18  7  11  8   8  11   7  11   0   7  38  9
  0  18  8   8 11   7   0  19   0  19   9  27  9
  0  18  9   0 17  10   7   9  11   7   0  38  9
  0  18  9   7  7   9  13   5   0  22   9  27  9
  0  18  9   7 10  10   0  16  11   7   0  38  9
  0  18  9   7 10  10   7   9  11   0   7  38  9
  0  18  9   8  8   9   2  16   0  20   9  27  9
  0  18  9   8  8   9  10   0   8  20   9  27  9
  0  18  9   8  8   9  11   7   0  11  18  27  9
  0  18  9   8  8   9  11   7   0  20   0  36  9
  0  18  9   9  8   1  16   9  11   7   0  38  9
  0  18  9   9  8   8   2  16  11   7   0  38  9
  0  18  9   9  8   8   9   2  18   7   0  38  9
  0  18  9   9  8   8   9   9  11   0   7  38  9
  0  18 10  11 11  10  10   8   0  11  21  30 10
  0  18 10  12  9   0  21  10  10   8   0  42 10
  0  18 11  10 11  10   8   0  21   0  21  30 10
  0  18 11  11 13  13  11  11  11   7   0  48 11
  0  18 11  15  9   9  15  11  11   7   0  48 11
  0  18 12  10  9   0  19  12  10   8   0  42 10
  0  18 15   7 13  13   7  15  11   7   0  48 11
  0  18 15  11  9   9  11  15  11   7   0  48 11
  0  19  9  11 11   9  11   8   0  11  21  30 10
  0  19 11   9  9  11  11   8   0  11  21  30 10
  0  19 11  10  9   0  19  11  11   8   0  42 10
  0  20  0  22 12  12  11  11  11   9   0  46 11
  0  20  0  24 10  10  13  11  11   9   0  46 11
  0  20  8  11 11   8   1  19   0  22  10  30 10
  0  20  8  12  9   0  21   8  12   8   0  42 10
  0  20  9   9 11  11   9   0  21   8   0  42 10
  0  20  9   9 12   9   9  11   0   9  22  30 10
  0  20  9  11  9   0  20   9  12   8   0  42 10
  0  20  9  11  9   9  11   0  21   8   0  42 10
  0  20 10   8 11  11   8   1  21   8   0  42 10
  0  20 10   9 10  10   9   1  21   8   0  42 10
  0  20 11   0 23  12  11  11  11   9   0  46 11
  0  20 11  11 12  12  11  11   0  20   0  46 11
  0  20 11  12 12  11   9   0  11  24  11  33 11
  0  20 11  13 10  10  13  11   0  20   0  46 11
  0  20 11  13 10  10  13  11  10   0  10  46 11
  0  20 12  11 11  12  11   9   0  23   0  45 11
  0  20 12  12  8   0  12  24  11  11  11  33 11
  0  20 12  12  9  12  12  11   9   0  12  45 11
  0  20 13   9 12  12   9  13   0  20   0  46 11
  0  20 13  10 10   0  24   9   0  24  11  33 11
  0  20 13  11 10  10  11  13   0  20   0  46 11
  0  20 13  11 10  10  11  13  10   0  10  46 11
  0  21 10  11 13  11  10   0  21   0  24  33 11
  0  21 10  13 10  10  13  10  11   0  10  46 11
  0  21 12   9 13   9  12   0  21   0  24  33 11
  0  21 12  11  9  11  12  12   9   0  12  45 11
  0  22  7  11 13  13  11   7  15   7   0  48 11
  0  22  7  15  9   9  15   7  15   7   0  48 11
  0  22  9   0 23  12  11   9  13   9   0  46 11
  0  22  9  11 12  12  11   9   2  20   0  46 11
  0  22  9  12 12   9  12  10   0  12  23  33 11
  0  22  9  13 10  10  13   9   2  20   0  46 11
  0  22 10  10 12  12  10  10  12   0  10  46 11
  0  22 10  10 13   9   0  24   9   0  24  33 11
  0  22 10  12 10  10  12  10  12   0  10  46 11
  0  22 11   7 13  13   7  11  15   7   0  48 11
  0  22 11   9 12  12   9  11   2  20   0  46 11
  0  22 11  10 11  10  11   1  21   0  24  33 11
  0  22 11  11  9   9  11  11  15   7   0  48 11
  0  22 11  11 10  10  11  11   2  20   0  46 11
  0  22 11  11 10  10  11  11  12   0  10  46 11
  0  22 12  13 12  13  12  10   0  12  26  36 12
  0  22 13  13 11  11   0  26  12  10   0  50 12
  0  22 14  11 11  14  11  11   0  25   0  49 12
  0  23 11  12  0  26  12  11  13  10   0  50 12
  0  23 11  12 13  13  12  11   0  23   0  50 12
  0  23 13  10  0  26  10  13  13  10   0  50 12
  0  23 13  10 13  13  10   0  26  10   0  50 12
  0  23 13  10 13  13  10  13   0  23   0  50 12
  0  24 11  11 13  11   0  24   0  26  12  36 12
  0  24 12  11 12  12  11  12   1  23   0  50 12
  0  24 13  13 14  14  13  13  11   0  13  54 13
  0  24 13  14 13  13  14  13  11   0  13  54 13
  0  25 15  15 15  14  11   0  15  30  14  42 14
  0  26 12  12 12  14   0  12  29  13  13  39 13
  0  26 13  12 12  13  13  13   0  13  28  39 13
  0  28 12  15 14  13  16  12   0  28   0  58 14
  0  28 13  12 17  12   0  30  11   0  31  42 14
  0  28 13  13 15  13   0  30  11   0  31  42 14
  0  28 13  14 14  13  15  13   0  28   0  58 14
  0  28 14  13 14  13  14  14  14   0  14  58 14
  0  29 19  15 15  15  19  14   0  15  35  48 16
  0  30 15  14 14  15  15  15   0  30   0  62 15
  0  30 17  17 13  17   0  34  13   0  35  48 16
  0  31 17  14  0  31  19  12   0  36  16  48 16
  0  31 17  18 18  18  17  17  14   0  18  70 17
  0  31 18  18 18  13   0  18  37  17  17  51 17
  0  32 16  15 15  15  16  17   0  15  35  48 16
  0  32 16  18 18  18  16  18  14   0  18  70 17
  0  32 18  18 14  18  18  18  14   0  18  70 17
  0  33 18  15 18  15  18   0  33   0  37  51 17
  0  33 19  18 19  19  18  15   0  37   0  74 18
  0  33 19  19 19  14   0  38   0  38  18  54 18
  0  38 16  20 20  20  16  20  18   0  20  78 19
  0  38 19  18 18  19  18  19   1  37   0  79 19
  0  38 22  22 22  22  21  17   0  22  45  63 21
  0  40 19  19 19  19   2  38   0  44  20  60 20
  0  40 19  19 19  19  21   0  19  44  20  60 20
  0  40 23  23 23  23  22  18   0  46   0  90 22
  0  41 18  23 23  18   0  41   0  46  21  63 21
  0  42 20  20 21  21   0  40  25  17   0  88 21
  0  42 24  19 24  19  24  24  18   0  24  90 22
  0  44 25  25 25  25  19   0  25  52  24  72 24
  0  44 28  23 23  23  23  28  21   0  23 100 24
  0  46 26  23 23  23  23  26   0  46   0 100 24
  0  48 24  23 23  23  23  24   2  46   0 100 24
  0  48 24  23 23  23  23  24  25   0  23 100 24
  0  48 24  24  0  48   0  56  25  25  25  75 25
  0  53 30  30 30  30  30  29  24   0  30 120 29
  0  56 27  27 27  27  27  29   0  27  61  84 28
  0  59 33  33 33  33  33  26   0  33  69  96 32
  0  65 34  31 31  34  31  34   0  65   0 137 33
  0  65 36  36 36  36  36  29   0  72   0 144 35
  0  70 31  36 36  31  41  29   0  72   0 144 35
  0  74 31  41 36  36  41  31   2  72   0 154 37
  0  74 36  36 36  36  36  36   2  72   0 154 37
  0  74 36  36 36  36  36  36  38   0  36 154 37
  0  76 42  42 42  42  42  42  34   0  42 170 41
  0  82 41  41 41  41   0  82   0  92  42 126 42
  0 124 55  69 62  62  69  55   0 124   0 262 63
  0 124 62  62 62  62  62  62   0 124   0 262 63
  1   0  1   0  3   1   1   1   1   1   1   3  1
  1   0  1   1  2   0   2   1   1   1   1   3  1
  1   0  1   1  2   1   0   2   1   1   1   3  1
  1   0  1   1  2   1   1   0   2   1   1   3  1
  1   0  1   1  2   1   1   1   0   2   1   3  1
  1   0  1   1  2   1   1   1   1   0   2   3  1
  1   0  1   1  2   1   1   1   1   1   0   4  1
  1   0  1   2  0   1   2   1   1   1   1   3  1
  1   0  1   2  0   2   0   2   1   1   1   3  1
  1   0  1   2  0   2   1   0   2   1   1   3  1
  1   0  1   2  0   2   1   1   0   2   1   3  1
  1   0  1   2  0   2   1   1   1   0   2   3  1
  1   0  1   2  0   2   1   1   1   1   0   4  1
  1   0  1   2  1   0   1   2   1   1   1   3  1
  1   0  1   2  1   0   2   0   2   1   1   3  1
  1   0  1   2  1   0   2   1   0   2   1   3  1
  1   0  1   2  1   0   2   1   1   0   2   3  1
  1   0  1   2  1   0   2   1   1   1   0   4  1
  1   0  1   2  1   1   0   1   2   1   1   3  1
  1   0  1   2  1   1   0   2   0   2   1   3  1
  1   0  1   2  1   1   0   2   1   0   2   3  1
  1   0  1   2  1   1   0   2   1   1   0   4  1
  1   0  1   2  1   1   1   0   1   2   1   3  1
  1   0  1   2  1   1   1   0   2   0   2   3  1
  1   0  1   2  1   1   1   0   2   1   0   4  1
  1   0  1   2  1   1   1   1   0   1   2   3  1
  1   0  1   2  1   1   1   1   0   2   0   4  1
  1   0  1   2  1   1   1   1   1   0   1   4  1
  1   0  1   6  2   2   2   2   2   2   2   6  2
  1   0  2   0  1   1   2   1   1   1   1   3  1
  1   0  2   0  1   2   0   2   1   1   1   3  1
  1   0  2   0  1   2   1   0   2   1   1   3  1
  1   0  2   0  1   2   1   1   0   2   1   3  1
  1   0  2   0  1   2   1   1   1   0   2   3  1
  1   0  2   0  1   2   1   1   1   1   0   4  1
  1   0  2   0  2   0   1   2   1   1   1   3  1
  1   0  2   0  2   0   2   0   2   1   1   3  1
  1   0  2   0  2   0   2   1   0   2   1   3  1
  1   0  2   0  2   0   2   1   1   0   2   3  1
  1   0  2   0  2   0   2   1   1   1   0   4  1
  1   0  2   0  2   1   0   1   2   1   1   3  1
  1   0  2   0  2   1   0   2   0   2   1   3  1
  1   0  2   0  2   1   0   2   1   0   2   3  1
  1   0  2   0  2   1   0   2   1   1   0   4  1
  1   0  2   0  2   1   1   0   1   2   1   3  1
  1   0  2   0  2   1   1   0   2   0   2   3  1
  1   0  2   0  2   1   1   0   2   1   0   4  1
  1   0  2   0  2   1   1   1   0   1   2   3  1
  1   0  2   0  2   1   1   1   0   2   0   4  1
  1   0  2   0  2   1   1   1   1   0   1   4  1
  1   0  2   1  0   1   1   2   1   1   1   3  1
  1   0  2   1  0   1   2   0   2   1   1   3  1
  1   0  2   1  0   1   2   1   0   2   1   3  1
  1   0  2   1  0   1   2   1   1   0   2   3  1
  1   0  2   1  0   1   2   1   1   1   0   4  1
  1   0  2   1  0   2   0   1   2   1   1   3  1
  1   0  2   1  0   2   0   2   0   2   1   3  1
  1   0  2   1  0   2   0   2   1   0   2   3  1
  1   0  2   1  0   2   0   2   1   1   0   4  1
  1   0  2   1  0   2   1   0   1   2   1   3  1
  1   0  2   1  0   2   1   0   2   0   2   3  1
  1   0  2   1  0   2   1   0   2   1   0   4  1
  1   0  2   1  0   2   1   1   0   1   2   3  1
  1   0  2   1  0   2   1   1   0   2   0   4  1
  1   0  2   1  0   2   1   1   1   0   1   4  1
  1   0  2   1  1   0   1   1   2   1   1   3  1
  1   0  2   1  1   0   1   2   0   2   1   3  1
  1   0  2   1  1   0   1   2   1   0   2   3  1
  1   0  2   1  1   0   1   2   1   1   0   4  1
  1   0  2   1  1   0   2   0   1   2   1   3  1
  1   0  2   1  1   0   2   0   2   0   2   3  1
  1   0  2   1  1   0   2   0   2   1   0   4  1
  1   0  2   1  1   0   2   1   0   1   2   3  1
  1   0  2   1  1   0   2   1   0   2   0   4  1
  1   0  2   1  1   0   2   1   1   0   1   4  1
  1   0  2   1  1   1   0   1   1   2   1   3  1
  1   0  2   1  1   1   0   1   2   0   2   3  1
  1   0  2   1  1   1   0   1   2   1   0   4  1
  1   0  2   1  1   1   0   2   0   1   2   3  1
  1   0  2   1  1   1   0   2   0   2   0   4  1
  1   0  2   1  1   1   0   2   1   0   1   4  1
  1   0  2   1  1   1   1   0   1   1   2   3  1
  1   0  2   1  1   1   1   0   1   2   0   4  1
  1   0  2   1  1   1   1   0   2   0   1   4  1
  1   0  2   1  1   1   1   1   0   1   1   4  1
  1   0  5   0  4   0   4   2   2   2   2   6  2
  1   0  5   0  4   2   0   4   2   2   2   6  2
  1   0  5   0  4   2   2   0   4   2   2   6  2
  1   0  5   0  4   2   2   2   0   4   2   6  2
  1   0  5   0  4   2   2   2   2   0   4   6  2
  1   0  5   0  4   2   2   2   2   2   0   8  2
  1   0  5   1  0   5   2   2   2   2   2   6  2
  1   0  5   2  0   4   0   4   2   2   2   6  2
  1   0  5   2  0   4   2   0   4   2   2   6  2
  1   0  5   2  0   4   2   2   0   4   2   6  2
  1   0  5   2  0   4   2   2   2   0   4   6  2
  1   0  5   2  0   4   2   2   2   2   0   8  2
  1   0  5   2  1   0   5   2   2   2   2   6  2
  1   0  5   2  2   0   2   4   2   2   2   6  2
  1   0  5   2  2   0   4   0   4   2   2   6  2
  1   0  5   2  2   0   4   2   0   4   2   6  2
  1   0  5   2  2   0   4   2   2   0   4   6  2
  1   0  5   2  2   0   4   2   2   2   0   8  2
  1   0  5   2  2   2   0   2   4   2   2   6  2
  1   0  5   2  2   2   0   4   0   4   2   6  2
  1   0  5   2  2   2   0   4   2   0   4   6  2
  1   0  5   2  2   2   0   4   2   2   0   8  2
  1   0  5   2  2   2   2   0   2   4   2   6  2
  1   0  5   2  2   2   2   0   4   0   4   6  2
  1   0  5   2  2   2   2   0   4   2   0   8  2
  1   0  5   2  2   2   2   2   0   2   4   6  2
  1   0  5   2  2   2   2   2   0   4   0   8  2
  1   0  5   2  2   2   2   2   2   0   2   8  2
  1   1  0   1  1   1   2   1   1   1   1   3  1
  1   1  0   1  1   2   0   2   1   1   1   3  1
  1   1  0   1  1   2   1   0   2   1   1   3  1
  1   1  0   1  1   2   1   1   0   2   1   3  1
  1   1  0   1  1   2   1   1   1   0   2   3  1
  1   1  0   1  1   2   1   1   1   1   0   4  1
  1   1  0   1  2   0   1   2   1   1   1   3  1
  1   1  0   1  2   0   2   0   2   1   1   3  1
  1   1  0   1  2   0   2   1   0   2   1   3  1
  1   1  0   1  2   0   2   1   1   0   2   3  1
  1   1  0   1  2   0   2   1   1   1   0   4  1
  1   1  0   1  2   1   0   1   2   1   1   3  1
  1   1  0   1  2   1   0   2   0   2   1   3  1
  1   1  0   1  2   1   0   2   1   0   2   3  1
  1   1  0   1  2   1   0   2   1   1   0   4  1
  1   1  0   1  2   1   1   0   1   2   1   3  1
  1   1  0   1  2   1   1   0   2   0   2   3  1
  1   1  0   1  2   1   1   0   2   1   0   4  1
  1   1  0   1  2   1   1   1   0   1   2   3  1
  1   1  0   1  2   1   1   1   0   2   0   4  1
  1   1  0   1  2   1   1   1   1   0   1   4  1
  1   1  0   2  0   1   1   2   1   1   1   3  1
  1   1  0   2  0   1   2   0   2   1   1   3  1
  1   1  0   2  0   1   2   1   0   2   1   3  1
  1   1  0   2  0   1   2   1   1   0   2   3  1
  1   1  0   2  0   1   2   1   1   1   0   4  1
  1   1  0   2  0   2   0   1   2   1   1   3  1
  1   1  0   2  0   2   0   2   0   2   1   3  1
  1   1  0   2  0   2   0   2   1   0   2   3  1
  1   1  0   2  0   2   0   2   1   1   0   4  1
  1   1  0   2  0   2   1   0   1   2   1   3  1
  1   1  0   2  0   2   1   0   2   0   2   3  1
  1   1  0   2  0   2   1   0   2   1   0   4  1
  1   1  0   2  0   2   1   1   0   1   2   3  1
  1   1  0   2  0   2   1   1   0   2   0   4  1
  1   1  0   2  0   2   1   1   1   0   1   4  1
  1   1  0   2  1   0   1   1   2   1   1   3  1
  1   1  0   2  1   0   1   2   0   2   1   3  1
  1   1  0   2  1   0   1   2   1   0   2   3  1
  1   1  0   2  1   0   1   2   1   1   0   4  1
  1   1  0   2  1   0   2   0   1   2   1   3  1
  1   1  0   2  1   0   2   0   2   0   2   3  1
  1   1  0   2  1   0   2   0   2   1   0   4  1
  1   1  0   2  1   0   2   1   0   1   2   3  1
  1   1  0   2  1   0   2   1   0   2   0   4  1
  1   1  0   2  1   0   2   1   1   0   1   4  1
  1   1  0   2  1   1   0   1   1   2   1   3  1
  1   1  0   2  1   1   0   1   2   0   2   3  1
  1   1  0   2  1   1   0   1   2   1   0   4  1
  1   1  0   2  1   1   0   2   0   1   2   3  1
  1   1  0   2  1   1   0   2   0   2   0   4  1
  1   1  0   2  1   1   0   2   1   0   1   4  1
  1   1  0   2  1   1   1   0   1   1   2   3  1
  1   1  0   2  1   1   1   0   1   2   0   4  1
  1   1  0   2  1   1   1   0   2   0   1   4  1
  1   1  0   2  1   1   1   1   0   1   1   4  1
  1   1  0   5  3   2   2   2   2   2   2   6  2
  1   1  0   6  1   3   2   2   2   2   2   6  2
  1   1  0   6  2   1   3   2   2   2   2   6  2
  1   1  0   6  2   2   1   3   2   2   2   6  2
  1   1  0   6  2   2   2   1   3   2   2   6  2
  1   1  0   6  2   2   2   2   1   3   2   6  2
  1   1  0   6  2   2   2   2   2   1   3   6  2
  1   1  0   6  2   2   2   2   2   2   1   7  2
  1   1  1   0  1   1   1   2   1   1   1   3  1
  1   1  1   0  1   1   2   0   2   1   1   3  1
  1   1  1   0  1   1   2   1   0   2   1   3  1
  1   1  1   0  1   1   2   1   1   0   2   3  1
  1   1  1   0  1   1   2   1   1   1   0   4  1
  1   1  1   0  1   2   0   1   2   1   1   3  1
  1   1  1   0  1   2   0   2   0   2   1   3  1
  1   1  1   0  1   2   0   2   1   0   2   3  1
  1   1  1   0  1   2   0   2   1   1   0   4  1
  1   1  1   0  1   2   1   0   1   2   1   3  1
  1   1  1   0  1   2   1   0   2   0   2   3  1
  1   1  1   0  1   2   1   0   2   1   0   4  1
  1   1  1   0  1   2   1   1   0   1   2   3  1
  1   1  1   0  1   2   1   1   0   2   0   4  1
  1   1  1   0  1   2   1   1   1   0   1   4  1
  1   1  1   0  2   0   1   1   2   1   1   3  1
  1   1  1   0  2   0   1   2   0   2   1   3  1
  1   1  1   0  2   0   1   2   1   0   2   3  1
  1   1  1   0  2   0   1   2   1   1   0   4  1
  1   1  1   0  2   0   2   0   1   2   1   3  1
  1   1  1   0  2   0   2   0   2   0   2   3  1
  1   1  1   0  2   0   2   0   2   1   0   4  1
  1   1  1   0  2   0   2   1   0   1   2   3  1
  1   1  1   0  2   0   2   1   0   2   0   4  1
  1   1  1   0  2   0   2   1   1   0   1   4  1
  1   1  1   0  2   1   0   1   1   2   1   3  1
  1   1  1   0  2   1   0   1   2   0   2   3  1
  1   1  1   0  2   1   0   1   2   1   0   4  1
  1   1  1   0  2   1   0   2   0   1   2   3  1
  1   1  1   0  2   1   0   2   0   2   0   4  1
  1   1  1   0  2   1   0   2   1   0   1   4  1
  1   1  1   0  2   1   1   0   1   1   2   3  1
  1   1  1   0  2   1   1   0   1   2   0   4  1
  1   1  1   0  2   1   1   0   2   0   1   4  1
  1   1  1   0  2   1   1   1   0   1   1   4  1
  1   1  1   1  0   1   1   1   2   1   1   3  1
  1   1  1   1  0   1   1   2   0   2   1   3  1
  1   1  1   1  0   1   1   2   1   0   2   3  1
  1   1  1   1  0   1   1   2   1   1   0   4  1
  1   1  1   1  0   1   2   0   1   2   1   3  1
  1   1  1   1  0   1   2   0   2   0   2   3  1
  1   1  1   1  0   1   2   0   2   1   0   4  1
  1   1  1   1  0   1   2   1   0   1   2   3  1
  1   1  1   1  0   1   2   1   0   2   0   4  1
  1   1  1   1  0   1   2   1   1   0   1   4  1
  1   1  1   1  0   2   0   1   1   2   1   3  1
  1   1  1   1  0   2   0   1   2   0   2   3  1
  1   1  1   1  0   2   0   1   2   1   0   4  1
  1   1  1   1  0   2   0   2   0   1   2   3  1
  1   1  1   1  0   2   0   2   0   2   0   4  1
  1   1  1   1  0   2   0   2   1   0   1   4  1
  1   1  1   1  0   2   1   0   1   1   2   3  1
  1   1  1   1  0   2   1   0   1   2   0   4  1
  1   1  1   1  0   2   1   0   2   0   1   4  1
  1   1  1   1  0   2   1   1   0   1   1   4  1
  1   1  1   1  1   0   1   1   1   2   1   3  1
  1   1  1   1  1   0   1   1   2   0   2   3  1
  1   1  1   1  1   0   1   1   2   1   0   4  1
  1   1  1   1  1   0   1   2   0   1   2   3  1
  1   1  1   1  1   0   1   2   0   2   0   4  1
  1   1  1   1  1   0   1   2   1   0   1   4  1
  1   1  1   1  1   0   2   0   1   1   2   3  1
  1   1  1   1  1   0   2   0   1   2   0   4  1
  1   1  1   1  1   0   2   0   2   0   1   4  1
  1   1  1   1  1   0   2   1   0   1   1   4  1
  1   1  1   1  1   1   0   1   1   1   2   3  1
  1   1  1   1  1   1   0   1   1   2   0   4  1
  1   1  1   1  1   1   0   1   2   0   1   4  1
  1   1  1   1  1   1   0   2   0   1   1   4  1
  1   1  1   1  1   1   1   0   1   1   1   4  1
  1   2  2   2  3   2   2   2   1   0   5   6  2
  1   2  2   3  1   3   2   2   1   0   5   6  2
  1   2  2   3  2   2   0   1   5   2   2   6  2
  1   2  3   0  4   2   1   0   5   2   2   6  2
  1   2  3   1  3   1   3   2   1   0   5   6  2
  1   2  3   1  3   2   0   1   5   2   2   6  2
  1   2  3   2  1   0   3   4   2   2   2   6  2
  1   2  3   2  1   0   5   0   4   2   2   6  2
  1   2  3   2  1   0   5   2   0   4   2   6  2
  1   2  3   2  1   0   5   2   2   0   4   6  2
  1   2  3   2  1   0   5   2   2   2   0   8  2
  1   2  3   2  1   2   3   2   1   0   5   6  2
  1   3  0   1  3   4   2   2   2   2   2   6  2
  1   3  0   1  5   0   4   2   2   2   2   6  2
  1   3  0   1  5   2   0   4   2   2   2   6  2
  1   3  0   1  5   2   2   0   4   2   2   6  2
  1   3  0   1  5   2   2   2   0   4   2   6  2
  1   3  0   1  5   2   2   2   2   0   4   6  2
  1   3  0   1  5   2   2   2   2   2   0   8  2
  1   3  0   3  3   1   0   5   2   2   2   6  2
  1   3  0   4  0   1   5   2   2   2   2   6  2
  1   3  0   4  1   3   1   0   5   2   2   6  2
  1   3  1   2  3   2   1   3   1   0   5   6  2
  1   3  1   3  0   4   1   0   5   2   2   6  2
  1   3  1   3  1   0   3   4   2   2   2   6  2
  1   3  1   3  1   0   5   0   4   2   2   6  2
  1   3  1   3  1   0   5   2   0   4   2   6  2
  1   3  1   3  1   0   5   2   2   0   4   6  2
  1   3  1   3  1   0   5   2   2   2   0   8  2
  1   3  1   3  1   3   0   1   5   2   2   6  2
  1   3  1   3  1   3   1   3   1   0   5   6  2
  1   3  2   0  3   3   1   0   5   2   2   6  2
  1   3  2   1  1   4   1   0   5   2   2   6  2
  1   3  2   1  2   3   0   1   5   2   2   6  2
  1   3  2   1  3   1   2   3   1   0   5   6  2
  1   3  2   2  1   2   2   3   1   0   5   6  2
  1   3  4   4  3   1   0   8   3   3   3   9  3
  1   3  5   3  0   1   8   3   3   3   3   9  3
  1   4  7   4  1   0  11   4   4   4   4  12  4
  1   5  0   6  1   0   8   3   3   3   3   9  3
  1   5  1   0  5   6   3   3   3   3   3   9  3
  1   5  1   0  8   0   6   3   3   3   3   9  3
  1   5  1   0  8   3   0   6   3   3   3   9  3
  1   5  1   0  8   3   3   0   6   3   3   9  3
  1   5  1   0  8   3   3   3   0   6   3   9  3
  1   5  1   0  8   3   3   3   3   0   6   9  3
  1   5  1   0  8   3   3   3   3   3   0  12  3
  1   5  1   5  0   1   8   3   3   3   3   9  3
  1   5  2   2  5   1   0   8   3   3   3   9  3
  1   7  1   7  1   0  11   4   4   4   4  12  4
  1   7  7   0  1  14   5   5   5   5   5  15  5
  1  10 10   1  0  20   7   7   7   7   7  21  7
  2   0  2   3  0   5   2   2   2   2   2   6  2
  2   0  3   0  5   0   4   2   2   2   2   6  2
  2   0  3   0  5   2   0   4   2   2   2   6  2
  2   0  3   0  5   2   2   0   4   2   2   6  2
  2   0  3   0  5   2   2   2   0   4   2   6  2
  2   0  3   0  5   2   2   2   2   0   4   6  2
  2   0  3   0  5   2   2   2   2   2   0   8  2
  2   0  3   3  2   1   2   0   5   2   2   6  2
  2   0  4   0  3   0   5   2   2   2   2   6  2
  2   0  4   1  1   1   5   2   2   2   2   6  2
  2   0  4   1  3   1   2   0   5   2   2   6  2
  2   0  6   3  4   3   3   3   2   0   7   9  3
  2   0  6   4  2   4   3   3   2   0   7   9  3
  2   0  7   0  2   7   3   3   3   3   3   9  3
  2   0  7   2  4   2   4   3   2   0   7   9  3
  2   0  7   3  0   2   7   3   3   3   3   9  3
  2   0  7   3  2   3   4   3   2   0   7   9  3
  2   1  1   1  5   0   4   2   2   2   2   6  2
  2   1  1   1  5   2   0   4   2   2   2   6  2
  2   1  1   1  5   2   2   0   4   2   2   6  2
  2   1  1   1  5   2   2   2   0   4   2   6  2
  2   1  1   1  5   2   2   2   2   0   4   6  2
  2   1  1   1  5   2   2   2   2   2   0   8  2
  2   1  1   4  1   2   0   5   2   2   2   6  2
  2   1  1   4  2   1   2   0   5   2   2   6  2
  2   1  2   0  2   5   2   2   2   2   2   6  2
  2   1  2   2  3   2   2   1   2   0   5   6  2
  2   1  2   3  1   3   2   1   2   0   5   6  2
  2   1  2   3  2   0   3   0   5   2   2   6  2
  2   1  2   3  2   1   1   1   5   2   2   6  2
  2   1  3   0  2   1   5   2   2   2   2   6  2
  2   1  3   0  4   1   2   0   5   2   2   6  2
  2   1  3   1  2   0   3   4   2   2   2   6  2
  2   1  3   1  2   0   5   0   4   2   2   6  2
  2   1  3   1  2   0   5   2   0   4   2   6  2
  2   1  3   1  2   0   5   2   2   0   4   6  2
  2   1  3   1  2   0   5   2   2   2   0   8  2
  2   1  3   1  3   0   3   0   5   2   2   6  2
  2   1  3   1  3   1   1   1   5   2   2   6  2
  2   1  3   1  3   1   3   1   2   0   5   6  2
  2   1  3   2  1   2   3   1   2   0   5   6  2
  2   2  0   2  3   0   5   2   2   2   2   6  2
  2   2  0   3  1   1   5   2   2   2   2   6  2
  2   2  0   3  2   2   0   5   2   2   2   6  2
  2   2  0   4  1   2   2   0   5   2   2   6  2
  2   2  1   1  2   1   5   2   2   2   2   6  2
  2   2  1   2  2   0   5   0   4   2   2   6  2
  2   2  1   2  2   0   5   2   0   4   2   6  2
  2   2  1   2  2   0   5   2   2   0   4   6  2
  2   2  1   2  2   0   5   2   2   2   0   8  2
  2   2  1   2  3   2   1   2   2   0   5   6  2
  2   2  1   3  0   3   2   0   5   2   2   6  2
  2   2  1   3  1   1   3   0   5   2   2   6  2
  2   2  1   3  1   2   1   1   5   2   2   6  2
  2   2  1   3  1   3   1   2   2   0   5   6  2
  2   2  2   0  3   2   2   0   5   2   2   6  2
  2   2  2   1  1   3   2   0   5   2   2   6  2
  2   2  2   1  2   1   3   0   5   2   2   6  2
  2   2  2   1  2   2   1   1   5   2   2   6  2
  2   2  2   1  3   1   2   2   2   0   5   6  2
  2   2  2   2  1   2   2   2   2   0   5   6  2
  2   3  0   6  4   3   3   3   2   0   7   9  3
  2   3  0   7  2   4   3   3   2   0   7   9  3
  2   3  3   0  7   3   3   2   0   7   3   9  3
  2   3  3   0  7   3   3   3   2   0   7   9  3
  2   3  3   3  4   3   3   3   2   0   4  12  3
  2   3  3   4  0   5   4   3   3   2   0  13  3
  2   3  3   4  2   4   3   3   2   0   4  12  3
  2   3  3   4  3   2   0   3   7   3   3   9  3
  2   3  4   0  6   3   0   2   7   3   3   9  3
  2   3  4   2  0   7   3   2   0   7   3   9  3
  2   3  4   2  4   2   4   3   2   0   4  12  3
  2   3  4   3  0   2   4   6   3   3   3   9  3
  2   3  4   3  0   2   7   0   6   3   3   9  3
  2   3  4   3  0   2   7   3   0   6   3   9  3
  2   3  4   3  0   2   7   3   3   0   6   9  3
  2   3  4   3  0   2   7   3   3   3   0  12  3
  2   3  4   3  0   5   3   4   3   2   0  13  3
  2   3  4   3  2   0   7   3   2   0   7   9  3
  2   3  4   3  2   3   4   3   2   0   4  12  3
  2   4  0   5  4   0   2   7   3   3   3   9  3
  2   4  0   6  0   6   2   0   7   3   3   9  3
  2   4  0   6  2   0   4   6   3   3   3   9  3
  2   4  0   6  2   0   7   0   6   3   3   9  3
  2   4  0   6  2   0   7   3   0   6   3   9  3
  2   4  0   6  2   0   7   3   3   0   6   9  3
  2   4  0   6  2   0   7   3   3   3   0  12  3
  2   4  0   6  2   4   0   2   7   3   3   9  3
  2   4  2   0  4   6   0   6   3   3   3   9  3
  2   4  2   0  4   6   3   0   6   3   3   9  3
  2   4  2   0  4   6   3   3   0   6   3   9  3
  2   4  2   0  4   6   3   3   3   0   6   9  3
  2   4  2   0  4   6   3   3   3   3   0  12  3
  2   4  2   0  6   4   2   0   7   3   3   9  3
  2   4  2   0  7   0   6   0   6   3   3   9  3
  2   4  2   0  7   0   6   3   0   6   3   9  3
  2   4  2   0  7   0   6   3   3   0   6   9  3
  2   4  2   0  7   0   6   3   3   3   0  12  3
  2   4  2   0  7   2   4   2   0   7   3   9  3
  2   4  2   0  7   3   0   3   6   3   3   9  3
  2   4  2   0  7   3   0   6   0   6   3   9  3
  2   4  2   0  7   3   0   6   3   0   6   9  3
  2   4  2   0  7   3   0   6   3   3   0  12  3
  2   4  2   0  7   3   2   4   2   0   7   9  3
  2   4  2   0  7   3   3   0   3   6   3   9  3
  2   4  2   0  7   3   3   0   6   0   6   9  3
  2   4  2   0  7   3   3   0   6   3   0  12  3
  2   4  2   0  7   3   3   3   0   3   6   9  3
  2   4  2   0  7   3   3   3   0   6   0  12  3
  2   4  2   0  7   3   3   3   3   0   3  12  3
  2   4  2   3  1   6   3   2   4   2   0  13  3
  2   4  2   3  4   3   2   4   2   0   4  12  3
  2   4  2   4  0   2   4   6   3   3   3   9  3
  2   4  2   4  0   2   7   0   6   3   3   9  3
  2   4  2   4  0   2   7   3   0   6   3   9  3
  2   4  2   4  0   2   7   3   3   0   6   9  3
  2   4  2   4  0   2   7   3   3   3   0  12  3
  2   4  2   4  0   5   4   2   4   2   0  13  3
  2   4  2   4  0   6   0   2   7   3   3   9  3
  2   4  2   4  2   0   6   0   7   3   3   9  3
  2   4  2   4  2   4   2   4   2   0   4  12  3
  2   4  3   0  3   6   2   0   7   3   3   9  3
  2   4  3   0  5   4   0   2   7   3   3   9  3
  2   4  3   2  1   6   0   2   7   3   3   9  3
  2   4  3   2  1   6   2   3   4   2   0  13  3
  2   4  3   2  4   2   3   4   2   0   4  12  3
  2   4  3   3  0   5   3   3   4   2   0  13  3
  2   4  3   3  2   3   3   4   2   0   4  12  3
  2   5  5   2  0   5   9   4   4   4   4  12  4
  2   5  5   8  5   5   2   0  13   5   5  15  5
  2   5  8   2  8   5   2   0  13   5   5  15  5
  2   6  3   0  9   2   0  10   4   4   4  12  4
  2   8  2   8  2   8   2   0  13   5   5  15  5
  2   8  5   2  5   8   2   0  13   5   5  15  5
  3   0  3   5  3   0   7   3   3   3   3   9  3
  3   0  3   6  2   3   0   7   3   3   3   9  3
  3   0  3   6  3   2   3   0   7   3   3   9  3
  3   0  3  10  0   8   4   4   4   4   4  12  4
  3   0  3  10  4   0   8   4   4   4   4  12  4
  3   0  3  10  4   4   0   8   4   4   4  12  4
  3   0  3  10  4   4   4   0   8   4   4  12  4
  3   0  3  10  4   4   4   4   0   8   4  12  4
  3   0  3  10  4   4   4   4   4   0   8  12  4
  3   0  3  10  4   4   4   4   4   4   0  16  4
  3   0  4   3  0   8   3   3   3   3   3   9  3
  3   0  5   0  3   7   3   3   3   3   3   9  3
  3   0  5   3  0   7   0   6   3   3   3   9  3
  3   0  5   3  0   7   3   0   6   3   3   9  3
  3   0  5   3  0   7   3   3   0   6   3   9  3
  3   0  5   3  0   7   3   3   3   0   6   9  3
  3   0  5   3  0   7   3   3   3   3   0  12  3
  3   0  5   4  3   0   5   0   7   3   3   9  3
  3   0  5   4  3   2   1   2   7   3   3   9  3
  3   0  6   0  6   2   3   0   7   3   3   9  3
  3   0  6   1  3   0   8   3   3   3   3   9  3
  3   0  6   2  3   0   4   6   3   3   3   9  3
  3   0  6   2  3   0   7   0   6   3   3   9  3
  3   0  6   2  3   0   7   3   0   6   3   9  3
  3   0  6   2  3   0   7   3   3   0   6   9  3
  3   0  6   2  3   0   7   3   3   3   0  12  3
  3   0  6   2  4   0   5   0   7   3   3   9  3
  3   0  6   2  4   2   1   2   7   3   3   9  3
  3   0  8   5  4   4   0   3   9   4   4  12  4
  3   0  9   0  8   4   3   0   9   4   4  12  4
  3   0  9   3  0   9   0   8   4   4   4  12  4
  3   0  9   3  0   9   4   0   8   4   4  12  4
  3   0  9   3  0   9   4   4   0   8   4  12  4
  3   0  9   3  0   9   4   4   4   0   8  12  4
  3   0  9   3  0   9   4   4   4   4   0  16  4
  3   0  9   3  5   4   0   3   9   4   4  12  4
  3   0  9   4  3   0   5   8   4   4   4  12  4
  3   0  9   4  3   0   9   0   8   4   4  12  4
  3   0  9   4  3   0   9   4   0   8   4  12  4
  3   0  9   4  3   0   9   4   4   0   8  12  4
  3   0  9   4  3   0   9   4   4   4   0  16  4
  3   0 10   7  5   5   3   0  12   5   5  15  5
  3   0 12   3  7   5   3   0  12   5   5  15  5
  3   1  3   0  8   0   6   3   3   3   3   9  3
  3   1  3   0  8   3   0   6   3   3   3   9  3
  3   1  3   0  8   3   3   0   6   3   3   9  3
  3   1  3   0  8   3   3   3   0   6   3   9  3
  3   1  3   0  8   3   3   3   3   0   6   9  3
  3   1  3   0  8   3   3   3   3   3   0  12  3
  3   1  4   4  1   3   0   8   3   3   3   9  3
  3   1  5   0  4   0   8   3   3   3   3   9  3
  3   1  5   1  2   1   8   3   3   3   3   9  3
  3   2  1   6  0   5   0   7   3   3   3   9  3
  3   2  1   6  2   1   2   7   3   3   3   9  3
  3   2  1   6  3   0   5   0   7   3   3   9  3
  3   2  1   6  3   2   1   2   7   3   3   9  3
  3   2  2   1  2   8   3   3   3   3   3   9  3
  3   2  3   0  7   0   3   6   3   3   3   9  3
  3   2  3   0  7   0   6   0   6   3   3   9  3
  3   2  3   0  7   0   6   3   0   6   3   9  3
  3   2  3   0  7   0   6   3   3   0   6   9  3
  3   2  3   0  7   0   6   3   3   3   0  12  3
  3   2  3   0  7   2   3   0   7   3   3   9  3
  3   2  3   0  7   3   0   3   6   3   3   9  3
  3   2  3   0  7   3   0   6   0   6   3   9  3
  3   2  3   0  7   3   0   6   3   0   6   9  3
  3   2  3   0  7   3   0   6   3   3   0  12  3
  3   2  3   0  7   3   2   3   0   7   3   9  3
  3   2  3   0  7   3   3   0   3   6   3   9  3
  3   2  3   0  7   3   3   0   6   0   6   9  3
  3   2  3   0  7   3   3   0   6   3   0  12  3
  3   2  3   0  7   3   3   2   3   0   7   9  3
  3   2  3   0  7   3   3   3   0   3   6   9  3
  3   2  3   0  7   3   3   3   0   6   0  12  3
  3   2  3   0  7   3   3   3   3   0   3  12  3
  3   2  3   3  4   3   3   2   3   0   4  12  3
  3   2  3   4  0   5   4   3   2   3   0  13  3
  3   2  3   4  2   3   0   3   7   3   3   9  3
  3   2  3   4  2   4   3   2   3   0   4  12  3
  3   2  3   4  3   0   3   2   7   3   3   9  3
  3   2  4   0  5   0   4   6   3   3   3   9  3
  3   2  4   0  5   0   7   0   6   3   3   9  3
  3   2  4   0  5   0   7   3   0   6   3   9  3
  3   2  4   0  5   0   7   3   3   0   6   9  3
  3   2  4   0  5   0   7   3   3   3   0  12  3
  3   2  4   0  6   0   5   0   7   3   3   9  3
  3   2  4   0  6   2   1   2   7   3   3   9  3
  3   2  4   2  1   2   4   6   3   3   3   9  3
  3   2  4   2  1   2   7   0   6   3   3   9  3
  3   2  4   2  1   2   7   3   0   6   3   9  3
  3   2  4   2  1   2   7   3   3   0   6   9  3
  3   2  4   2  1   2   7   3   3   3   0  12  3
  3   2  4   2  1   6   2   4   2   3   0  13  3
  3   2  4   2  3   0   6   0   7   3   3   9  3
  3   2  4   2  4   0   3   2   7   3   3   9  3
  3   2  4   2  4   2   4   2   3   0   4  12  3
  3   2  4   3  0   5   3   4   2   3   0  13  3
  3   2  4   3  2   3   4   2   3   0   4  12  3
  3   3  0   3  5   3   0   7   3   3   3   9  3
  3   3  0   3 11   4   4   4   4   4   4  12  4
  3   3  0   4  3   0   8   3   3   3   3   9  3
  3   3  0   5  1   5   0   7   3   3   3   9  3
  3   3  0   5  3   0   7   0   6   3   3   9  3
  3   3  0   5  3   0   7   3   0   6   3   9  3
  3   3  0   5  3   0   7   3   3   0   6   9  3
  3   3  0   5  3   0   7   3   3   3   0  12  3
  3   3  0   6  0   5   3   0   7   3   3   9  3
  3   3  0   6  2   1   5   0   7   3   3   9  3
  3   3  0   6  2   3   1   2   7   3   3   9  3
  3   3  0   9  5   4   4   4   3   0   9  12  4
  3   3  0  10  3   5   4   4   3   0   9  12  4
  3   3  0  14  0  10   5   5   5   5   5  15  5
  3   3  0  14  5   0  10   5   5   5   5  15  5
  3   3  0  14  5   5   0  10   5   5   5  15  5
  3   3  0  14  5   5   5   0  10   5   5  15  5
  3   3  0  14  5   5   5   5   0  10   5  15  5
  3   3  0  14  5   5   5   5   5   0  10  15  5
  3   3  0  14  5   5   5   5   5   5   0  20  5
  3   3  1   2  4   0   8   3   3   3   3   9  3
  3   3  1   3  2   1   8   3   3   3   3   9  3
  3   3  2   1  5   0   7   0   6   3   3   9  3
  3   3  2   1  5   0   7   3   0   6   3   9  3
  3   3  2   1  5   0   7   3   3   0   6   9  3
  3   3  2   1  5   0   7   3   3   3   0  12  3
  3   3  2   2  3   3   0   8   3   3   3   9  3
  3   3  2   3  1   2   7   0   6   3   3   9  3
  3   3  2   3  1   2   7   3   0   6   3   9  3
  3   3  2   3  1   2   7   3   3   0   6   9  3
  3   3  2   3  1   2   7   3   3   3   0  12  3
  3   3  2   3  1   6   3   2   3   3   0  13  3
  3   3  2   3  3   0   6   0   7   3   3   9  3
  3   3  2   3  4   3   2   3   3   0   4  12  3
  3   3  2   4  0   3   5   0   7   3   3   9  3
  3   3  2   4  0   5   1   2   7   3   3   9  3
  3   3  2   4  0   5   4   2   3   3   0  13  3
  3   3  2   4  2   1   3   2   7   3   3   9  3
  3   3  2   4  2   4   2   3   3   0   4  12  3
  3   3  3   0  3   5   3   0   7   3   3   9  3
  3   3  3   0  5   1   5   0   7   3   3   9  3
  3   3  3   0  5   3   1   2   7   3   3   9  3
  3   3  3   2  1   3   5   0   7   3   3   9  3
  3   3  3   2  1   5   1   2   7   3   3   9  3
  3   3  3   2  1   6   2   3   3   3   0  13  3
  3   3  3   2  3   1   3   2   7   3   3   9  3
  3   3  3   2  3   3   3   0   3   7   3   9  3
  3   3  3   2  4   2   3   3   3   0   4  12  3
  3   3  3   3  0   5   3   3   3   3   0  13  3
  3   3  5   5  3   0   3  10   4   4   4  12  4
  3   4  0   9  4   0   3   9   4   4   4  12  4
  3   4  0   9  4   4   0   3   9   4   4  12  4
  3   4  3   0 10   4   3   0   9   4   4  12  4
  3   4  3   0 10   4   4   3   0   9   4  12  4
  3   4  3   0 10   4   4   4   3   0   9  12  4
  3   4  4   5  0   8   4   4   0   3   9  12  4
  3   4  4   5  3   4   5   4   3   0   4  17  4
  3   4  4   5  4   4   0   3   5   8   4  12  4
  3   4  4   5  4   4   0   3   9   0   8  12  4
  3   4  4   5  4   4   0   3   9   4   0  16  4
  3   4  5   0  7   5   4   0   3   9   4  12  4
  3   4  5   0  8   0   8   4   3   0   9  12  4
  3   4  5   0  8   3   5   4   0   3   9  12  4
  3   4  5   0  8   4   3   0   5   8   4  12  4
  3   4  5   0  8   4   3   0   9   0   8  12  4
  3   4  5   0  8   4   3   0   9   4   0  16  4
  3   4  5   3  5   0   8   4   0   3   9  12  4
  3   4  5   3  5   4   0   3   5   8   4  12  4
  3   4  5   3  5   4   0   3   9   0   8  12  4
  3   4  5   3  5   4   0   3   9   4   0  16  4
  3   4  5   4  0   7   5   4   0   3   9  12  4
  3   4  5   4  3   0   5   4   8   4   4  12  4
  3   4  5   4  3   0   5   8   0   8   4  12  4
  3   4  5   4  3   0   5   8   4   0   8  12  4
  3   4  5   4  3   0   5   8   4   4   0  16  4
  3   4  5   4  3   0   9   0   4   8   4  12  4
  3   4  5   4  3   0   9   0   8   0   8  12  4
  3   4  5   4  3   0   9   0   8   4   0  16  4
  3   4  5   4  3   0   9   4   0   8   0  16  4
  3   4  5   4  3   0   9   4   4   0   4  16  4
  3   4  5   4  3   4   4   5   3   0   4  17  4
  3   5  0   3  9   3   0   9   4   4   4  12  4
  3   5  0   7  5   3   0   5   8   4   4  12  4
  3   5  0   7  5   3   0   9   0   8   4  12  4
  3   5  0   7  5   3   0   9   4   0   8  12  4
  3   5  0   7  5   3   0   9   4   4   0  16  4
  3   5  0   7  5   4   0   8   3   0   9  12  4
  3   5  0   7  5   4   3   5   0   3   9  12  4
  3   5  0   8  0   8   3   5   3   0   9  12  4
  3   5  0   8  3   5   0   8   3   0   9  12  4
  3   5  0   8  3   5   3   0   5   8   4  12  4
  3   5  0   8  3   5   3   0   9   0   8  12  4
  3   5  0   8  3   5   3   0   9   4   0  16  4
  3   5  0   8  3   5   3   5   0   3   9  12  4
  3   5  0  12  5   3   0  12   5   5   5  15  5
  3   5  0  12  5   5   3   0  12   5   5  15  5
  3   5  3   0  5   3   9   4   4   4   4  12  4
  3   5  3   0  8   3   0  10   4   4   4  12  4
  3   5  3   0  9   0   3   9   4   4   4  12  4
  3   5  3   3  5   0   3  10   4   4   4  12  4
  3   5  3   4  5   4   0   8   0   3   9  12  4
  3   5  3   5  0   8   0   8   3   0   9  12  4
  3   5  3   5  0   8   3   0   5   8   4  12  4
  3   5  3   5  0   8   3   0   9   0   8  12  4
  3   5  3   5  0   8   3   0   9   4   0  16  4
  3   5  3   5  0   8   3   5   0   3   9  12  4
  3   5  3   5  3   0   5   8   0   8   4  12  4
  3   5  3   5  3   0   5   8   4   0   8  12  4
  3   5  3   5  3   0   5   8   4   4   0  16  4
  3   5  3   5  3   0   9   0   4   8   4  12  4
  3   5  3   5  3   0   9   0   8   0   8  12  4
  3   5  3   5  3   0   9   0   8   4   0  16  4
  3   5  3   5  3   0   9   4   0   4   8  12  4
  3   5  3   5  3   0   9   4   0   8   0  16  4
  3   5  3   5  3   0   9   4   4   0   4  16  4
  3   5  3   5  3   5   0   3   5   8   4  12  4
  3   5  3   5  3   5   0   3   9   0   8  12  4
  3   5  3   5  3   5   0   3   9   4   0  16  4
  3   5  3   5  3   5   0   8   0   3   9  12  4
  3   5  4   0  4   7   5   3   0   9   4  12  4
  3   5  4   0  7   1   8   3   0   9   4  12  4
  3   5  4   0  7   4   5   0   3   9   4  12  4
  3   5  4   0  7   5   3   0   5   8   4  12  4
  3   5  4   0  7   5   3   0   9   0   8  12  4
  3   5  4   0  7   5   3   0   9   4   0  16  4
  3   5  4   0  8   0   7   5   3   0   9  12  4
  3   5  4   0  8   3   1   8   3   0   9  12  4
  3   5  4   0  8   3   4   5   0   3   9  12  4
  3   5  4   3  1   8   3   0   5   8   4  12  4
  3   5  4   3  1   8   3   0   9   0   8  12  4
  3   5  4   3  1   8   3   0   9   4   0  16  4
  3   5  4   3  4   5   0   3   5   8   4  12  4
  3   5  4   3  4   5   0   3   9   0   8  12  4
  3   5  4   3  4   5   0   3   9   4   0  16  4
  3   5  4   3  5   0   4   8   3   0   9  12  4
  3   5  4   3  5   0   7   5   0   3   9  12  4
  3   5  4   3  5   3   1   8   0   3   9  12  4
  3   5  4   4  0   4   7   5   3   0   9  12  4
  3   5  4   4  0   7   1   8   3   0   9  12  4
  3   5  4   4  0   7   4   5   0   3   9  12  4
  3   5  4   4  3   1   4   8   3   0   9  12  4
  3   5  4   4  3   1   7   5   0   3   9  12  4
  3   5  4   4  3   4   1   8   0   3   9  12  4
  3   5  5   5  7   5   5   5   0   3  12  15  5
  3   5  5   7  0  10   5   5   3   0  12  15  5
  3   5  5   7  3   7   5   5   0   3  12  15  5
  3   5  5   7  5   5   3   0   7  10   5  15  5
  3   5  5   7  5   5   3   0  12   0  10  15  5
  3   5  5   7  5   5   3   0  12   5   0  20  5
  3   5  6   6  5   3   0   6  11   5   5  15  5
  3   5  7   0  8   7   5   3   0  12   5  15  5
  3   5  7   0 10   3   7   5   3   0  12  15  5
  3   5  7   3  7   0  10   5   3   0  12  15  5
  3   5  7   3  7   3   7   5   0   3  12  15  5
  3   5  7   3  7   5   3   0   7  10   5  15  5
  3   5  7   3  7   5   3   0  12   0  10  15  5
  3   5  7   3  7   5   3   0  12   5   0  20  5
  3   5  7   4  0  11   5   3   0  12   5  15  5
  3   5  7   5  0   8   7   5   3   0  12  15  5
  3   5  7   5  3   5   7   5   0   3  12  15  5
  3   6  5   6  3   0  12   5   5   4   0  21  5
  3   6  6   0  3  12   0  10   5   5   5  15  5
  3   6  6   0  3  12   5   0  10   5   5  15  5
  3   6  6   0  3  12   5   5   0  10   5  15  5
  3   6  6   0  3  12   5   5   5   0  10  15  5
  3   6  6   0  3  12   5   5   5   5   0  20  5
  3   6  6   3  0  11   6   5   4   0  11  15  5
  3   6  6   3  0  12   4   6   5   4   0  21  5
  3   7  0   8  7   5   3   7   3   0  12  15  5
  3   7  0  10  3   7   3   7   3   0  12  15  5
  3   7  3   0 10   0  12   5   5   5   5  15  5
  3   7  3   0 12   3   0  12   5   5   5  15  5
  3   7  3   5  7   5   0  10   3   0  12  15  5
  3   7  3   5  7   5   3   7   0   3  12  15  5
  3   7  3   7  0  10   3   7   3   0  12  15  5
  3   7  3   7  3   7   0  10   3   0  12  15  5
  3   7  3   7  3   7   3   0   7  10   5  15  5
  3   7  3   7  3   7   3   0  12   0  10  15  5
  3   7  3   7  3   7   3   0  12   5   0  20  5
  3   7  3   7  3   7   3   7   0   3  12  15  5
  3   7  4   5  5   0  11   3   0  12   5  15  5
  3   7  5   0  8   5   7   3   0  12   5  15  5
  3   7  5   0 10   3   5   7   3   0  12  15  5
  3   7  5   3  5   7   3   0   7  10   5  15  5
  3   7  5   3  5   7   3   0  12   0  10  15  5
  3   7  5   3  5   7   3   0  12   5   0  20  5
  3   7  5   3  7   0   8   7   3   0  12  15  5
  3   7  5   3  7   3   2  10   3   0  12  15  5
  3   7  5   3  7   3   5   7   0   3  12  15  5
  3   7  5   5  0   8   5   7   3   0  12  15  5
  3   7  5   5  3   2   8   7   3   0  12  15  5
  3   7  5   5  3   5   2  10   3   0  12  15  5
  3   7  5   5  3   5   5   7   0   3  12  15  5
  3   7  9   9  7   0   3  18   7   7   7  21  7
  3   9  9   3  0  18   0  14   7   7   7  21  7
  3   9  9   3  0  18   7   0  14   7   7  21  7
  3   9  9   3  0  18   7   7   0  14   7  21  7
  3   9  9   3  0  18   7   7   7   0  14  21  7
  3   9  9   3  0  18   7   7   7   7   0  28  7
  3  11  5   5 11   0   3  18   7   7   7  21  7
  4   0  4   7  5   4   4   3   4   0   9  12  4
  4   0  4   8  3   5   4   3   4   0   9  12  4
  4   0  7   4  0   4   9   4   4   4   4  12  4
  4   0  7   4  5   4   4   0   7   0   9  12  4
  4   0  7   4  5   4   4   3   1   3   9  12  4
  4   0  7   5  0   7   4   0   9   4   4  12  4
  4   0  7   5  0   8   4   3   4   0   9  12  4
  4   0  7   5  3   5   4   0   7   0   9  12  4
  4   0  7   5  3   5   4   3   1   3   9  12  4
  4   0  7   5  4   3   4   0   5   8   4  12  4
  4   0  7   5  4   3   4   0   9   0   8  12  4
  4   0  7   5  4   3   4   0   9   4   0  16  4
  4   0  8   0  7   5   3   4   0   9   4  12  4
  4   0  8   0  8   3   5   3   4   0   9  12  4
  4   0  8   3  1   7   4   0   9   4   4  12  4
  4   0  8   3  5   0   8   3   4   0   9  12  4
  4   0  8   3  5   3   4   0   5   8   4  12  4
  4   0  8   3  5   3   4   0   9   0   8  12  4
  4   0  8   3  5   3   4   0   9   4   0  16  4
  4   0  8   3  5   3   5   0   7   0   9  12  4
  4   0  8   3  5   3   5   3   1   3   9  12  4
  4   0  8   4  0   7   5   3   4   0   9  12  4
  4   0  8   4  3   1   8   3   4   0   9  12  4
  4   0  8   4  3   4   5   0   7   0   9  12  4
  4   0  8   4  3   4   5   3   1   3   9  12  4
  4   0 10   5  6   5   5   5   0   4  11  15  5
  4   0 10   6  0  10   4   0  11   5   5  15  5
  4   0 10   6  0  10   5   5   4   0  11  15  5
  4   0 10   6  4   6   5   5   0   4  11  15  5
  4   0 10   6  5   5   4   0   6  10   5  15  5
  4   0 10   6  5   5   4   0  11   0  10  15  5
  4   0 10   6  5   5   4   0  11   5   0  20  5
  4   0 11   0  9   6   5   4   0  11   5  15  5
  4   0 11   0 10   4   6   5   4   0  11  15  5
  4   0 11   4  6   0  10   5   4   0  11  15  5
  4   0 11   4  6   4   6   5   0   4  11  15  5
  4   0 11   4  6   5   4   0   6  10   5  15  5
  4   0 11   4  6   5   4   0  11   0  10  15  5
  4   0 11   4  6   5   4   0  11   5   0  20  5
  4   0 11   5  0   9   6   5   4   0  11  15  5
  4   0 11   5  4   5   6   5   0   4  11  15  5
  4   1  7   1  4   0  11   4   4   4   4  12  4
  4   3  1   3  3  10   4   4   4   4   4  12  4
  4   3  1   7  5   4   4   0   7   0   9  12  4
  4   3  1   7  5   4   4   3   1   3   9  12  4
  4   3  1   8  0   8   4   3   4   0   9  12  4
  4   3  1   8  3   4   0   9   0   8   4  12  4
  4   3  1   8  3   4   0   9   4   0   8  12  4
  4   3  1   8  3   4   0   9   4   4   0  16  4
  4   3  1   8  3   5   4   0   7   0   9  12  4
  4   3  1   8  3   5   4   3   1   3   9  12  4
  4   3  1   8  4   3   4   0   5   8   4  12  4
  4   3  1   8  4   3   4   0   9   0   8  12  4
  4   3  1   8  4   3   4   0   9   4   0  16  4
  4   3  4   0  4   9   0   8   4   4   4  12  4
  4   3  4   0  4   9   4   0   8   4   4  12  4
  4   3  4   0  4   9   4   4   0   8   4  12  4
  4   3  4   0  4   9   4   4   4   0   8  12  4
  4   3  4   0  4   9   4   4   4   4   0  16  4
  4   3  4   4  0   7   0  10   4   4   4  12  4
  4   3  4   4  5   4   4   0   4   3   9  12  4
  4   3  4   5  0   8   4   0   7   0   9  12  4
  4   3  4   5  0   8   4   3   1   3   9  12  4
  4   3  4   5  3   4   5   3   4   0   4  17  4
  4   3  4   5  3   5   4   0   4   3   9  12  4
  4   3  4   5  4   0   7   0   5   8   4  12  4
  4   3  4   5  4   0   7   0   9   0   8  12  4
  4   3  4   5  4   0   7   0   9   4   0  16  4
  4   3  4   5  4   3   1   3   5   8   4  12  4
  4   3  4   5  4   3   1   3   9   0   8  12  4
  4   3  4   5  4   3   1   3   9   4   0  16  4
  4   3  5   0  4   8   3   4   0   9   4  12  4
  4   3  5   0  7   5   0   7   0   9   4  12  4
  4   3  5   0  7   5   3   1   3   9   4  12  4
  4   3  5   0  8   0   8   3   4   0   9  12  4
  4   3  5   0  8   3   4   0   5   8   4  12  4
  4   3  5   0  8   3   4   0   9   0   8  12  4
  4   3  5   0  8   3   4   0   9   4   0  16  4
  4   3  5   0  8   3   5   0   7   0   9  12  4
  4   3  5   0  8   3   5   3   1   3   9  12  4
  4   3  5   3  4   0   5   8   0   8   4  12  4
  4   3  5   3  4   0   5   8   4   0   8  12  4
  4   3  5   3  4   0   5   8   4   4   0  16  4
  4   3  5   3  4   0   8   5   3   4   0  17  4
  4   3  5   3  4   0   9   0   4   8   4  12  4
  4   3  5   3  4   0   9   0   8   0   8  12  4
  4   3  5   3  4   0   9   0   8   4   0  16  4
  4   3  5   3  4   0   9   4   0   4   8  12  4
  4   3  5   3  4   0   9   4   0   8   0  16  4
  4   3  5   3  4   0   9   4   4   0   4  16  4
  4   3  5   3  4   5   3   4   0   8   0  17  4
  4   3  5   3  5   0   7   0   5   8   4  12  4
  4   3  5   3  5   0   7   0   9   0   8  12  4
  4   3  5   3  5   0   7   0   9   4   0  16  4
  4   3  5   3  5   0   8   0   7   0   9  12  4
  4   3  5   3  5   0   8   3   1   3   9  12  4
  4   3  5   3  5   3   1   3   5   8   4  12  4
  4   3  5   3  5   3   1   3   9   0   8  12  4
  4   3  5   3  5   3   1   3   9   4   0  16  4
  4   3  5   3  5   3   5   0   4   3   9  12  4
  4   3  5   4  0   4   8   3   4   0   9  12  4
  4   3  5   4  0   7   5   0   7   0   9  12  4
  4   3  5   4  0   7   5   3   1   3   9  12  4
  4   3  5   4  3   1   8   0   7   0   9  12  4
  4   3  5   4  3   1   8   3   1   3   9  12  4
  4   3  5   4  3   4   5   0   4   3   9  12  4
  4   4  0   4  7   4   4   0   9   4   4  12  4
  4   4  0   4  8   3   4   4   0   9   4  12  4
  4   4  0   4  8   4   3   4   4   0   9  12  4
  4   4  0   7  4   0   4   9   4   4   4  12  4
  4   4  0   7  4   4   0   9   0   8   4  12  4
  4   4  0   7  4   4   0   9   4   0   8  12  4
  4   4  0   7  4   4   0   9   4   4   0  16  4
  4   4  0   7  5   4   0   7   4   0   9  12  4
  4   4  0   7  5   4   3   1   7   0   9  12  4
  4   4  0   7  5   4   3   4   1   3   9  12  4
  4   4  0   8  0   8   3   4   4   0   9  12  4
  4   4  0   8  3   4   4   0   5   8   4  12  4
  4   4  0   8  3   4   4   0   9   0   8  12  4
  4   4  0   8  3   4   4   0   9   4   0  16  4
  4   4  0   8  3   5   0   7   4   0   9  12  4
  4   4  0   8  3   5   3   1   7   0   9  12  4
  4   4  0   8  3   5   3   4   1   3   9  12  4
  4   4  0  12  0  10   0  10   5   5   5  15  5
  4   4  0  12  0  10   5   0  10   5   5  15  5
  4   4  0  12  0  10   5   5   0  10   5  15  5
  4   4  0  12  0  10   5   5   5   0  10  15  5
  4   4  0  12  0  10   5   5   5   5   0  20  5
  4   4  0  12  4   4   0  12   5   5   5  15  5
  4   4  0  12  5   0  10   0  10   5   5  15  5
  4   4  0  12  5   0  10   5   0  10   5  15  5
  4   4  0  12  5   0  10   5   5   0  10  15  5
  4   4  0  12  5   0  10   5   5   5   0  20  5
  4   4  0  12  5   4   4   0  12   5   5  15  5
  4   4  0  12  5   5   0  10   0  10   5  15  5
  4   4  0  12  5   5   0  10   5   0  10  15  5
  4   4  0  12  5   5   0  10   5   5   0  20  5
  4   4  0  12  5   5   5   0   5  10   5  15  5
  4   4  0  12  5   5   5   0  10   0  10  15  5
  4   4  0  12  5   5   5   0  10   5   0  20  5
  4   4  0  12  5   5   5   5   0   5  10  15  5
  4   4  0  12  5   5   5   5   0  10   0  20  5
  4   4  0  12  5   5   5   5   5   0   5  20  5
  4   4  1   4  4   0  11   4   4   4   4  12  4
  4   4  3   1  7   0   4   9   4   4   4  12  4
  4   4  3   1  8   0   7   4   0   9   4  12  4
  4   4  3   1  8   3   1   7   0   9   4  12  4
  4   4  3   1  8   3   4   1   3   9   4  12  4
  4   4  3   1  8   4   0   7   4   0   9  12  4
  4   4  3   1  8   4   3   1   7   0   9  12  4
  4   4  3   1  8   4   3   4   1   3   9  12  4
  4   4  3   3  4   1   3  10   4   4   4  12  4
  4   4  3   4  1   3   4   9   4   4   4  12  4
  4   4  3   4  4   0   9   0   4   8   4  12  4
  4   4  3   4  4   0   9   0   8   0   8  12  4
  4   4  3   4  4   0   9   0   8   4   0  16  4
  4   4  3   4  4   0   9   3   4   4   0  17  4
  4   4  3   4  4   0   9   4   0   4   8  12  4
  4   4  3   4  4   0   9   4   0   8   0  16  4
  4   4  3   4  4   0   9   4   4   0   4  16  4
  4   4  3   4  5   4   0   4   7   0   9  12  4
  4   4  3   4  5   4   0   7   1   3   9  12  4
  4   4  3   4  5   4   3   1   4   3   9  12  4
  4   4  3   5  0   7   4   0   5   8   4  12  4
  4   4  3   5  0   7   4   0   9   0   8  12  4
  4   4  3   5  0   7   4   0   9   4   0  16  4
  4   4  3   5  0   8   0   7   4   0   9  12  4
  4   4  3   5  0   8   3   1   7   0   9  12  4
  4   4  3   5  0   8   3   4   1   3   9  12  4
  4   4  3   5  3   1   7   0   5   8   4  12  4
  4   4  3   5  3   1   7   0   9   0   8  12  4
  4   4  3   5  3   1   7   0   9   4   0  16  4
  4   4  3   5  3   4   1   3   5   8   4  12  4
  4   4  3   5  3   4   1   3   9   0   8  12  4
  4   4  3   5  3   4   1   3   9   4   0  16  4
  4   4  3   5  3   4   4   0   8   4   0  17  4
  4   4  3   5  3   5   0   4   7   0   9  12  4
  4   4  3   5  3   5   0   7   1   3   9  12  4
  4   4  3   5  3   5   3   1   4   3   9  12  4
  4   4  4   0  4   7   4   4   0   9   4  12  4
  4   4  4   0  7   1   7   4   0   9   4  12  4
  4   4  4   0  7   4   1   7   0   9   4  12  4
  4   4  4   0  7   4   4   0   9   0   8  12  4
  4   4  4   0  7   4   4   0   9   4   0  16  4
  4   4  4   0  8   0   7   4   4   0   9  12  4
  4   4  4   0  8   3   1   7   4   0   9  12  4
  4   4  4   0  8   3   4   1   7   0   9  12  4
  4   4  4   0  8   3   4   4   1   3   9  12  4
  4   4  4   3  1   7   4   0   9   0   8  12  4
  4   4  4   3  1   7   4   0   9   4   0  16  4
  4   4  4   3  4   1   7   0   9   0   8  12  4
  4   4  4   3  4   1   7   0   9   4   0  16  4
  4   4  4   3  4   4   1   3   9   0   8  12  4
  4   4  4   3  4   4   1   3   9   4   0  16  4
  4   4  4   3  4   4   4   0   8   4   0  17  4
  4   4  4   3  5   0   4   7   4   0   9  12  4
  4   4  4   3  5   0   7   1   7   0   9  12  4
  4   4  4   3  5   0   7   4   1   3   9  12  4
  4   4  4   3  5   3   1   4   7   0   9  12  4
  4   4  4   3  5   3   1   7   1   3   9  12  4
  4   4  4   3  5   3   4   1   4   3   9  12  4
  4   4  4   4  0   4   7   4   4   0   9  12  4
  4   4  4   4  0   7   1   7   4   0   9  12  4
  4   4  4   4  0   7   4   1   7   0   9  12  4
  4   4  4   4  0   7   4   4   1   3   9  12  4
  4   4  4   4  3   1   4   7   4   0   9  12  4
  4   4  4   4  3   1   7   1   7   0   9  12  4
  4   4  4   4  3   1   7   4   1   3   9  12  4
  4   4  4   4  3   4   1   4   7   0   9  12  4
  4   4  4   4  3   4   1   7   1   3   9  12  4
  4   4  4   4  3   4   4   1   4   3   9  12  4
  4   4  5   6  6   5   4   0   4  12   5  15  5
  4   4  7   4  0  11   4   4   0  12   5  15  5
  4   4  7   4  4   7   4   0   4  12   5  15  5
  4   5  0  10  6   5   5   5   0   4  11  15  5
  4   5  0  11  0  10   5   5   4   0  11  15  5
  4   5  0  11  4   6   5   5   0   4  11  15  5
  4   5  0  11  5   4   0  11   0  10   5  15  5
  4   5  0  11  5   4   0  11   5   0  10  15  5
  4   5  0  11  5   4   0  11   5   5   0  20  5
  4   5  0  11  5   5   4   0   6  10   5  15  5
  4   5  0  11  5   5   4   0  11   0  10  15  5
  4   5  0  11  5   5   4   0  11   5   0  20  5
  4   5  5   0 11   5   5   0   4  11   5  15  5
  4   5  5   0 11   5   5   5   0   4  11  15  5
  4   5  5   5  4   0  12   5   5   4   0  21  5
  4   5  5   5  6   5   5   5   0   4   6  20  5
  4   5  5   6  0   9   6   5   5   0   4  21  5
  4   5  5   6  0  10   5   5   4   0   6  20  5
  4   5  5   6  4   6   5   5   0   4   6  20  5
  4   5  5   6  5   0   4   5  11   5   5  15  5
  4   5  5   6  5   5   4   0   6   5  10  15  5
  4   5  5   6  5   5   4   0   6  10   0  20  5
  4   5  5   6  5   5   4   0  11   0   5  20  5
  4   5  6   0  4  11   5   4   0  11   5  15  5
  4   5  6   0  9   6   5   4   0   6  10  15  5
  4   5  6   0  9   6   5   4   0  11   0  20  5
  4   5  6   0 10   4   6   5   4   0   6  20  5
  4   5  6   4  0  11   5   0   4  11   5  15  5
  4   5  6   4  6   0  10   5   4   0   6  20  5
  4   5  6   4  6   4   6   5   0   4   6  20  5
  4   5  6   4  6   5   4   0   6   5  10  15  5
  4   5  6   4  6   5   4   0   6  10   0  20  5
  4   5  6   4  6   5   4   0  11   0   5  20  5
  4   5  6   5  0   4  11   5   4   0  11  15  5
  4   5  6   5  0   9   1  10   5   4   0  21  5
  4   5  6   5  0   9   5   6   5   0   4  21  5
  4   5  6   5  0   9   6   5   4   0   6  20  5
  4   5  6   5  4   0  11   5   0   4  11  15  5
  4   5  6   5  4   5   6   5   0   4   6  20  5
  4   6  0   4 10   6   4   0  11   5   5  15  5
  4   6  0   4 11   4   6   4   0  11   5  15  5
  4   6  0   4 11   5   4   6   4   0  11  15  5
  4   6  0   9  1  10   5   4   6   4   0  21  5
  4   6  0   9  6   0   9   6   4   0  11  15  5
  4   6  0   9  6   5   4   6   4   0   6  20  5
  4   6  0  10  0   9   6   4   6   4   0  21  5
  4   6  0  10  4   0  10   0  11   5   5  15  5
  4   6  0  10  4   6   4   6   4   0   6  20  5
  4   6  4   0  6  10   4   0  11   5   5  15  5
  4   6  4   0 10   0  11   0  10   5   5  15  5
  4   6  4   0 10   0  11   5   0  10   5  15  5
  4   6  4   0 10   0  11   5   5   0  10  15  5
  4   6  4   0 10   0  11   5   5   5   0  20  5
  4   6  4   0 10   6   0   4  11   5   5  15  5
  4   6  4   0 11   0  10   4   0  11   5  15  5
  4   6  4   0 11   4   0   6  10   5   5  15  5
  4   6  4   0 11   4   0  11   0  10   5  15  5
  4   6  4   0 11   4   0  11   5   0  10  15  5
  4   6  4   0 11   4   0  11   5   5   0  20  5
  4   6  4   0 11   4   6   0   4  11   5  15  5
  4   6  4   0 11   5   0  10   4   0  11  15  5
  4   6  4   0 11   5   4   6   0   4  11  15  5
  4   6  4   5  1  10   5   0  10   4   0  21  5
  4   6  4   5  1  10   5   4   6   0   4  21  5
  4   6  4   5  6   5   0  10   4   0   6  20  5
  4   6  4   5  6   5   4   6   0   4   6  20  5
  4   6  4   6  0   4  10   0  11   5   5  15  5
  4   6  4   6  0   9   6   0  10   4   0  21  5
  4   6  4   6  0   9   6   4   6   0   4  21  5
  4   6  4   6  0  10   4   6   4   0   6  20  5
  4   6  4   6  4   0   6   4  11   5   5  15  5
  4   6  4   6  4   6   0  10   4   0   6  20  5
  4   6  4   6  4   6   4   0   6  10   0  20  5
  4   6  4   6  4   6   4   0  11   0   5  20  5
  4   6  4   6  4   6   4   6   0   4   6  20  5
  4   6  5   0  5   9   5   6   4   0  11  15  5
  4   6  5   0  5  10   4   5   6   4   0  21  5
  4   6  5   0  9   5   6   4   0   6  10  15  5
  4   6  5   0  9   5   6   4   0  11   0  20  5
  4   6  5   0 10   4   5   6   4   0   6  20  5
  4   6  5   4  1  10   0   9   6   4   0  21  5
  4   6  5   4  1  10   4   5   6   0   4  21  5
  4   6  5   4  4   5   6   0   4  12   5  15  5
  4   6  5   4  5   6   4   0   6   5  10  15  5
  4   6  5   4  5   6   4   0   6  10   0  20  5
  4   6  5   4  6   0   9   6   4   0   6  20  5
  4   6  5   4  6   4   1  10   4   0   6  20  5
  4   6  5   4  6   4   5   6   0   4   6  20  5
  4   6  5   5  0   5   9   5   6   4   0  21  5
  4   6  5   5  0   9   1   9   6   4   0  21  5
  4   6  5   5  0   9   5   1  10   4   0  21  5
  4   6  5   5  0   9   5   5   6   0   4  21  5
  4   6  5   5  0   9   5   6   4   0   6  20  5
  4   6  5   5  4   1   9   6   4   0   6  20  5
  4   6  5   5  4   5   1  10   4   0   6  20  5
  4   6  5   5  4   5   5   6   0   4   6  20  5
  4   6  6   7  7   6   6   4   0   7  13  18  6
  4   6  6   8  5   0  13   6   6   4   0  26  6
  4   6  7   6  7   6   4   0  13   0  13  18  6
  4   6  8   6  5   0  11   8   6   4   0  26  6
  4   7  5   7  7   5   7   4   0   7  13  18  6
  4   7  7   0  4   7  13   6   6   6   6  18  6
  4   7  7   4  0  13   7   4   0  14   6  18  6
  4   7  7   5  5   7   7   4   0   7  13  18  6
  4   7  7   6  5   0  11   7   7   4   0  26  6
  4   8  4   8  5   0  13   4   8   4   0  26  6
  4   8  5   0 13   0   4  14   6   6   6  18  6
  4   8  5   5  7   7   5   0  13   4   0  26  6
  4   8  5   7  5   0  12   5   8   4   0  26  6
  4   8  5   7  5   5   7   0  13   4   0  26  6
  4   8  6   4  7   7   4   1  13   4   0  26  6
  4   8  6   5  6   6   5   1  13   4   0  26  6
  4   8  8   8  4   0   8  16   7   7   7  21  7
  5   0  5  14  5   0  13   6   6   6   6  18  6
  5   0  5  14  6   5   0  13   6   6   6  18  6
  5   0  5  14  6   6   5   0  13   6   6  18  6
  5   0  8   5  7   5   5   3   5   0  12  15  5
  5   0  8   7  3   7   5   3   5   0  12  15  5
  5   0  9   0 11   5   4   5   0  11   5  15  5
  5   0  9   0 11   5   5   4   5   0  11  15  5
  5   0  9   5  6   5   0   9   5   0  11  15  5
  5   0  9   5  6   5   5   4   5   0   6  20  5
  5   0  9   6  0   8   0  12   5   5   5  15  5
  5   0  9   6  0   9   6   5   4   5   0  21  5
  5   0  9   6  3   2   3  12   5   5   5  15  5
  5   0  9   6  4   5   0   5  11   5   5  15  5
  5   0  9   6  4   6   0   9   5   0  11  15  5
  5   0  9   6  4   6   5   4   5   0   6  20  5
  5   0 10   3  7   3   7   3   5   0  12  15  5
  5   0 10   4  1  10   4   6   4   5   0  21  5
  5   0 10   4  5   0  10   0  11   5   5  15  5
  5   0 10   4  6   4   1   9   5   0  11  15  5
  5   0 10   4  6   4   6   4   5   0   6  20  5
  5   0 10   5  0   9   5   6   4   5   0  21  5
  5   0 10   5  3   5   7   3   5   0  12  15  5
  5   0 10   5  4   5   1   9   5   0  11  15  5
  5   0 10   5  4   5   6   4   5   0   6  20  5
  5   0 12   0 13   6   6   5   0  13   6  18  6
  5   0 12   0 13   6   6   6   5   0  13  18  6
  5   0 12   6  7   6   0  12   5   0  13  18  6
  5   0 12   6  7   6   6   6   5   0   7  24  6
  5   0 12   7  0  11   7   6   6   5   0  25  6
  5   0 12   7  5   7   0  12   5   0  13  18  6
  5   0 12   7  5   7   6   6   5   0   7  24  6
  5   0 13   5  0   5  14   6   6   6   6  18  6
  5   0 13   5  0  13   5   0  13   6   6  18  6
  5   0 13   5  0  13   6   5   0  13   6  18  6
  5   0 13   5  7   5   1  12   5   0  13  18  6
  5   0 13   5  7   5   7   6   5   0   7  24  6
  5   0 13   6  0  11   6   7   6   5   0  25  6
  5   0 13   6  5   0  13   6   5   0  13  18  6
  5   0 13   6  5   6   1  12   5   0  13  18  6
  5   0 13   6  5   6   7   6   5   0   7  24  6
  5   0 15   8  7   0   5  16   7   7   7  21  7
  5   0 20  11  9   5   0  22   9   9   9  27  9
  5   2  5   8  5   2   5   0  13   5   5  15  5
  5   2  8   2  8   2   5   0  13   5   5  15  5
  5   3  2   6  0  14   5   5   5   5   5  15  5
  5   3  2   8  7   5   5   3   5   0  12  15  5
  5   3  2  10  3   7   5   3   5   0  12  15  5
  5   3  5   5  7   5   5   0   8   0  12  15  5
  5   3  5   5  7   5   5   3   2   3  12  15  5
  5   3  5   7  0  10   5   3   5   0  12  15  5
  5   3  5   7  3   7   5   0   8   0  12  15  5
  5   3  5   7  3   7   5   3   2   3  12  15  5
  5   3  5   7  5   3   5   0   7  10   5  15  5
  5   3  5   7  5   3   5   0  12   0  10  15  5
  5   3  5   7  5   3   5   0  12   5   0  20  5
  5   3  6   6  0   5   3  12   5   5   5  15  5
  5   3  6   6  3   5   0   6  11   5   5  15  5
  5   3  7   0  8   7   3   5   0  12   5  15  5
  5   3  7   0 10   3   7   3   5   0  12  15  5
  5   3  7   3  7   0  10   3   5   0  12  15  5
  5   3  7   3  7   3   5   0   7  10   5  15  5
  5   3  7   3  7   3   5   0  12   0  10  15  5
  5   3  7   3  7   3   5   0  12   5   0  20  5
  5   3  7   3  7   3   7   0   8   0  12  15  5
  5   3  7   3  7   3   7   3   2   3  12  15  5
  5   3  7   5  0   8   7   3   5   0  12  15  5
  5   3  7   5  3   2  10   3   5   0  12  15  5
  5   3  7   5  3   5   7   0   8   0  12  15  5
  5   3  7   5  3   5   7   3   2   3  12  15  5
  5   4  1   4 11   4   5   0  11   5   5  15  5
  5   4  1   4 11   5   4   5   0  11   5  15  5
  5   4  1   4 11   5   5   4   5   0  11  15  5
  5   4  1   8  0  12   0  10   5   5   5  15  5
  5   4  1   8  0  12   5   0  10   5   5  15  5
  5   4  1   8  0  12   5   5   0  10   5  15  5
  5   4  1   8  0  12   5   5   5   0  10  15  5
  5   4  1   8  0  12   5   5   5   5   0  20  5
  5   4  1   9  6   0  10   4   5   0  11  15  5
  5   4  1   9  6   5   5   4   5   0   6  20  5
  5   4  1  10  0   9   6   5   4   5   0  21  5
  5   4  1  10  4   1  10   4   5   0  11  15  5
  5   4  1  10  4   5   0   5  11   5   5  15  5
  5   4  1  10  4   6   5   4   5   0   6  20  5
  5   4  4   5  0  12   4   5   0  11   5  15  5
  5   4  4   5  0  12   5   4   5   0  11  15  5
  5   4  4   5  0  12   5   5   4   5   0  21  5
  5   4  4   6  6   4   4   1   4  12   5  15  5
  5   4  5   0 11   0   9   0  11   5   5  15  5
  5   4  5   0 11   4   1   4  11   5   5  15  5
  5   4  5   0 11   5   0   9   0  11   5  15  5
  5   4  5   0 11   5   4   1   4  11   5  15  5
  5   4  5   0 11   5   5   0   9   0  11  15  5
  5   4  5   0 11   5   5   4   1   4  11  15  5
  5   4  5   4  5   0   5  12   5   5   5  15  5
  5   4  5   5  6   5   5   0   9   0   6  20  5
  5   4  5   5  6   5   5   4   1   4   6  20  5
  5   4  5   6  0   5  10   5   4   5   0  21  5
  5   4  5   6  0   9   0   5  11   5   5  15  5
  5   4  5   6  0   9   6   5   0   9   0  21  5
  5   4  5   6  0   9   6   5   4   1   4  21  5
  5   4  5   6  0  10   5   4   5   0   6  20  5
  5   4  5   6  4   6   5   0   9   0   6  20  5
  5   4  5   6  4   6   5   4   1   4   6  20  5
  5   4  5   6  5   4   5   0   6   5  10  15  5
  5   4  5   6  5   4   5   0   6  10   0  20  5
  5   4  5   6  5   4   5   0  11   0   5  20  5
  5   4  6   0  5   9   6   4   5   0  11  15  5
  5   4  6   0  5  10   4   6   4   5   0  21  5
  5   4  6   0  9   6   4   5   0   6  10  15  5
  5   4  6   0  9   6   4   5   0  11   0  20  5
  5   4  6   0 10   4   6   4   5   0   6  20  5
  5   4  6   4  1   4  10   0  11   5   5  15  5
  5   4  6   4  1  10   0  10   4   5   0  21  5
  5   4  6   4  1  10   4   6   0   9   0  21  5
  5   4  6   4  1  10   4   6   4   1   4  21  5
  5   4  6   4  4   6   4   1   4  12   5  15  5
  5   4  6   4  5   0   6   4  11   5   5  15  5
  5   4  6   4  6   0  10   4   5   0   6  20  5
  5   4  6   4  6   4   5   0   6  10   0  20  5
  5   4  6   4  6   4   5   0  11   0   5  20  5
  5   4  6   4  6   4   6   0   9   0   6  20  5
  5   4  6   4  6   4   6   4   1   4   6  20  5
  5   4  6   5  0   5   9   6   4   5   0  21  5
  5   4  6   5  0   9   1  10   4   5   0  21  5
  5   4  6   5  0   9   5   6   0   9   0  21  5
  5   4  6   5  0   9   5   6   4   1   4  21  5
  5   4  6   5  0   9   6   4   5   0   6  20  5
  5   4  6   5  4   1  10   4   5   0   6  20  5
  5   4  6   5  4   5   6   0   9   0   6  20  5
  5   4  6   5  4   5   6   4   1   4   6  20  5
  5   5  0   8  7   5   3   5   5   0  12  15  5
  5   5  0   9  1  10   5   4   5   5   0  21  5
  5   5  0   9  5   0  10   0  11   5   5  15  5
  5   5  0   9  5   5   0   5  11   5   5  15  5
  5   5  0   9  6   0   9   5   5   0  11  15  5
  5   5  0   9  6   5   4   5   5   0   6  20  5
  5   5  0  10  0   9   6   4   5   5   0  21  5
  5   5  0  10  3   7   3   5   5   0  12  15  5
  5   5  0  10  4   1   9   5   5   0  11  15  5
  5   5  0  10  4   6   4   5   5   0   6  20  5
  5   5  0  12  8   6   6   5   5   0  14  18  6
  5   5  0  14  0   5  13   6   6   6   6  18  6
  5   5  0  14  4   8   6   5   5   0  14  18  6
  5   5  0  14  6   0   5  13   6   6   6  18  6
  5   5  0  14  6   6   0   5  13   6   6  18  6
  5   5  0  18  5   0  16   7   7   7   7  21  7
  5   5  0  18  7   5   0  16   7   7   7  21  7
  5   5  0  18  7   7   5   0  16   7   7  21  7
  5   5  2   8  2   5   5   0  13   5   5  15  5
  5   5  3   2 10   3   5   5   0  12   5  15  5
  5   5  3   2 10   5   3   5   5   0  12  15  5
  5   5  3   5  5   0   5  12   5   5   5  15  5
  5   5  3   5  7   5   0   8   5   0  12  15  5
  5   5  3   5  7   5   3   2   8   0  12  15  5
  5   5  3   5  7   5   3   5   2   3  12  15  5
  5   5  3   7  0  10   3   5   5   0  12  15  5
  5   5  3   7  3   5   5   0   7  10   5  15  5
  5   5  3   7  3   5   5   0  12   0  10  15  5
  5   5  3   7  3   5   5   0  12   5   0  20  5
  5   5  3   7  3   7   0   8   5   0  12  15  5
  5   5  3   7  3   7   3   2   8   0  12  15  5
  5   5  3   7  3   7   3   5   2   3  12  15  5
  5   5  4   1  5   8   0  12   5   5   5  15  5
  5   5  4   1  5  10   4   5   5   0  11  15  5
  5   5  4   1  5  10   5   4   5   5   0  21  5
  5   5  4   1  9   0  10   0  11   5   5  15  5
  5   5  4   1 10   4   5   5   0  11   0  20  5
  5   5  4   1 10   5   4   5   5   0   6  20  5
  5   5  4   5  1  10   5   0   9   5   0  21  5
  5   5  4   5  1  10   5   4   1   9   0  21  5
  5   5  4   5  1  10   5   4   5   1   4  21  5
  5   5  4   5  5   0   5  11   0  10   5  15  5
  5   5  4   5  5   0   5  11   5   0  10  15  5
  5   5  4   5  5   0   5  11   5   5   0  20  5
  5   5  4   5  5   0   9   5   0  12   5  15  5
  5   5  4   5  5   4   1   9   0  12   5  15  5
  5   5  4   5  6   5   0   9   5   0   6  20  5
  5   5  4   5  6   5   4   1   9   0   6  20  5
  5   5  4   5  6   5   4   5   1   4   6  20  5
  5   5  4   6  0   5  10   4   5   5   0  21  5
  5   5  4   6  0   9   6   0   9   5   0  21  5
  5   5  4   6  0   9   6   4   1   9   0  21  5
  5   5  4   6  0   9   6   4   5   1   4  21  5
  5   5  4   6  0  10   4   5   5   0   6  20  5
  5   5  4   6  4   5   5   0   6  10   0  20  5
  5   5  4   6  4   5   5   0  11   0   5  20  5
  5   5  4   6  4   6   0   9   5   0   6  20  5
  5   5  4   6  4   6   4   1   9   0   6  20  5
  5   5  4   6  4   6   4   5   1   4   6  20  5
  5   5  5   0  5   9   5   5   5   0  11  15  5
  5   5  5   0  5  10   4   5   5   5   0  21  5
  5   5  5   0  8   5   5   5   0  12   5  15  5
  5   5  5   0  9   5   5   0   5  11   5  15  5
  5   5  5   0  9   5   5   5   0  11   0  20  5
  5   5  5   0 10   3   5   5   5   0  12  15  5
  5   5  5   0 10   4   5   5   5   0   6  20  5
  5   5  5   2  5   5   5   0  13   5   5  15  5
  5   5  5   3  5   5   5   0  12   0  10  15  5
  5   5  5   3  5   5   5   0  12   5   0  20  5
  5   5  5   3  7   0   8   5   5   0  12  15  5
  5   5  5   3  7   3   2   8   5   0  12  15  5
  5   5  5   3  7   3   5   2   8   0  12  15  5
  5   5  5   3  7   3   5   5   2   3  12  15  5
  5   5  5   4  1   9   5   0   5  11   5  15  5
  5   5  5   4  1  10   0   9   5   5   0  21  5
  5   5  5   4  1  10   4   1   9   5   0  21  5
  5   5  5   4  1  10   4   5   1   9   0  21  5
  5   5  5   4  1  10   4   5   5   1   4  21  5
  5   5  5   4  4   5   5   1   4  12   5  15  5
  5   5  5   4  5   1   9   0   5  11   5  15  5
  5   5  5   4  5   5   1   4   5  11   5  15  5
  5   5  5   4  5   5   5   0  11   0   5  20  5
  5   5  5   4  6   0   9   5   5   0   6  20  5
  5   5  5   4  6   4   1   9   5   0   6  20  5
  5   5  5   4  6   4   5   1   9   0   6  20  5
  5   5  5   4  6   4   5   5   1   4   6  20  5
  5   5  5   5  0   5   9   5   5   5   0  21  5
  5   5  5   5  0   8   5   5   5   0  12  15  5
  5   5  5   5  0   9   1   9   5   5   0  21  5
  5   5  5   5  0   9   5   1   9   5   0  21  5
  5   5  5   5  0   9   5   5   1   9   0  21  5
  5   5  5   5  3   2   8   5   5   0  12  15  5
  5   5  5   5  3   5   2   8   5   0  12  15  5
  5   5  5   5  3   5   5   2   8   0  12  15  5
  5   5  5   5  3   5   5   5   2   3  12  15  5
  5   5  6   6  7   7   6   6   5   0   5  26  6
  5   5  6   8  5   0  13   6   5   5   0  26  6
  5   5  6   8  5   5   8   6   5   0   5  26  6
  5   5  7   5  7   7   5   7   5   0   5  26  6
  5   5  8   5  6   6   5   8   5   0   5  26  6
  5   5  8   6  5   0  11   8   5   5   0  26  6
  5   5  8   6  5   5   6   8   5   0   5  26  6
  5   5 11   5  0   5  18   7   7   7   7  21  7
  5   6  0  12  7   0  12   6   5   0  13  18  6
  5   6  0  12  7   6   6   6   5   0   7  24  6
  5   6  0  13  0  11   7   6   6   5   0  25  6
  5   6  0  13  5   7   6   6   5   0   7  24  6
  5   6  0  13  6   5   0   6  13   6   6  18  6
  5   6  5   6  8   6   5   0  11   0  14  18  6
  5   6  5   8  5   5   8   5   6   0   5  26  6
  5   6  6   0 13   6   6   5   0  13   0  24  6
  5   6  6   0 13   6   6   6   5   0   7  24  6
  5   6  6   6  0  13   6   6   6   0   5  25  6
  5   6  6   6  7   6   6   0   5   6  13  18  6
  5   6  6   7  0   5  13   6   6   5   0  25  6
  5   6  6   7  5   0  13   6   6   0   5  25  6
  5   6  6   7  6   5   0   6   7  12   6  18  6
  5   6  6   7  6   5   0   6  13   0  12  18  6
  5   6  6   7  6   5   0   6  13   6   0  24  6
  5   6  7   0  5  12   7   6   5   0  13  18  6
  5   6  7   0  5  13   5   7   6   5   0  25  6
  5   6  7   0 11   0  13   5   0  13   6  18  6
  5   6  7   0 11   0  13   6   5   0  13  18  6
  5   6  7   5  0  12   7   6   0   5  13  18  6
  5   6  7   5  0  13   0  12   6   5   0  25  6
  5   6  7   5  0  13   5   7   6   0   5  25  6
  5   6  7   5  0  13   6   5   0   7  12  18  6
  5   6  7   5  0  13   6   5   0  13   0  24  6
  5   6  7   6  0   5  12   7   6   5   0  25  6
  5   6  7   6  5   0   7  12   5   0  13  18  6
  5   6  7   6  5   0   7  12   6   5   0  25  6
  5   6  7   6  5   0  11   7   6   5   0  26  6
  5   6  7   6  5   0  12   7   6   0   5  25  6
  5   6  7   6  5   0  13   0  11   0  13  18  6
  5   6  7   6  5   0  13   6   5   0   7  24  6
  5   7  0  11  7   5   0  12   0  13   6  18  6
  5   7  0  11  7   5   0  13   5   0  13  18  6
  5   7  0  12  5   0  12   7   5   0  13  18  6
  5   7  0  12  5   0  13   5   7   5   0  25  6
  5   7  0  12  5   7   5   0  12   0  13  18  6
  5   7  4   7  7   4   7   5   0   7  13  18  6
  5   7  4   8  4   7   5   0  14   5   0  25  6
  5   7  4   8  5   0  13   4   7   5   0  26  6
  5   7  5   0  7  11   7   5   0  13   6  18  6
  5   7  5   0  7  12   5   7   5   0  13  18  6
  5   7  5   0  7  12   6   5   7   5   0  25  6
  5   7  5   0 12   7   5   0   7  12   6  18  6
  5   7  5   0 12   7   5   0  13   0  12  18  6
  5   7  5   0 12   7   5   0  13   6   0  24  6
  5   7  5   0 13   0  11   7   5   0  13  18  6
  5   7  5   0 13   5   7   5   0   7  12  18  6
  5   7  5   0 13   5   7   5   0  13   0  24  6
  5   7  5   0 13   6   5   1  11   0  13  18  6
  5   7  5   0 13   6   5   7   5   0   7  24  6
  5   7  5   5  7   7   5   0  12   5   0  26  6
  5   7  5   5  7   7   5   5   7   0   5  26  6
  5   7  5   6  7   5   0   7   5  13   6  18  6
  5   7  5   7  0   5  12   7   5   0  13  18  6
  5   7  5   7  0   5  13   5   7   5   0  25  6
  5   7  5   7  0  12   5   0  12   0  13  18  6
  5   7  5   7  5   0   7  12   5   0  13  18  6
  5   7  5   7  5   0  12   0   7  12   6  18  6
  5   7  5   7  5   0  12   0  13   0  12  18  6
  5   7  5   7  5   0  12   0  13   6   0  24  6
  5   7  5   7  5   0  12   5   7   5   0  26  6
  5   7  5   7  5   0  12   7   0   5  13  18  6
  5   7  5   7  5   0  13   0  12   5   0  25  6
  5   7  5   7  5   0  13   5   7   0   5  25  6
  5   7  5   7  5   5   7   5   7   0   5  26  6
  5   7  5   7  5   7   0   5  12   0  13  18  6
  5   7  5   7  5   7   5   0   7   5  13  18  6
  5   7  6   0 11   7   5   0  13   5   0  25  6
  5   7  6   4  7   7   4   1  12   5   0  26  6
  5   7  6   5  1  12   5   0  13   5   0  25  6
  5   7  6   5  6   7   0   5  13   5   0  25  6
  5   7  6   5  6   7   5   0  13   0   5  25  6
  5   7  6   6  5   5   6   6   7   0   5  26  6
  5   7  7   7  0  16   7   7   7   5   0  30  7
  5   7  7   7  9   7   7   5   0   7  16  21  7
  5   7  7   8  7   8   7   5   0   7  16  21  7
  5   7  7   9  5   0  16   7   7   5   0  30  7
  5   7  8   8  6   6   0  16   7   5   0  30  7
  5   7  8   8  7   0   5  16   0  14   7  21  7
  5   7  8   8  7   0   5  16   7   0  14  21  7
  5   7  8   8  7   0   5  16   7   7   0  28  7
  5   7  9   5  0  14   9   7   5   0  16  21  7
  5   7  9   5  0  16   5   9   7   5   0  30  7
  5   7  9   7  5   0  14   9   7   5   0  30  7
  5   8  6   7  0  16   7   6   8   5   0  30  7
  5   8  8   0  5  16   7   6   0  15   7  21  7
  5   8  8   5  0  14   8   8   5   0  16  21  7
  5   8  8   5  0  16   0  14   0  14   7  21  7
  5   8  8   5  0  16   0  14   7   0  14  21  7
  5   8  8   5  0  16   0  14   7   7   0  28  7
  5   8  8   5  0  16   5   8   8   5   0  30  7
  5   8  8   5  0  16   7   0  14   0  14  21  7
  5   8  8   5  0  16   7   0  14   7   0  28  7
  5   8  8   5  0  16   7   7   0   7  14  21  7
  5   8  8   5  0  16   7   7   0  14   0  28  7
  5   8  8   5  0  16   7   7   7   0   7  28  7
  5   8  8   5  8   8   5   0  16   5   0  30  7
  5   9  0  13  8   0  14   5   0  16   7  21  7
  5   9  0  13  8   5   9   0   5  16   7  21  7
  5   9  5   7  9   5   0  14   0  16   7  21  7
  5   9  5   8  8   0  14   0   5  16   7  21  7
  5   9  5   9  5   0  14   9   5   0  16  21  7
  5   9  5   9  5   0  16   5   9   5   0  30  7
  5   9  5   9  5   9   5   0  14   0  16  21  7
  5   9  6   6  9   0   5   9  14   7   7  21  7
  5   9  6   6  9   0   5  16   0  14   7  21  7
  5   9  6   6  9   0   5  16   7   0  14  21  7
  5   9  6   6  9   0   5  16   7   7   0  28  7
  5   9  7   5  7   9   5   0  16   5   0  30  7
  5   9  7   6  1   7  14   5   0  16   7  21  7
  5   9  7   6  1  12   9   0   5  16   7  21  7
  5   9  7   6  6   2  14   0   5  16   7  21  7
  5   9  9  11 11   9   9   0   5  22   9  27  9
  5   9 11  11  9   5   0  22   0  18   9  27  9
  5   9 11  11  9   5   0  22   9   0  18  27  9
  5   9 11  11  9   5   0  22   9   9   0  36  9
  5   9 13   7  7  13   9   0   5  22   9  27  9
  5  11 11   5  0  22   9   7   0  20   9  27  9
  5  11 11  14 14  11  11   5   0  28  11  33 11
  5  11 17   8  8  17  11   5   0  28  11  33 11
  5  13  0  16 11   5  13   5   0  22   9  27  9
  5  13  5  11 11   0  18   5   0  22   9  27  9
  5  13  5  11 11   5  13   0   5  22   9  27  9
  5  13  7   7 13   5   0  13  18   9   9  27  9
  5  13  7   7 13   5   0  22   0  18   9  27  9
  5  13  7   7 13   5   0  22   9   0  18  27  9
  5  13  7   7 13   5   0  22   9   9   0  36  9
  5  13  9   7  2  14  13   5   0  22   9  27  9
  5  13  9   7  7   4  18   5   0  22   9  27  9
  5  13  9   7  7   9  13   0   5  22   9  27  9
  5  17  5  14 14   5  17   5   0  28  11  33 11
  5  17 11   8  8  11  17   5   0  28  11  33 11
  6   0  6  15  8   7   7   7   6   0  15  21  7
  6   0  6  16  6   8   7   7   6   0  15  21  7
  6   0 11   6  0  13   6   5   6   0  13  18  6
  6   0 11   6  0  13   6   6   5   6   0  25  6
  6   0 11   6  7   6   5   6   0   6  13  18  6
  6   0 12   5  6   0  12   6   0  13   6  18  6
  6   0 12   5  6   6   6   0   6  13   6  18  6
  6   0 12   5  7   5   6   0  12   0  13  18  6
  6   0 14   7  0  15   7   7   7   6   0  29  7
  6   0 14   7  8   7   7   6   0   7  15  21  7
  6   0 14   8  6   0   6  16   7   7   7  21  7
  6   0 14   8  6   0  15   7   7   6   0  29  7
  6   0 15   6  0  14   8   7   6   0  15  21  7
  6   0 15   6  0  15   6   8   7   6   0  29  7
  6   0 15   7  6   0  14   8   7   6   0  29  7
  6   4  6   7  7   6   4   6   0   7  13  18  6
  6   5  1  11  0  13   6   6   5   6   0  25  6
  6   5  1  11  7   6   5   6   0   6  13  18  6
  6   5  5   1  5  14   0  12   6   6   6  18  6
  6   5  5   1  5  14   6   0  12   6   6  18  6
  6   5  5   1  5  14   6   6   0  12   6  18  6
  6   5  5   1  5  14   6   6   6   0  12  18  6
  6   5  5   1  5  14   6   6   6   6   0  24  6
  6   5  5   6  7   7   6   5   5   1   5  26  6
  6   5  5   8  5   5   8   5   5   1   5  26  6
  6   5  6   0  6   5  14   6   6   6   6  18  6
  6   5  6   0 13   0  11   6   0  13   6  18  6
  6   5  6   0 13   0  12   5   6   0  13  18  6
  6   5  6   0 13   5   6   0  13   0  12  18  6
  6   5  6   0 13   5   6   0  13   6   0  24  6
  6   5  6   0 13   6   0  11   6   0  13  18  6
  6   5  6   0 13   6   5   6   0  13   0  24  6
  6   5  6   0 13   6   6   5   6   0   7  24  6
  6   5  6   5  7   7   5   6   0  11   0  26  6
  6   5  6   6  0  13   6   0  11   0  13  18  6
  6   5  6   6  0  13   6   5   1   5  13  18  6
  6   5  6   6  0  13   6   6   0  11   0  25  6
  6   5  6   6  0  13   6   6   5   1   5  25  6
  6   5  6   6  6   5   6   0   6  14   6  18  6
  6   5  6   6  7   6   0  11   0   6  13  18  6
  6   5  6   6  7   6   5   1   5   6  13  18  6
  6   5  6   7  5   6   0   6   7  12   6  18  6
  6   5  6   7  5   6   0   6  13   0  12  18  6
  6   5  6   7  5   6   0   6  13   6   0  24  6
  6   5  7   0 11   0  12   6   0  13   6  18  6
  6   5  7   0 11   0  13   5   6   0  13  18  6
  6   5  7   0 12   5   6   0  12   0  13  18  6
  6   5  7   4  7   7   4   7   0  11   0  26  6
  6   5  7   5  1   5  13   5   6   0  13  18  6
  6   5  7   5  6   0   7  11   0  13   6  18  6
  6   5  7   5  6   0  12   0  13   0  12  18  6
  6   5  7   5  6   0  12   0  13   6   0  24  6
  6   5  7   5  6   0  13   0  11   0  13  18  6
  6   5  7   5  6   0  13   5   1   5  13  18  6
  6   5  7   5  7   0  11   0  12   0  13  18  6
  6   5  7   5  7   5   1   5  12   0  13  18  6
  6   5  7   5  7   5   6   0   7   5  13  18  6
  6   5  7   6  5   5   6   7   5   1   5  26  6
  6   6  0  11  6   6   0  12   0  13   6  18  6
  6   6  0  11  7   5   6   6   0   6  13  18  6
  6   6  0  12  5   6   6   0  12   0  13  18  6
  6   6  0  15  8   7   7   7   0   6  15  21  7
  6   6  0  16  0  14   6   0  15   7   7  21  7
  6   6  0  16  0  14   7   7   6   0  15  21  7
  6   6  0  16  6   0  15   0  14   7   7  21  7
  6   6  0  16  6   0  15   7   0  14   7  21  7
  6   6  0  16  6   0  15   7   7   0  14  21  7
  6   6  0  16  6   0  15   7   7   7   0  28  7
  6   6  0  16  6   8   7   7   0   6  15  21  7
  6   6  0  16  7   6   0  15   0  14   7  21  7
  6   6  0  16  7   6   0  15   7   0  14  21  7
  6   6  0  16  7   6   0  15   7   7   0  28  7
  6   6  0  16  7   7   6   0   8  14   7  21  7
  6   6  0  16  7   7   6   0  15   0  14  21  7
  6   6  0  16  7   7   6   0  15   7   0  28  7
  6   6  0  39 13  13  13  14  13  13  13  39 13
  6   6  0  39 13  13  14  12  14  13  13  39 13
  6   6  0  39 13  14  12  14  12  14  13  39 13
  6   6  0  39 13  14  13  12  13  14  13  39 13
  6   6  0  39 14  12  13  14  13  12  14  39 13
  6   6  0  39 14  12  14  12  14  12  14  39 13
  6   6  0  39 14  13  12  14  12  13  14  39 13
  6   6  0  39 14  13  13  12  13  13  14  39 13
  6   6  0  40 12  13  13  14  13  13  12  40 13
  6   6  0  40 12  13  14  12  14  13  12  40 13
  6   6  0  40 12  14  12  14  12  14  12  40 13
  6   6  0  40 12  14  13  12  13  14  12  40 13
  6   6  0  40 13  12  13  14  13  12  13  40 13
  6   6  0  40 13  12  14  12  14  12  13  40 13
  6   6  0  40 13  13  12  14  12  13  13  40 13
  6   6  0  40 13  13  13  12  13  13  13  40 13
  6   6  4   7  7   4   6   6   0   7  13  18  6
  6   6  5   1 10   1   5  14   6   6   6  18  6
  6   6  5   1 12   5   6   6   0   6  13  18  6
  6   6  5   5  2   5   5  14   6   6   6  18  6
  6   6  5   5  7   7   5   5   6   1   5  26  6
  6   6  5   6  5   6   6   0   6  14   6  18  6
  6   6  5   6  6   0   6   6  13   6   6  18  6
  6   6  5   6  6   0  11   6   6   0  14  18  6
  6   6  5   6  6   0  12   0  13   0  12  18  6
  6   6  5   6  6   0  12   0  13   6   0  24  6
  6   6  5   6  6   6   6   0  11   6   0  26  6
  6   6  5   6  7   0  11   6   0   6  13  18  6
  6   6  5   6  7   5   1  11   0   6  13  18  6
  6   6  5   6  7   5   6   1   5   6  13  18  6
  6   6  5   7  0  11   6   0  12   0  13  18  6
  6   6  5   7  5   1  11   0  12   0  13  18  6
  6   6  5   7  5   5   7   0  11   6   0  26  6
  6   6  5   7  5   5   7   5   6   1   5  26  6
  6   6  5   7  5   6   1   5  12   0  13  18  6
  6   6  5   7  5   6   6   0   7   5  13  18  6
  6   6  6   0 11   6   6   0  12   0  13  18  6
  6   6  6   0 11   6   6   6   0   6  13  18  6
  6   6  6   5  1  11   6   0  12   0  13  18  6
  6   6  6   5  6   1  11   0  12   0  13  18  6
  6   6  6   5  6   6   1   5  12   0  13  18  6
  6   6  6   5  6   6   5   1  11   6   0  26  6
  6   6  6   5  6   6   5   6   1  11   0  26  6
  6   6  6   5  6   6   6   0   6  13   0  24  6
  6   6  6   6  0  11   6   6   6   0   6  25  6
  6   6  6   6  5   1  11   6   6   0   6  25  6
  6   6  6   6  5   5   6   6   6   1   5  26  6
  6   6  6   6  5   6   1  11   6   0   6  25  6
  6   6  6   6  5   6   6   1  11   0   6  25  6
  6   6  6   6  5   6   6   6   1   5   6  25  6
  6   6  6  10  6   6   0   6  17   7   7  21  7
  6   6  8   8  6   6   0  16   6   6   0  30  7
  6   6  9   6  0   6   9  14   7   7   7  21  7
  6   6  9   6  0   6  16   0  14   7   7  21  7
  6   6  9   6  0   6  16   7   0  14   7  21  7
  6   6  9   6  0   6  16   7   7   0  14  21  7
  6   6  9   6  0   6  16   7   7   7   0  28  7
  6   7  0   6 16   7   6   0  15   7   7  21  7
  6   7  0   6 16   7   7   6   0  15   7  21  7
  6   7  0   6 16   7   7   7   6   0  15  21  7
  6   7  0  14  0  15   7   7   7   6   0  29  7
  6   7  0  14  8   7   7   6   0   7  15  21  7
  6   7  0  15  6   0  15   7   6   0  15  21  7
  6   7  0  15  6   0  15   7   7   6   0  29  7
  6   7  6   0 16   7   0   6  15   7   7  21  7
  6   7  6   0 16   7   7   0   6  15   7  21  7
  6   7  6   0 16   7   7   7   0   6  15  21  7
  6   7  7   0 15   7   6   0   7  15   7  21  7
  6   7  7   0 15   7   7   6   0   7  15  21  7
  6   7  7   7  8   7   7   6   0   7   8  28  7
  6   7  7   8  0  13   8   7   6   0   7  29  7
  6   7  7   8  6   7   8   7   0   6   7  29  7
  6   7  8   0 13   0  14   8   7   6   0  29  7
  6   7  8   6  0   7  15   7   6   0  15  21  7
  6   7  8   6  0  14   8   7   6   0   8  28  7
  6   7  8   6  0  15   6   8   0  13   0  29  7
  6   7  8   7  0  13   7   8   6   0   7  29  7
  6   7  8   7  6   0  14   1  14   6   0  29  7
  6   7  8   7  6   0  14   8   0  13   0  29  7
  6   7  8   7  6   7   1  14   6   0   7  29  7
  6   7  8   7  6   7   7   8   0   6   7  29  7
  6   7 11   7  6   0  19   6   0  18   8  24  8
  6   8  0  13  7   8   6   0  15   6   0  29  7
  6   8  6   0  8  12   0  16   7   7   7  21  7
  6   8  6   0 14   0   6  16   7   7   7  21  7
  6   8  6   0 14   0  14   0  15   7   7  21  7
  6   8  6   0 14   0  15   6   0  15   7  21  7
  6   8  6   0 15   6   0  14   0  15   7  21  7
  6   8  6   0 15   6   0  15   6   0  15  21  7
  6   8  6   6  6   8   0   6  17   7   7  21  7
  6   8  6   7  8   6   0  14   0  15   0  28  7
  6   8  6   8  6   0   8  13   8   6   0  29  7
  6   8  6   8  6   0  14   8   6   0   8  28  7
  6   8  6   8  6   0  15   6   1  13   0  29  7
  6   8  6   8  6   8   6   0  14   0   8  28  7
  6   8  7   6  7   1  13   0  15   6   0  29  7
  6   8  7   6  7   8   6   0   8  13   0  29  7
  6   8  9   9  8   0   6   9  17   8   8  24  8
  6   8 10   7  0  17   8   0   6  18   8  24  8
  6   9  8   9  0   6  18   8   8   7   0  33  8
  6   9  9   0  6  17   9   8   7   0  17  24  8
  6   9  9   0  6  18   7   9   8   7   0  33  8
  6   9  9   6  0   9   9  16   8   8   8  24  8
  6   9  9   6  0   9  17   0  16   8   8  24  8
  6   9  9   6  0   9  17   8   0  16   8  24  8
  6   9  9   6  0   9  17   8   8   0  16  24  8
  6   9  9   6  0   9  17   8   8   8   0  32  8
  6   9  9   6  0  18   8   0   7  17   8  24  8
  6  10  5  10  6   0  19   6   0  18   8  24  8
  6  10  6   9  8   7  10   6   0  16   0  34  8
  6  10  7   0 17   6   0  10  16   8   8  24  8
  6  10  7   0 17   6   0  18   0  16   8  24  8
  6  10  7   0 17   6   0  18   8   0  16  24  8
  6  10  7   0 17   6   0  18   8   8   0  32  8
  6  10  7   8  8   0  17   0   6  18   8  24  8
  6  13 11   8  0  19  13   6   0  24  10  30 10
  7   0  7  13  8   7   5   7   0  16   7  21  7
  7   0 12   8  8   7   0  12   0  16   7  21  7
  7   0 12   8  8   7   5   2   5  16   7  21  7
  7   0 12   9  3   7   0  18   7   7   7  21  7
  7   0 13   7  0  13   0  16   7   7   7  21  7
  7   0 13   8  5   7   0  16   0  14   7  21  7
  7   0 13   8  5   7   0  16   7   0  14  21  7
  7   0 13   8  5   7   0  16   7   7   0  28  7
  7   0 13   8  6   7   8   6   7   0   7  29  7
  7   0 14   6  1  14   5   7   0  16   7  21  7
  7   0 14   6  6   9   0  12   0  16   7  21  7
  7   0 14   6  6   9   5   2   5  16   7  21  7
  7   0 14   6  7   8   6   7   0  14   0  29  7
  7   0 14   7  6   7   7   7   7   0   7  29  7
  7   0 15  10  8   7   0   7  18   8   8  24  8
  7   0 16   9  7   9   7   0  16   0  17  24  8
  7   0 17   8  7   8   8   9   7   0   8  33  8
  7   0 18  10 10   9   9   0   7  20   9  27  9
  7   0 19  10  9   7   0  20   0  18   9  27  9
  7   0 19  10  9   7   0  20   9   0  18  27  9
  7   0 19  10  9   7   0  20   9   9   0  36  9
  7   0 20   8  8  11   9   0   7  20   9  27  9
  7   0 22  13 13  11  11   7   0  26  11  33 11
  7   0 26   9  9  15  11   7   0  26  11  33 11
  7   3  9   9  0  10   0  18   7   7   7  21  7
  7   3  9   9  3   4   3  18   7   7   7  21  7
  7   4  4   7  0  20   7   7   7   7   7  21  7
  7   5  2  13  8   7   0  12   0  16   7  21  7
  7   5  2  13  8   7   5   2   5  16   7  21  7
  7   5  5   7  0  18   0  14   7   7   7  21  7
  7   5  5   7  0  18   7   0  14   7   7  21  7
  7   5  5   7  0  18   7   7   0  14   7  21  7
  7   5  5   7  0  18   7   7   7   0  14  21  7
  7   5  5   7  0  18   7   7   7   7   0  28  7
  7   5  7   0 12   0  18   7   7   7   7  21  7
  7   5  7   7  0  16   7   5   7   0  16  21  7
  7   5  7   7  0  16   7   7   5   7   0  30  7
  7   5  7   7  9   7   5   7   0   7  16  21  7
  7   5  7   8  7   8   5   7   0   7  16  21  7
  7   5  7   8  8   7   0   7   5  16   7  21  7
  7   5  8   8  0  12   0  16   0  14   7  21  7
  7   5  8   8  0  12   0  16   7   0  14  21  7
  7   5  8   8  0  12   0  16   7   7   0  28  7
  7   5  8   8  5   2   5  16   0  14   7  21  7
  7   5  8   8  5   2   5  16   7   0  14  21  7
  7   5  8   8  5   2   5  16   7   7   0  28  7
  7   5  9   5  7   0  14   7   0  16   7  21  7
  7   5  9   5  7   0  16   5   7   0  16  21  7
  7   5  9   5  9   5   7   0  14   0  16  21  7
  7   5  9   6  1  14   0  12   0  16   7  21  7
  7   5  9   6  1  14   5   2   5  16   7  21  7
  7   5  9   6  6   9   0   7   5  16   7  21  7
  7   6  1  12  0   7  16   7   7   7   7  21  7
  7   6  1  14  6   6   1   6  16   7   7  21  7
  7   6  1  14  6   7   0  14   7   0  15  21  7
  7   6  1  14  6   7   0  15   6   7   0  29  7
  7   6  1  14  6   7   8   6   7   0   7  29  7
  7   6  6   7  0  16   0   7  14   7   7  21  7
  7   6  6   7  0  16   0  14   0  14   7  21  7
  7   6  6   7  0  16   0  14   7   0  14  21  7
  7   6  6   7  0  16   0  14   7   7   0  28  7
  7   6  6   7  0  16   6   6   7   0  16  21  7
  7   6  6   7  0  16   7   0   7  14   7  21  7
  7   6  6   7  0  16   7   0  14   0  14  21  7
  7   6  6   7  0  16   7   0  14   7   0  28  7
  7   6  6   7  0  16   7   6   6   7   0  30  7
  7   6  6   7  0  16   7   7   0   7  14  21  7
  7   6  6   7  0  16   7   7   0  14   0  28  7
  7   6  6   7  0  16   7   7   7   0   7  28  7
  7   6  6   9  6   1   6   6  16   7   7  21  7
  7   6  7   0  7  15   6   7   0  15   7  21  7
  7   6  7   0  7  15   7   6   7   0  15  21  7
  7   6  7   0  7  15   7   7   6   7   0  29  7
  7   6  7   0 13   0  16   0  14   7   7  21  7
  7   6  7   0 13   0  16   7   0  14   7  21  7
  7   6  7   0 13   0  16   7   7   0  14  21  7
  7   6  7   0 13   0  16   7   7   7   0  28  7
  7   6  7   0 15   6   7   0   7  15   7  21  7
  7   6  7   0 15   7   6   7   0   7  15  21  7
  7   6  7   6  7   0  13   0  17   7   7  21  7
  7   6  7   7  0   7   6  16   7   7   7  21  7
  7   6  7   7  0  15   0  14   6   7   0  29  7
  7   6  7   7  7   7   7   6   7   0   7  30  7
  7   6  7   7  8   7   6   7   0   7   8  28  7
  7   6  7   8  0  13   8   6   7   0   7  29  7
  7   6  7   8  6   1  14   6   7   0   7  29  7
  7   6  7   8  6   7   8   0  13   0   7  29  7
  7   6  8   0 13   0  13   0  16   7   7  21  7
  7   6  8   0 13   0  14   8   6   7   0  29  7
  7   6  8   0 13   8   6   7   0  14   0  29  7
  7   6  8   5  8   0   8   5  16   7   7  21  7
  7   6  8   6  1   6  14   8   6   7   0  29  7
  7   6  8   6  1  14   6   7   0  14   0  29  7
  7   6  8   6  7   0   8  14   6   7   0  29  7
  7   6  8   6  7   0  14   0   7  15   7  21  7
  7   6  8   6  7   0  14   7   0  15   0  28  7
  7   6  8   6  7   0  14   8   0  13   0  29  7
  7   6  8   6  7   0  14   8   6   1   6  29  7
  7   6  8   6  7   0  15   6   7   0   8  28  7
  7   6  8   6  7   8   6   1   6  14   0  29  7
  7   6  8   6  7   8   6   7   0   8   6  29  7
  7   6  8   6  8   6   7   0  14   0   8  28  7
  7   7  0   7 19   0  16   8   8   8   8  24  8
  7   7  0   7 19   8   0  16   8   8   8  24  8
  7   7  0   7 19   8   8   0  16   8   8  24  8
  7   7  0   7 19   8   8   8   0  16   8  24  8
  7   7  0   7 19   8   8   8   8   0  16  24  8
  7   7  0   7 19   8   8   8   8   8   0  32  8
  7   7  0  13  8   0  12   7   0  16   7  21  7
  7   7  0  13  8   5   2  12   0  16   7  21  7
  7   7  0  13  8   5   7   2   5  16   7  21  7
  7   7  0  14  6   7   7   0  14   7   0  29  7
  7   7  0  14  6   7   7   7   7   0   7  29  7
  7   7  0  17  9   0  16   8   7   0  17  24  8
  7   7  0  17  9   8   0  16   7   0  17  24  8
  7   7  0  17  9   8   8   8   7   0   9  32  8
  7   7  0  18  0  15   9   8   8   7   0  33  8
  7   7  0  18  7   9   0  16   7   0  17  24  8
  7   7  0  18  7   9   8   8   7   0   9  32  8
  7   7  5   2 10   7   0  18   7   7   7  21  7
  7   7  5   5  4  10   0  18   7   7   7  21  7
  7   7  5   7  9   5   7   7   0   7  16  21  7
  7   7  5   8  8   0   7  12   0  16   7  21  7
  7   7  5   8  8   0  12   2   5  16   7  21  7
  7   7  5   8  8   5   2   7   5  16   7  21  7
  7   7  5   9  5   7   7   0  14   0  16  21  7
  7   7  6   1 12   7   0  16   0  14   7  21  7
  7   7  6   1 12   7   0  16   7   0  14  21  7
  7   7  6   1 12   7   0  16   7   7   0  28  7
  7   7  6   1 13   0  15   6   7   7   0  29  7
  7   7  6   6  2  12   0  16   0  14   7  21  7
  7   7  6   6  2  12   0  16   7   0  14  21  7
  7   7  6   6  2  12   0  16   7   7   0  28  7
  7   7  6   6  6   7   1   6  17   7   7  21  7
  7   7  6   7  1   6  13   0  16   7   7  21  7
  7   7  6   7  1   6  15   6   7   7   0  29  7
  7   7  6   7  1  14   6   7   7   0   7  29  7
  7   7  6   7  7   0  14   0   7  15   7  21  7
  7   7  6   7  7   0  15   0  13   7   0  29  7
  7   7  6   7  7   0  15   6   1  13   0  29  7
  7   7  6   7  7   0  15   6   7   1   6  29  7
  7   7  6   7  7   7   6   7   7   0   7  30  7
  7   7  6   7  8   6   7   7   0   7   8  28  7
  7   7  6   8  0  13   7   0  14   7   0  29  7
  7   7  6   8  6   7   1   6  14   7   0  29  7
  7   7  6   8  6   7   7   0   8  13   0  29  7
  7   7  7   0 13   7   7   0  14   7   0  29  7
  7   7  7   0 13   7   7   7   0  14   0  29  7
  7   7  7   5  7   7   7   0  14   0  16  21  7
  7   7  7   6  1   7  12   7   0  16   7  21  7
  7   7  7   6  1  12   2  12   0  16   7  21  7
  7   7  7   6  1  13   7   0  14   7   0  29  7
  7   7  7   6  6   2   7  12   0  16   7  21  7
  7   7  7   6  7   1  13   0  14   7   0  29  7
  7   7  7   6  7   6   7   7   7   0   7  30  7
  7   7  7   6  7   7   7   0   7   7  15  21  7
  7   7  7   7  5   7   7   7   7   0   7  30  7
  7   7  9   9  7   0   7  18   0  16   8  24  8
  7   7  9   9  7   0   7  18   8   0  16  24  8
  7   7  9   9  7   0   7  18   8   8   0  32  8
  7   7  9  13  9   7   0   7  22   9   9  27  9
  7   7 12   7 12   7   0   7  22   9   9  27  9
  7   8  0  17  7   8   9   8   7   0   8  33  8
  7   8  7   0 18   0  16   8   7   0  17  24  8
  7   8  7   0 18   8   7   0  17   0  16  24  8
  7   8  7   0 18   8   7   0  17   8   0  32  8
  7   8  7   0 18   8   8   7   0  17   0  32  8
  7   8  7   0 18   8   8   8   7   0   9  32  8
  7   8  8   0  7  18   8   7   0  17   8  24  8
  7   8  8   0  7  18   8   8   7   0  17  24  8
  7   8  8   0  7  18   8   8   8   7   0  33  8
  7   8  8   7  0  18   8   0   7  17   8  24  8
  7   8  8   7  0  18   8   8   0   7  17  24  8
  7   8  8   7  0  18   8   8   8   0   7  33  8
  7   8  8   8  0  17   8   8   7   0   8  33  8
  7   8  8   8  9   8   7   0   8   8  17  24  8
  7   8  8   9  7   0  17   8   7   0   8  33  8
  7   8  9   7  0   8  16   9   8   7   0  33  8
  7   8  9   8  7   0  16   9   7   0   8  33  8
  7   8 12   8  8   8  12   7   0   8  21  27  9
  7   9  0  19 10   9   9   0   7  20   9  27  9
  7   9  7   0 16   0  16   9   7   0  17  24  8
  7   9  7   0 16   0  17   7   9   7   0  33  8
  7   9  7   0 16   7   0  18   0  16   8  24  8
  7   9  7   0 16   7   0  18   8   0  16  24  8
  7   9  7   0 16   7   0  18   8   8   0  32  8
  7   9  7   0 16   9   7   0  16   0  17  24  8
  7   9  7   0 16   9   7   0  17   7   0  33  8
  7   9  7   7  9   0   7  18   0  16   8  24  8
  7   9  7   7  9   0   7  18   8   0  16  24  8
  7   9  7   7  9   0   7  18   8   8   0  32  8
  7   9  7   8  9   7   0  16   0   8  17  24  8
  7   9  7   9  7   0  16   0  16   0  17  24  8
  7   9  7   9  7   0  16   0  17   7   0  33  8
  7   9  8   7  1  14   9   0   7  18   8  24  8
  7   9  8   7  7   2  15   0   7  18   8  24  8
  7   9  9   7  0  22   9   7   0  20   9  27  9
  7   9  9   7  0  22   9   9   7   0  20  27  9
  7   9  9   7  0  22   9   9   9   7   0  38  9
  7   9  9  10 10   9   9   0   7  20   0  36  9
  7   9 10  10  9   7   0  20   0   9  18  27  9
  7   9 10  10  9   7   0  20   0  18   0  36  9
  7   9 10  10  9   7   0  20   9   0   9  36  9
  7   9 11   0 17  10   0  18   9   7   0  38  9
  7   9 11   0 17  10   7  11   9   0   7  38  9
  7   9 11   7 10  10   0  18   9   0   7  38  9
  7   9 11   8  8  11   9   0   7  11  18  27  9
  7   9 11   8  8  11   9   0   7  20   0  36  9
  7   9 11   9  8   8   2  18   9   0   7  38  9
  7  10  9  10  7   0  20   9   9   0   8  37  9
  7  10 10   0  7  20   7   0  20   9   9  27  9
  7  10 10   0 17  10   7   0  10  19   9  27  9
  7  10 10   7  0  19  10   9   0   8  19  27  9
  7  10 10   7  0  20   0   7  20   9   9  27  9
  7  10 10   7  0  20   0  17   0  19   9  27  9
  7  10 10   7  0  20   0  18   9   8   0  37  9
  7  10 10   7  0  20   8  10   9   0   8  37  9
  7  10 10   7  0  20   9   8   0  10  18  27  9
  7  10 10   7  0  20   9   8   0  19   0  36  9
  7  10 10   7 10  10   0   7  10  19   9  27  9
  7  10 10  11 11  11  10  10   7   0  11  42 10
  7  11  0  16 10  10   9   0  18   7   0  38  9
  7  11  0  16 10  10   9   7  11   0   7  38  9
  7  11  0  17  1  16  11   7   0  20   9  27  9
  7  11  0  17 10   7  11   7   0  11  18  27  9
  7  11  0  17 10   7  11   7   0  20   0  36  9
  7  11  0  18  8   8  11   0  18   7   0  38  9
  7  11  0  18  8   8  11   7  11   0   7  38  9
  7  11  0  24 13  11  11   7   0  26  11  33 11
  7  11  7   9 10  10   9   0  18   0   7  38  9
  7  11  7  10 10   0  18   7   0  11  18  27  9
  7  11  7  10 10   0  18   7   0  20   0  36  9
  7  11  7  10 10   7  11   0   7  11  18  27  9
  7  11  7  10 10   7  11   0   7  20   0  36  9
  7  11  7  11  8   8  11   0  18   0   7  38  9
  7  11  8   8 11   0   7  19   0  19   9  27  9
  7  11  8   8 11   7   0  11  18   0  18  27  9
  7  11  8   8 11   7   0  11  18   9   0  36  9
  7  11  8   8 11   7   0  20   0  18   0  36  9
  7  11  8   8 11   7   0  20   9   0   9  36  9
  7  11  9   0 17  10   0  16  11   7   0  38  9
  7  11  9   0 17  10   7   9  11   0   7  38  9
  7  11  9   7 10  10   0  16  11   0   7  38  9
  7  11  9   8  1  16  11   7   0  11  18  27  9
  7  11  9   8  1  16  11   7   0  20   0  36  9
  7  11  9   8  8   2  18   7   0  11  18  27  9
  7  11  9   8  8   2  18   7   0  20   0  36  9
  7  11  9   8  8   9  11   0   7  11  18  27  9
  7  11  9   8  8   9  11   0   7  20   0  36  9
  7  11  9   9  8   1   9  16  11   7   0  38  9
  7  11  9   9  8   1  16   2  18   7   0  38  9
  7  11  9   9  8   1  16   9  11   0   7  38  9
  7  11  9   9  8   8   2   9  18   7   0  38  9
  7  11  9   9  8   8   2  16  11   0   7  38  9
  7  11  9   9  8   8   9   2  18   0   7  38  9
  7  11  9  11 11  11   9  11   7   0  11  42 10
  7  11 11  11  7  11  11  11   7   0  11  42 10
  7  11 11  11 13  13  11  11  11   0   7  48 11
  7  11 11  13 13  11  11   7   0  26   0  44 11
  7  11 11  15  9   9  15  11  11   0   7  48 11
  7  11 15   0 20  13   7  15  11   7   0  48 11
  7  11 15   7 13  13   0  22  11   7   0  48 11
  7  11 15   7 13  13   7  15  11   0   7  48 11
  7  11 15   9  9  15  11   7   0  15  22  33 11
  7  11 15   9  9  15  11   7   0  26   0  44 11
  7  11 15  11  9   9   4  22  11   7   0  48 11
  7  11 15  11  9   9  11  15  11   0   7  48 11
  7  12 12  12 12   7   0  24   0  24  11  33 11
  7  13 13   7  0  26   7   0  26  11  11  33 11
  7  13 13   7 13  13   7   0  13  24  11  33 11
  7  13 13  13 16  16  13  13  13   7   0  58 13
  7  13 13  19 10  10  19  13  13   7   0  58 13
  7  13 19   7 16  16   7  19  13   7   0  58 13
  7  13 19  13 10  10  13  19  13   7   0  58 13
  7  15  0  18 13  13  11   7  15   7   0  48 11
  7  15  0  22  9   9  15   7  15   7   0  48 11
  7  15  7  11 13  13  11   0  22   7   0  48 11
  7  15  7  11 13  13  11   7  15   0   7  48 11
  7  15  7  13 13   7  15   7   0  15  22  33 11
  7  15  7  13 13   7  15   7   0  26   0  44 11
  7  15  7  15  9   9  15   0  22   7   0  48 11
  7  15  7  15  9   9  15   7  15   0   7  48 11
  7  15  9   9 15   7   0  24   0  24  11  33 11
  7  15 11   0 20  13   7  11  15   7   0  48 11
  7  15 11   7 13  13   0  18  15   7   0  48 11
  7  15 11   7 13  13   7  11  15   0   7  48 11
  7  15 11   9  9  11  15   7   0  15  22  33 11
  7  15 11   9  9  11  15   7   0  26   0  44 11
  7  15 11  11  9   2  18  11  15   7   0  48 11
  7  15 11  11  9   9   4  18  15   7   0  48 11
  7  15 11  11  9   9  11   4  22   7   0  48 11
  7  15 11  11  9   9  11  11  15   0   7  48 11
  7  19  7  13 16  16  13   7  19   7   0  58 13
  7  19  7  19 10  10  19   7  19   7   0  58 13
  7  19 13   7 16  16   7  13  19   7   0  58 13
  7  19 13  13 10  10  13  13  19   7   0  58 13
  8   0 15   0 15   8   0  18   8   8   8  24  8
  8   0 15   9  6   8   0   9  17   8   8  24  8
  8   0 17  10 10   9   8   0   8  20   9  27  9
  8   0 18   8  0  20   9   9   8   0  19  27  9
  8   0 18   8  0  20   9   9   9   8   0  37  9
  8   0 19   8  0  19   8   8   0  20   9  27  9
  8   0 19   8  8  11   8   0   8  20   9  27  9
  8   0 21   0 21   8   0  22  10  10  10  30 10
  8   0 21  11 10   8   0  11  21  10  10  30 10
  8   0 22   9  0  21  10   8   0  22  10  30 10
  8   6  9   9  0  14   0   9  17   8   8  24  8
  8   6  9   9  6   2   6   9  17   8   8  24  8
  8   7  1  14  0  18   7   8   0  17   8  24  8
  8   7  1  14  0  18   8   7   8   0  17  24  8
  8   7  1  14  0  18   8   8   7   8   0  33  8
  8   7  1  15  9   7   7   1   7  18   8  24  8
  8   7  7   7  1  14   0  20   8   8   8  24  8
  8   7  7   9  9   7   1   7   7  18   8  24  8
  8   7  7  10  7   7   8   0  16   8   0  34  8
  8   7  8   0  8  15   0  18   8   8   8  24  8
  8   7  8   8  0   8  17   8   7   8   0  33  8
  8   7  8   8  0  15   0  18   0  16   8  24  8
  8   7  8   8  0  15   0  18   8   0  16  24  8
  8   7  8   8  0  15   0  18   8   8   0  32  8
  8   7  8   8  0  17   7   8   0   8  17  24  8
  8   7  8   8  0  17   8   7   8   0   8  33  8
  8   7  8   9  7   8   0   8  16   0  17  24  8
  8   7  9   6  9   7   8   0  16   8   0  34  8
  8   7  9   7  1  15   7   1   7  18   8  24  8
  8   7  9   7  7   9   1   7   7  18   8  24  8
  8   7  9   7  8   0  16   8   0   8  17  24  8
  8   8  0  19  0  19   9   9   9   8   0  37  9
  8   8  0  20  0  16   0  20   9   9   9  27  9
  8   8  0  20  8   0   8  20   9   9   9  27  9
  8   8  0  20  8   0  19   9   8   0  19  27  9
  8   8  0  20  8   0  19   9   9   8   0  37  9
  8   8  0  20  9   0  16   0  20   9   9  27  9
  8   8  0  20  9   8   0   8  20   9   9  27  9
  8   8  7   7  8   1   7  18   0  16   8  24  8
  8   8  7   7  8   1   7  18   8   0  16  24  8
  8   8  7   7  8   1   7  18   8   8   0  32  8
  8   8  7   7  8   7   1  15   0  19   8  24  8
  8   8  7   8  7   1   8   7  18   8   8  24  8
  8   8  7   8  8   0  16   0  16   0  17  24  8
  8   8  7   9  7   8   8   0  16   0   8  33  8
  8   8  8   7  1  14   8   1   7  18   8  24  8
  8   8  8   7  7   2  14   1   7  18   8  24  8
  8   8  8   7  7   8   2   7   7  18   8  24  8
  8   8  8   7  8   8   8   0   8  16   0  33  8
  8   8  8   7  8   8   8   0  16   0   8  33  8
  8   8  9  11  9   8   0   8  11  18   9  27  9
  8   8  9  11  9   8   0   8  20   0  18  27  9
  8   8  9  11  9   8   0   8  20   9   0  36  9
  8   8 10  10  8   0   8  10  19   9   9  27  9
  8   8 11   0 16  11   8   0   8  20   9  27  9
  8   8 11   8  0   8  19   0  19   9   9  27  9
  8   8 11   8  0   8  20   8   0  19   9  27  9
  8   8 11   8  0   8  20   9   8   0  19  27  9
  8   8 11   8  0  19   0  16   0  20   9  27  9
  8   8 11   8  0  19   8   0   8  20   9  27  9
  8   8 11   8  8  11   0   8   8  20   9  27  9
  8   9  0  17  0  20   9   8   0  19   9  27  9
  8   9  0  17  0  20   9   9   8   0  19  27  9
  8   9  0  17  0  20   9   9   9   8   0  37  9
  8   9  8   0 20   9   8   0   9  19   9  27  9
  8   9  8   0 20   9   9   8   0   9  19  27  9
  8   9  9   8  0  20   0  18   8   0  19  27  9
  8   9  9   8  0  20   0  18   9   8   0  37  9
  8   9  9   8  0  20   9   0  17   0  19  27  9
  8   9  9   8  0  20   9   0  18   8   0  37  9
  8   9  9   8  0  20   9   8   0  19   0  36  9
  8   9  9   8  0  20   9   9   0  17   0  37  9
  8   9  9   9  0   8  20   9   9   8   0  37  9
  8   9  9   9  8   0  20   9   9   0   8  37  9
  8  10  0  17 10   7   1  17   0  20   9  27  9
  8  10  7  10 10   0   8  17   0  20   9  27  9
  8  10  7  10 10   7   1  10   7  20   9  27  9
  8  10  8   0 18   8   0  10  19   9   9  27  9
  8  10  8   8 10   0   8  10  19   9   9  27  9
  8  10  8   9  9   0  18   0   8  20   9  27  9
  8  10 10  11 11  10  10   0   8  11  21  30 10
  8  10 10  12  9   0  21  10  10   0   8  42 10
  8  10 11  10 11  10   0   8  21   0  21  30 10
  8  10 11  11 10   8   0  11  11  20  10  30 10
  8  10 11  11 10   8   0  11  21   0  20  30 10
  8  10 11  11 10   8   0  11  21  10   0  40 10
  8  10 12   9  0  21  10   8   0  12  20  30 10
  8  10 12   9  0  21  10   8   0  22   0  40 10
  8  10 12  10  9   0  11  20  10   8   0  42 10
  8  10 12  10  9   0  19  12  10   0   8  42 10
  8  11  9  11 11   9  11   0   8  11  21  30 10
  8  11 10  11  8   0  22  10   0  19   0  41 10
  8  11 11   0  8  21  11   8   0  22  10  30 10
  8  11 11   8  0  11  21  10   9   0  21  30 10
  8  11 11   8  0  19  11   8   0  24  10  30 10
  8  11 11   8  0  21  11   0   8  22  10  30 10
  8  11 11   8  0  21  11   0  19   0  21  30 10
  8  11 11   8  0  21  11  10   9   0  11  40 10
  8  11 11   8  0  22   9  11   0  19   0  41 10
  8  11 11   9  9  11  11   0   8  11  21  30 10
  8  11 11  10  9   0  11  19  11   8   0  42 10
  8  11 11  10  9   0  19  11  11   0   8  42 10
  8  12  0  20  9   0  21   8  12   8   0  42 10
  8  12  8  12  9   0  21   0  20   8   0  42 10
  8  12  8  12  9   0  21   8  12   0   8  42 10
  8  12  9   0 20   0  21   8   0  22  10  30 10
  8  12  9   0 21   8   0  21   0  21  10  30 10
  8  12  9   9 11  11   9   0  21   0   8  42 10
  8  12  9   9 12   8   0  12   9  21  10  30 10
  8  12  9  10 10   0  21   8   0  12  20  30 10
  8  12  9  10 10   0  21   8   0  22   0  40 10
  8  12  9  11  9   0  20   9  12   0   8  42 10
  8  12  9  11  9   9  11   0  21   0   8  42 10
  8  12 10   0 19  11   8   1  21   8   0  42 10
  8  12 10   8 11  11   0   9  21   8   0  42 10
  8  12 10   8 11  11   8   1  21   0   8  42 10
  8  12 10   9 10  10   1   9  21   8   0  42 10
  8  12 10   9 10  10   9   1  21   0   8  42 10
  8  12 12  12  0   8  12  24  11  11  11  33 11
  9   0  9  16 10  10   9   9   7   9   0  38  9
  9   0  9  18  8   8  11   9   7   9   0  38  9
  9   0 14  11 11   9   5   9   0  22   9  27  9
  9   0 16   9 10  10   9   9   0  16   0  38  9
  9   0 16   9 10  10   9   9   7   2   7  38  9
  9   0 16  10 10   0  16   9   0  20   9  27  9
  9   0 16  10 10   9   7   9   0  20   0  36  9
  9   0 16  11  8   1  18   9   7   9   0  38  9
  9   0 16  11  8   8  11   9   0  16   0  38  9
  9   0 16  11  8   8  11   9   7   2   7  38  9
  9   0 17   8  9   0   9  20   9   9   9  27  9
  9   0 17   9  0  17   9   0  20   9   9  27  9
  9   0 17   9  0  19   7   9   0  20   9  27  9
  9   0 18   0 17  10   7  11   7   9   0  38  9
  9   0 18   7  7  13   5   9   0  22   9  27  9
  9   0 18   7 10  10   0  18   7   9   0  38  9
  9   0 18   7 10  10   7  11   0  16   0  38  9
  9   0 18   7 10  10   7  11   7   2   7  38  9
  9   0 18   8  8  10   8   1   8  20   9  27  9
  9   0 18   8  8  11   7   9   0  11  18  27  9
  9   0 18   8  8  11   7   9   0  20   0  36  9
  9   0 18   8  9   0  19   7   9   0  20  27  9
  9   0 18   9  8   1  16  11   7   9   0  38  9
  9   0 18   9  8   8   2  18   7   9   0  38  9
  9   0 18   9  8   8   9  11   0  16   0  38  9
  9   0 18   9  8   8   9  11   7   2   7  38  9
  9   0 19  10 12  10  10   9   0   9  22  30 10
  9   0 20   9 12   9  11   9   0   9  22  30 10
  9   0 20  11  9   9   0  22   9   0  21  30 10
  9   0 21   9 10   9  12   9   0   9  22  30 10
  9   0 22  11 12  12  11  11  11   0   9  46 11
  9   0 22  12 12   0  22   9   0  24  11  33 11
  9   0 22  12 12  11  11   9   0  24   0  44 11
  9   0 22  13 10  10  13  11  11   0   9  46 11
  9   0 24   0 21  12   9  13  11   9   0  46 11
  9   0 24   9 12  12   0  22  11   9   0  46 11
  9   0 24   9 12  12   9  13  11   0   9  46 11
  9   0 24  10 10  13  11   9   0  13  22  33 11
  9   0 24  10 10  13  11   9   0  24   0  44 11
  9   0 24  11 10  10   2  22  11   9   0  46 11
  9   0 24  11 10  10  11  13  11   0   9  46 11
  9   0 26  13 15  15  13  13  13   9   0  56 13
  9   0 26  17 11  11  17  13  13   9   0  56 13
  9   0 30   9 15  15   9  17  13   9   0  56 13
  9   0 30  13 11  11  13  17  13   9   0  56 13
  9   5  4  16 11   9   5   9   0  22   9  27  9
  9   5  9  11 11   9   0  14   0  22   9  27  9
  9   5  9  11 11   9   5   4   5  22   9  27  9
  9   5 11  11  5   9   0  22   0  18   9  27  9
  9   5 11  11  5   9   0  22   9   0  18  27  9
  9   5 11  11  5   9   0  22   9   9   0  36  9
  9   5 13   7  2  18   5   9   0  22   9  27  9
  9   5 13   7  7  13   0  14   0  22   9  27  9
  9   5 13   7  7  13   5   4   5  22   9  27  9
  9   7  2  16 10  10   9   9   0  16   0  38  9
  9   7  2  16 10  10   9   9   7   2   7  38  9
  9   7  2  17 10   9   7   9   0  20   0  36  9
  9   7  2  18  8   1  18   9   7   9   0  38  9
  9   7  2  18  8   8  11   9   0  16   0  38  9
  9   7  2  18  8   8  11   9   7   2   7  38  9
  9   7  7   9  0   9  22   9   9   9   9  27  9
  9   7  7  13  7   7   2   7  22   9   9  27  9
  9   7  9   0 16   9   0  22   9   9   9  27  9
  9   7  9   9 10  10   9   9   0   9   7  38  9
  9   7  9  10 10   9   0  16   0  20   0  36  9
  9   7  9  10 10   9   7   2   7  20   0  36  9
  9   7  9  11  8   1  18   9   0  16   0  38  9
  9   7  9  11  8   1  18   9   7   2   7  38  9
  9   7  9  11  8   8  11   9   0   9   7  38  9
  9   7 10   9  0  19   0  16   0  20   9  27  9
  9   7 10   9  0  19   7   2   7  20   9  27  9
  9   7 10  10  7   9   0  20   0   9  18  27  9
  9   7 10  10  7   9   0  20   0  18   0  36  9
  9   7 10  10  7   9   0  20   9   0   9  36  9
  9   7 11   0 17  10   0  18   7   9   0  38  9
  9   7 11   0 17  10   7  11   0  16   0  38  9
  9   7 11   0 17  10   7  11   7   2   7  38  9
  9   7 11   5 11   0  16   0  22   9   9  27  9
  9   7 11   7 10  10   0  18   0  16   0  38  9
  9   7 11   7 10  10   0  18   7   2   7  38  9
  9   7 11   7 10  10   7  11   0   9   7  38  9
  9   7 11   8  1  18   7   9   0  11  18  27  9
  9   7 11   8  1  18   7   9   0  20   0  36  9
  9   7 11   8  8  11   0  16   0  11  18  27  9
  9   7 11   8  8  11   0  16   0  20   0  36  9
  9   7 11   8  8  11   7   2   7  11  18  27  9
  9   7 11   8  8  11   7   2   7  20   0  36  9
  9   7 11   8  9   0  19   0  16   0  20  27  9
  9   7 11   8  9   0  19   7   2   7  20  27  9
  9   7 11   9  8   1   9  18   7   9   0  38  9
  9   7 11   9  8   1  16  11   0  16   0  38  9
  9   7 11   9  8   1  16  11   7   2   7  38  9
  9   7 11   9  8   8   2  18   0  16   0  38  9
  9   7 11   9  8   8   2  18   7   2   7  38  9
  9   7 11   9  8   8   9  11   0   9   7  38  9
  9   8  1  16 11   9   8   8   1   8  20  27  9
  9   8  8   1  8   8  21   9   9   9   9  27  9
  9   8  8   1  8  20   8   9   0  19   9  27  9
  9   8  8   1  8  20   9   8   9   0  19  27  9
  9   8  8   1  8  20   9   9   8   9   0  37  9
  9   8  8   9  0   9  20   0  18   9   9  27  9
  9   8  8   9  0   9  20   9   0  18   9  27  9
  9   8  8   9  0   9  20   9   9   0  18  27  9
  9   8  8   9  0   9  20   9   9   9   0  36  9
  9   8  8   9  0  20   0  17   0  19   9  27  9
  9   8  8   9  0  20   8   1   8  19   9  27  9
  9   8  8   9  0  20   9   0  17   0  19  27  9
  9   8  8   9  0  20   9   8   1   8  19  27  9
  9   8  8   9  0  20   9   9   0  17   0  37  9
  9   8  8   9  0  20   9   9   8   1   8  37  9
  9   8  8   9 11   9   8   1   8   8  20  27  9
  9   8  8  11  8   8   1   8  11  18   9  27  9
  9   8  8  11  8   8   1   8  20   0  18  27  9
  9   8  8  11  8   8   1   8  20   9   0  36  9
  9   8  9   0 17   0   9  20   9   9   9  27  9
  9   8  9   0 17   9   0  20   0  18   9  27  9
  9   8  9   0 17   9   0  20   9   0  18  27  9
  9   8  9   0 17   9   0  20   9   9   0  36  9
  9   8  9   9  8   9   0  17   9   0  21  27  9
  9   8  9  10  0  17   9   0  17   0  20  27  9
  9   8  9  10  7  10   9   0  10   7  20  27  9
  9   8  9  10  8   9   0   9  18   9   0  37  9
  9   8 10   0 18   7  10   0  17   0  20  27  9
  9   8 10   7 10   0  17   0  20   0  18  27  9
  9   8 10   7 10   0  17   0  20   9   0  36  9
  9   8 10   7 11   0  17   0  17   0  20  27  9
  9   8 10   7 11   7  10   0  10   7  20  27  9
  9   8 10   8  1   8  17   9   0  20   9  27  9
  9   8 10   8  8   1  10  16   0  20   9  27  9
  9   8 10   8  9   0  18   0  18   9   0  37  9
  9   8 10   8  9   0  18   9   0  18   0  37  9
  9   9  0   9 17  10   9   7   9   9   0  38  9
  9   9  0   9 23   9   0  21  10  10  10  30 10
  9   9  0   9 23  10   9   0  21  10  10  30 10
  9   9  0   9 23  10  10   9   0  21  10  30 10
  9   9  0   9 23  10  10  10   9   0  21  30 10
  9   9  0  16 10  10   9   0  16   9   0  38  9
  9   9  0  16 10  10   9   7   2  16   0  38  9
  9   9  0  16 10  10   9   7   9   2   7  38  9
  9   9  0  16 11   5   9   9   0  22   9  27  9
  9   9  0  17  1  16   9   9   0  20   9  27  9
  9   9  0  17  9   0  17   9   0  20   9  27  9
  9   9  0  17  9   8   1  17   0  20   9  27  9
  9   9  0  17 10   7   9   9   0  20   0  36  9
  9   9  0  18  8   1  18   7   9   9   0  38  9
  9   9  0  18  8   8  11   0  16   9   0  38  9
  9   9  0  18  8   8  11   7   2  16   0  38  9
  9   9  0  18  8   8  11   7   9   2   7  38  9
  9   9  0  21 11   9   0  21   9   0  21  30 10
  9   9  0  21 11  10   0  18   0  22  10  30 10
  9   9  0  21 11  10   9   0   9  22  10  30 10
  9   9  0  22  0  20  10   9   9   0  22  30 10
  9   9  0  22  8  12  10   9   1   8  22  30 10
  9   9  0  22  9   9   0  22   0  20  10  30 10
  9   9  0  22  9   9   0  22  10   0  20  30 10
  9   9  0  22  9   9   0  22  10  10   0  40 10
  9   9  0  22 10   9   9   0  12  20  10  30 10
  9   9  0  22 10   9   9   0  22   0  20  30 10
  9   9  0  22 10   9   9   0  22  10   0  40 10
  9   9  0  24 13  11   9   9   0  26  11  33 11
  9   9  5  11 11   0  14   9   0  22   9  27  9
  9   9  5  11 11   5   4  14   0  22   9  27  9
  9   9  5  11 11   5   9   4   5  22   9  27  9
  9   9  7   2 17  10   9   0  16   9   0  38  9
  9   9  7   2 17  10   9   7   2  16   0  38  9
  9   9  7   2 17  10   9   7   9   2   7  38  9
  9   9  7   7  9   9   0  22   0  18   9  27  9
  9   9  7   7  9   9   0  22   9   0  18  27  9
  9   9  7   7  9   9   0  22   9   9   0  36  9
  9   9  7   9  7   2  16   0  22   9   9  27  9
  9   9  7   9 10  10   9   0   9  16   0  38  9
  9   9  7   9 10  10   9   0  16   2   7  38  9
  9   9  7   9 10  10   9   7   2   9   7  38  9
  9   9  7  10 10   0  16   9   0  20   0  36  9
  9   9  7  10 10   7   2  16   0  20   0  36  9
  9   9  7  10 10   7   9   2   7  20   0  36  9
  9   9  7  11  8   1  18   0  16   9   0  38  9
  9   9  7  11  8   1  18   7   2  16   0  38  9
  9   9  7  11  8   1  18   7   9   2   7  38  9
  9   9  7  11  8   8  11   0   9  16   0  38  9
  9   9  7  11  8   8  11   0  16   2   7  38  9
  9   9  7  11  8   8  11   7   2   9   7  38  9
  9   9  8   1 16   9   0   9  20   9   9  27  9
  9   9  8   1 17   0  17   9   0  20   9  27  9
  9   9  8   1 18   8   8   9   1   8  20  27  9
  9   9  8   8  2  16   0   9  20   9   9  27  9
  9   9  8   8  9   9   0  17   9   0  21  27  9
  9   9  8   8  9   9   0  20   0   9  18  27  9
  9   9  8   8  9   9   0  20   0  18   0  36  9
  9   9  8   8  9   9   0  20   9   0   9  36  9
  9   9  8   8 11   8   1  16   1   8  20  27  9
  9   9  8   8 11   8   8   2   8   8  20  27  9
  9   9  8   9  1   8  17   9   0  20   9  27  9
  9   9  8   9  8   1  17   0  20   0  18  27  9
  9   9  8   9  8   1  17   0  20   9   0  36  9
  9   9  8   9  9   0   9  17   0  20   9  27  9
  9   9  8   9  9   0  17   1   8  20   9  27  9
  9   9  8   9  9   8   1   9   8  20   9  27  9
  9   9  8  10  0  17   8   1  17   0  20  27  9
  9   9  8  10  7  10   1   8  17   0  20  27  9
  9   9  8  10  7  10   8   1  10   7  20  27  9
  9   9  9   0 17  10   0  16   9   9   0  38  9
  9   9  9   0 17  10   7   2  16   9   0  38  9
  9   9  9   0 17  10   7   9   2  16   0  38  9
  9   9  9   0 17  10   7   9   9   2   7  38  9
  9   9  9   7  2  14   9   9   0  22   9  27  9
  9   9  9   7  7   4  14   9   0  22   9  27  9
  9   9  9   7  7   9   4  14   0  22   9  27  9
  9   9  9   7 10  10   0   9  16   9   0  38  9
  9   9  9   7 10  10   0  16   2  16   0  38  9
  9   9  9   7 10  10   0  16   9   2   7  38  9
  9   9  9   7 10  10   7   2   9  16   0  38  9
  9   9  9   7 10  10   7   2  16   2   7  38  9
  9   9  9   7 10  10   7   9   2   9   7  38  9
  9   9  9   8  1  16   9   9   0  20   0  36  9
  9   9  9   8  8   2  16   9   0  20   0  36  9
  9   9  9   8  8   9   2  16   0  20   0  36  9
  9   9  9   8  9   1  16   1  17   0  20  27  9
  9   9  9   8  9   8   2   8  17   0  20  27  9
  9   9  9   9  8   1   9  16   9   9   0  38  9
  9   9  9   9  8   1  16   2  16   9   0  38  9
  9   9  9   9  8   1  16   9   2  16   0  38  9
  9   9  9   9  8   8   2   9  16   9   0  38  9
  9   9  9   9  8   8   2  16   2  16   0  38  9
  9   9  9   9  8   8   9   2   9  16   0  38  9
  9   9 10  11 11  10   9   0   9  22   0  40 10
  9   9 11   0 21   9  11   9   0   9  22  30 10
  9   9 11   9 12   0  20   9   0   9  22  30 10
  9   9 11  11  9   0   9  22   9   0  21  30 10
  9   9 11  11  9   0   9  22  10   9   0  41 10
  9   9 11  11  9   9   0  22   0   9  21  30 10
  9   9 11  11 15  11  11   9   0   9  26  33 11
  9   9 11  14  9  14  11   9   0   9  26  33 11
  9   9 12   0 19   9  12   9   0   9  22  30 10
  9   9 12   9  0   9  21  11  10   9   0  41 10
  9   9 12   9  0  21   9   9   0  12  20  30 10
  9   9 12   9  0  21   9   9   0  22   0  40 10
  9   9 12   9  9  12   9   0   9  12  20  30 10
  9   9 12   9  9  12   9   0   9  22   0  40 10
  9   9 12   9 10   0  21   9   0   9  22  30 10
  9   9 12   9 10  10   1  20   9   0   9  42 10
  9   9 12  10  9   0  11  20   9   9   0  42 10
  9   9 12  10  9   9   2  20   9   0   9  42 10
  9   9 13   9 15   9  13   9   0   9  26  33 11
  9   9 13  13  9   9   0  26   9   0  24  33 11
  9   9 15   9 11   9  15   9   0   9  26  33 11
  9   9 15  10  9  10  15   9   0   9  26  33 11
  9  10  9   0 10  22  10   9   0  21  10  30 10
  9  10  9   0 10  22  10  10   9   0  21  30 10
  9  10  9   0 10  22  10  10  10   9   0  41 10
  9  10 10   0 19   0  22  10  10   9   0  41 10
  9  10 10   9  0  22  10   9   0  10  21  30 10
  9  10 10   9  0  22  10  10   9   0  10  41 10
  9  10 11  10  9   0  11  19  10   9   0  42 10
  9  11  0  19 11   8  11   9   0  11  21  30 10
  9  11  0  20  8  11   9   0  22   9   0  41 10
  9  11  0  20  9   0  21   8  11   9   0  42 10
  9  11  0  22 12  12  11  11  11   0   9  46 11
  9  11  0  23 12  11  11   9   0  24   0  44 11
  9  11  0  24 10  10  13  11  11   0   9  46 11
  9  11  7  11 11  11   7  11   9   0  11  42 10
  9  11  8  11 11   0  19   9   0  11  21  30 10
  9  11  8  11 11   8  11   1   8  11  21  30 10
  9  11  8  12  0  19   9   0  22   9   0  41 10
  9  11  8  12  8  11   1   8  22   9   0  41 10
  9  11  8  12  9   0  21   0  19   9   0  42 10
  9  11  8  12  9   0  21   8  11   1   8  42 10
  9  11  9   0 20   0  20   9   0  22  10  30 10
  9  11  9   0 20   9   0  22   9   0  21  30 10
  9  11  9   0 21   9   0  20   9   0  22  30 10
  9  11  9   0 21   9   9  11   0   9  22  30 10
  9  11  9   9 11   0   9  22   9   0  21  30 10
  9  11  9   9 12   9   0  20   0   9  22  30 10
  9  11 10   0 19  11   8   1  20   9   0  42 10
  9  11 10   8 11  11   0   9  20   9   0  42 10
  9  11 10   8 11  11   8   1  20   1   8  42 10
  9  11 10   9  9  10  11   0   9  22   0  40 10
  9  11 10  10  9   1  18  10  11   0   9  42 10
  9  11 10  10  9   9   2  18  11   0   9  42 10
  9  11 10  10  9   9  10   2  19   0   9  42 10
  9  11 11   0 23  12  11  11  11   0   9  46 11
  9  11 11  12 12  11   0   9  11  24  11  33 11
  9  11 12  11 11  12  11   0   9  23   0  45 11
  9  11 12  12  0  21  12  11   9   0  12  45 11
  9  11 12  12  9  12  12  11   0   9  12  45 11
  9  11 13  10 10   0  24   0   9  24  11  33 11
  9  11 13  10 10  13  11   9   0  13  11  44 11
  9  12  0  22 12  10  12   9   0  12  23  33 11
  9  12 10  12 12   0  22   9   0  12  23  33 11
  9  12 11  12  9   0  24  11  10   0  11  45 11
  9  12 12   0 20  12  12   9   0  12  23  33 11
  9  12 12   9  0  12  22  12  11  10   0  45 11
  9  12 12   9  0  24   9   0  24   0  22  33 11
  9  12 12   9  0  24   9   0  24  11   0  44 11
  9  12 12   9 12  12   9   0  12  12  22  33 11
  9  12 12   9 12  12   9   0  12  23   0  44 11
  9  12 12  10  0  22  12   9   0  12  23  33 11
  9  12 12  11  0  20  12  12   9   0  12  45 11
  9  12 12  11  9  11  12  12   0   9  12  45 11
  9  12 12  11 10   0  21   2  22   9   0  46 11
  9  13  0   9 23  12  11   9  13   9   0  46 11
  9  13  0  20 12  12   0  20  13   9   0  46 11
  9  13  0  20 12  12  10   0  23   9   0  46 11
  9  13  0  22 10  10   2  20  13   9   0  46 11
  9  13  0  22 10  10  12   0  23   9   0  46 11
  9  13  0  26 15  15  13  13  13   9   0  56 13
  9  13  0  30 11  11  17  13  13   9   0  56 13
  9  13  7  13 13   7   2  20   0  26  11  33 11
  9  13  9   0 23  12  11   0  22   9   0  46 11
  9  13  9   0 23  12  11   9  13   0   9  46 11
  9  13  9   9 15   9   9  13   0   9  26  33 11
  9  13  9  12 12   9  13   9   0  13  11  44 11
  9  13 10   0 22  12  10   0  23   9   0  46 11
  9  13 10  10 13   0   9  24   9   0  24  33 11
  9  13 10  10 13   9   0  23   0  23   0  44 11
  9  13 10  10 13   9   0  24   0   9  24  33 11
  9  13 10  12  0  20  12   0  23   9   0  46 11
  9  13 10  12 10   0  12  20  13   9   0  46 11
  9  13 10  12 10   0  22   0  23   9   0  46 11
  9  13 10  12 10  10   2  10  23   9   0  46 11
  9  13 11   0 21   1  20  11  13   9   0  46 11
  9  13 11  10 10  11  13   9   0  13  11  44 11
  9  13 11  10 11   1  20   1  23   9   0  46 11
  9  13 13   0 28  15  13  13  13   9   0  56 13
  9  13 13  15 15  13   9   0  13  30  13  39 13
  9  13 14  14 14  14  13   9   0  28   0  54 13
  9  13 15  13 13  15  13   9   0  28   0  54 13
  9  13 15  15  9  15  15  13   9   0  15  54 13
  9  13 17  11 11   0  30   9   0  30  13  39 13
  9  14  9  14 14   9   0  23   0  28  12  36 12
  9  15 15  10 15  10  15  15   9   0  15  54 13
  9  15 15  13  9  13  15  15   9   0  15  54 13
  9  17  9   0 28  15  13   9  17   9   0  56 13
  9  17 11  11 17   9   0  30   9   0  30  39 13
 10   0 18  11 11  10   8  10   0  11  21  30 10
 10   0 19  10  9  10   0  10  22  10  10  30 10
 10   0 19  10 10   0  19  10   0  22  10  30 10
 10   0 19  11  8  11  10   0  19   0  22  30 10
 10   0 20   9  9   1  19  10   0  22  10  30 10
 10   0 21  11 12  12  11  11  10   0  10  46 11
 10   0 21  13 10   0  23  11  10  10   0  46 11
 10   0 21  13 10  10  13  11  10   0  10  46 11
 10   0 22  10 12  12  10  12  10   0  10  46 11
 10   0 23  10 11  11  10  13  10   0  10  46 11
 10   0 23  11 10   0  21  13  10  10   0  46 11
 10   0 23  11 10  10  11  13  10   0  10  46 11
 10   0 24  13 13  12  12  10   0  13  25  36 12
 10   0 24  14 11   0  25  12  12  10   0  50 12
 10   0 25  12 13  12  10   0  25   0  25  36 12
 10   0 26  12 11   0  23  14  12  10   0  50 12
 10   7 10  11 11  11  10   7  10   0  11  42 10
 10   8  2  19  0  21   8  10   0  22  10  30 10
 10   8  2  19 11  10   8  10   0  11  21  30 10
 10   8 10  11 11  10   0  18   0  11  21  30 10
 10   8 10  11 11  10   8   2   8  11  21  30 10
 10   8 11  11  8  10   0  11  11  20  10  30 10
 10   8 11  11  8  10   0  11  21   0  20  30 10
 10   8 11  11  8  10   0  11  21  10   0  40 10
 10   9  1  18 11  11  10   9   9   1   9  42 10
 10   9  1  18 12   9  10   0  19   0  22  30 10
 10   9  1  20  9   9  12   9   9   1   9  42 10
 10   9  9   1 21   9   9   1   9  22  10  30 10
 10   9  9   1 21  10   9   9   1   9  22  30 10
 10   9  9  10  0  22   0  20   9  10   0  41 10
 10   9  9  10  0  22   9  10   0  21   0  40 10
 10   9  9  10 11  11  10   9   1   9   9  42 10
 10   9  9  11 11   9   9   1   9  22   0  40 10
 10   9  9  12  9   1  20   9   9   1   9  42 10
 10   9  9  12  9   9  12   9   1   9   9  42 10
 10   9 10   0 19   0  22   9  10   0  21  30 10
 10   9 10   0 19   0  22  10   9  10   0  41 10
 10   9 10   0 21   9  10   0  19   0  22  30 10
 10   9 10   0 21   9  10   9   1   9  22  30 10
 10   9 10   9  1   9  22  10   9  10   0  41 10
 10   9 10   9 10   0  10  22   0  20  10  30 10
 10   9 10   9 10   0  10  22  10   0  20  30 10
 10   9 10   9 10   0  10  22  10  10   0  40 10
 10   9 10   9 10   0  22  10   0  19   0  41 10
 10   9 10   9 10   0  22  10   9   1   9  41 10
 10   9 10   9 12   9  10   0  10   9  22  30 10
 10   9 10  10  0  19   0  10  22  10  10  30 10
 10   9 11   0 19  11   8  11   0  19   0  42 10
 10   9 11   8 11   0  19   0  11  21  10  30 10
 10   9 11   8 11  11   0  19   0  19   0  42 10
 10   9 11   8 11  11   8  11   0  11   8  42 10
 10   9 11   9  9   1  19   1   9  22  10  30 10
 10   9 11   9  9  11   9   1   9  22   0  40 10
 10   9 11   9 10   0  11  18  10   0  22  30 10
 10   9 11   9 10   0  20   0  19   0  22  30 10
 10   9 11   9 10   0  20   9   1   9  22  30 10
 10   9 11   9 10   9  11   0  10   9  22  30 10
 10   9 11  10  9   1  18  11   9   1   9  42 10
 10   9 11  10  9   9   2  19   9   1   9  42 10
 10   9 11  10  9   9  10  11   1   9   9  42 10
 10  10  0  19 10  10   0  19  10   0  22  30 10
 10  10  0  19 11   8  10  10   0  11  21  30 10
 10  10  0  22 13  11  11   0  20   0  24  33 11
 10  10  0  22 13  11  11  10   0  10  24  33 11
 10  10  0  23 12  11  10  10   0  24   0  44 11
 10  10  0  24  9  13  11   0  20   0  24  33 11
 10  10  7  11 11  11   7  10  10   0  11  42 10
 10  10  8  11 11   0  18  10   0  11  21  30 10
 10  10  8  11 11   8   2  18   0  11  21  30 10
 10  10  8  11 11   8  10   2   8  11  21  30 10
 10  10  9   1 19  11   9   9  10   1   9  42 10
 10  10  9   9  9   9   2  18   0  24  10  30 10
 10  10  9   9 10   1   9  10  22  10  10  30 10
 10  10  9   9 11  11   9   1  18   1   9  42 10
 10  10  9   9 11  11   9   9   2   9   9  42 10
 10  10  9  10  1  18  10   0  10  22  10  30 10
 10  10  9  10 10   0  19  10   0  22   0  40 10
 10  10  9  10 10   9   1  19   0  22   0  40 10
 10  10  9  10 10  10   0  10  19   0  22  30 10
 10  10  9  10 10  10   0  19   1   9  22  30 10
 10  10  9  11  9   1  19   0  19  10   0  42 10
 10  10  9  11  9   1  19   9  10   1   9  42 10
 10  10  9  11  9   9  11   0  11  18   0  42 10
 10  10  9  11  9   9  11   9   2   9   9  42 10
 10  10 10   9  9  10  10   1   9  22   0  40 10
 10  10 10   9 10   9  10   1  10   9  22  30 10
 10  10 10   9 10  10   1   9  19  10   0  42 10
 10  10 10   9 10  10   1  18   1  19   0  42 10
 10  10 10  10  9   1  18  10  10   1   9  42 10
 10  10 10  10  9   9   2  18  10   1   9  42 10
 10  10 10  10  9   9  10   2  18   1   9  42 10
 10  10 10  10  9   9  10  10   2   9   9  42 10
 10  10 11   0 24  11  10   0  10  24  11  33 11
 10  10 11   0 24  11  11  10   0  10  24  33 11
 10  10 11  11 13  11  11  10   0  10  13  44 11
 10  10 11  12 12  11  10   0  10  12  23  33 11
 10  10 11  13  0  20  13  11  10   0  10  46 11
 10  10 11  13 10   0  23  11   0  20   0  46 11
 10  10 11  13 10   0  23  11  10   0  10  46 11
 10  10 11  13 10  10  13  11   0  10  10  46 11
 10  10 12   0 22  12  10  12  10   0  10  46 11
 10  10 12  10 12  12   0  22  10   0  10  46 11
 10  10 12  10 13  10  12  10   0  10  13  44 11
 10  10 13   0 21  11  10  13  10   0  10  46 11
 10  10 13  10  0  21  13  10   0  10  24  33 11
 10  10 13  10 11  10  13  10   0  10  13  44 11
 10  10 13  11  0  20  11  13  10   0  10  46 11
 10  10 13  11 10   0  21  13   0  20   0  46 11
 10  10 13  11 10   0  21  13  10   0  10  46 11
 10  10 13  11 10  10  11  13   0  10  10  46 11
 10  11  0  21 13  11  10   0  21   0  24  33 11
 10  11  0  23 10  10  13  10  11   0  10  46 11
 10  11 10  11 13  11  10   0  11  10  24  33 11
 10  11 10  13 10   0  23  10  11   0  10  46 11
 10  11 10  13 10  10  13   0  21   0  10  46 11
 10  11 10  13 10  11   0  10  24  10   0  45 11
 10  11 11  10  0  11  24  11  10   0  23  33 11
 10  11 11  10  0  11  24  11  11  10   0  45 11
 10  11 11  10  0  24  11  10   0  22   0  45 11
 10  11 11  11 10   0  24  11  10   0  11  45 11
 10  11 11  16 11  11  10   0  28  10   0  50 12
 10  11 12  11 10   0  21   2  21  10   0  46 11
 10  11 12  11 10   0  21  12   1  20   0  46 11
 10  11 12  11 10   0  21  12  11   0  10  46 11
 10  12  0  20 12  12  10   0  22  10   0  46 11
 10  12  0  22 10  10  12  10  12   0  10  46 11
 10  12  0  25  0  25  12  10   0  26  12  36 12
 10  12  0  25 13  12  12  10   0  13  25  36 12
 10  12  0  26 11   0  25  12  12  10   0  50 12
 10  12  9  12 12   9   1  21   0  24   0  44 11
 10  12  9  13  9  12  10   0  24   0  10  45 11
 10  12  9  13 10   0  23   9   2  20   0  46 11
 10  12 10   0 22  10   0  23  12  10   0  45 11
 10  12 10   0 22  12  10   0  22  10   0  46 11
 10  12 10   0 22  12  10  10  12   0  10  46 11
 10  12 10  10  2  20   0  10  25  11  11  33 11
 10  12 10  10  2  22  10  10  12   0  10  46 11
 10  12 10  10 12   0  10  23  12  10   0  45 11
 10  12 10  10 12  12  10   0  12  20   0  46 11
 10  12 10  10 12  12  10   0  22   0  10  46 11
 10  12 10  10 13  10  10  12   0  10  13  44 11
 10  12 10  12 10   0  12  20  12  10   0  46 11
 10  12 10  12 10   0  22   0  22  10   0  46 11
 10  12 10  12 10   0  22  10   2  20   0  46 11
 10  12 10  12 10   0  22  10  12   0  10  46 11
 10  12 10  12 10  10  12   0  22   0  10  46 11
 10  12 11   9 12  12   9   1  12  20   0  46 11
 10  12 11  10 10  11  12   0  10  12  23  33 11
 10  12 11  10 11  11  10   1  22   0  10  46 11
 10  12 12  13 12  13  12   0  10  12  26  36 12
 10  12 12  13 13  12  12  10   0  13  13  48 12
 10  12 13  12 13  12  10   0  13  12  25  36 12
 10  12 13  12 13  12  10   0  25   0  13  48 12
 10  12 13  13 11  11   0  26  12   0  10  50 12
 10  12 14   0 23   0  23  14  12  10   0  50 12
 10  13 11  12  0  26  12  11  13   0  10  50 12
 10  13 11  13 13  11  13  10   0  13  13  48 12
 10  13 13   0 10  24  13  13  10   0  26  36 12
 10  13 13   0 10  26  10  13  13  10   0  50 12
 10  13 13   0 23   0  23  13  13  10   0  50 12
 10  13 13   0 23  13  10   0  26  10   0  50 12
 10  13 13  10  0  13  23   0  26  12  12  36 12
 10  13 13  10  0  13  25  10   0  26  12  36 12
 10  13 13  10  0  24  13  13   0  10  26  36 12
 10  13 13  10  0  25  13  10   0  26   0  48 12
 10  13 13  10  0  26   0  23  13  10   0  50 12
 10  13 13  10  0  26  10   0  13  25  12  36 12
 10  13 13  10  0  26  10  13  13   0  10  50 12
 10  13 13  10 13  13   0  10  26  10   0  50 12
 10  13 13  10 13  13  10   0  26   0  10  50 12
 10  13 13  11 11  13  13  10   0  13  13  48 12
 10  13 13  11 12   0  24  13  10   0  13  49 12
 10  13 13  12 10   1  24  13  10   0  13  49 12
 10  14  0  23 12  12   0  23  14  10   0  50 12
 10  14 11   0 25  10   0  26  10   0  26  36 12
 10  14 11  12 12   0  25  10   0  25   0  49 12
 11   0 11  29 14  13  13  11   0  28  13  39 13
 11   0 18  11 13  13  11  11   7  11   0  48 11
 11   0 18  15  9   9  15  11   7  11   0  48 11
 11   0 20   0 23  12  11  11   9  11   0  46 11
 11   0 20  11 12  12  11   0  20  11   0  46 11
 11   0 20  12 11   0  23  11   9  11   0  46 11
 11   0 20  12 12   9  11   0  11  24  11  33 11
 11   0 20  13 10  10  13   0  20  11   0  46 11
 11   0 20  13 10  10  13  10  10   1  10  46 11
 11   0 21  11 11  10  11   0  11  24  11  33 11
 11   0 21  12  9  12  12   9  11   0  12  45 11
 11   0 22   7 13  13   7  15   7  11   0  48 11
 11   0 22   9 12  12   9   2  20  11   0  46 11
 11   0 22   9 12  12   9  12   0  21   0  46 11
 11   0 22  10 10  13   9  11   0  23   0  45 11
 11   0 22  10 11   0  21  13   9  11   0  46 11
 11   0 22  11  9   9  11  15   7  11   0  48 11
 11   0 22  11 10  10  11   2  20  11   0  46 11
 11   0 22  11 10  10  11  12  10   1  10  46 11
 11   0 25  11 11   0  25  11   0  26  12  36 12
 11   0 25  11 11  14  11  11   0  25   0  49 12
 11   0 26   0 27  14  13  13  13  11   0  54 13
 11   0 26  13 14  14  13   0  26  11   0  54 13
 11   0 26  15 12  12  15   0  26  11   0  54 13
 11   0 27  13 13  14  13  11   0  27   0  53 13
 11   0 27  14 11  14  14  13  11   0  14  53 13
 11   0 28  12 12   0  28  11   0  28  13  39 13
 11   0 28  13 12  12  13   2  26  11   0  54 13
 11   5 11  14 14  11   5  11   0  28  11  33 11
 11   5 17   8  8  17   5  11   0  28  11  33 11
 11   7  4  18 13  13  11  11   7  11   0  48 11
 11   7  4  22  9   9  15  11   7  11   0  48 11
 11   7 11  11 13  13  11  11   0  18   0  48 11
 11   7 11  11 13  13  11  11   7   4   7  48 11
 11   7 11  13 13  11   7  11   0  26   0  44 11
 11   7 11  15  9   2  22  11   7  11   0  48 11
 11   7 11  15  9   9  15  11   0  18   0  48 11
 11   7 11  15  9   9  15  11   7   4   7  48 11
 11   7 13  11  0  24   7  11   0  26  11  33 11
 11   7 15   0 20  13   7  15   7  11   0  48 11
 11   7 15   7 13  13   0  22   7  11   0  48 11
 11   7 15   7 13  13   7  15   0  18   0  48 11
 11   7 15   7 13  13   7  15   7   4   7  48 11
 11   7 15   9  9  15   7  11   0  15  22  33 11
 11   7 15   9  9  15   7  11   0  26   0  44 11
 11   7 15   9 11   0  24   7  11   0  26  33 11
 11   7 15  11  9   2  18  15   7  11   0  48 11
 11   7 15  11  9   9   4  22   7  11   0  48 11
 11   7 15  11  9   9  11  15   0  18   0  48 11
 11   7 15  11  9   9  11  15   7   4   7  48 11
 11   9  2   9 23  12  11  11   9  11   0  46 11
 11   9  2  20 12  12   0  22   9  11   0  46 11
 11   9  2  21 11   0  23   9  11   0  24  33 11
 11   9  2  21 11   0  23  11   9  11   0  46 11
 11   9  2  21 12   9  11   0  11  24  11  33 11
 11   9  9   9  2   9  28  11  11  11  11  33 11
 11   9  9  11 15  11   9   9   2   9  26  33 11
 11   9  9  14  9  14   9   9   2   9  26  33 11
 11   9 11   0 23  12  11  11   0  20   0  46 11
 11   9 11   0 23  12  11  11   9   2   9  46 11
 11   9 11   9 11   0  26  11   9  11   0  46 11
 11   9 11   9 15   9  11   0  20   0  26  33 11
 11   9 11  11  9  11   0  11  26  11  11  33 11
 11   9 11  12 11   0  23  11   0  20   0  46 11
 11   9 11  12 11   0  23  11   9   2   9  46 11
 11   9 11  12 12   0  20   0  11  24  11  33 11
 11   9 11  13  7  13  11   0  20   0  26  33 11
 11   9 12  11  0  23   9  11   0  24   0  44 11
 11   9 12  12  0  21  12   9  11   0  12  45 11
 11   9 12  12  9  12  12   0  20   0  12  45 11
 11   9 12  12  9  12  12   9   2   9  12  45 11
 11   9 13   7 15   7  13   0  20   0  26  33 11
 11   9 13   9  9   2  20  11   0  26  11  33 11
 11   9 13   9 11   0  22   9  11   0  26  33 11
 11   9 13  10  1  22   9  11   0  23   0  45 11
 11   9 13  10 10  13   0  20   0  23   0  45 11
 11   9 13  10 10  13   9   2   9  23   0  45 11
 11   9 13  10 11   0  12  22   9  11   0  46 11
 11   9 13  10 11   0  21  13   0  20   0  46 11
 11   9 13  10 11   0  21  13   9   2   9  46 11
 11   9 13  10 11   0  23   9  11   0  13  44 11
 11  10  1  20  0  21   0  25  11  11  11  33 11
 11  10  1  20 12  12  10  11   0  21   0  46 11
 11  10 10   1 22  12  11  10  10   1  10  46 11
 11  10 10  10  1  10  25   0  22  11  11  33 11
 11  10 10  10  1  10  25  11   0  22  11  33 11
 11  10 10  10  1  10  25  11  11   0  22  33 11
 11  10 10  10  1  10  25  11  11  11   0  44 11
 11  10 10  11  0  21  10  11   0  26  11  33 11
 11  10 10  11  0  24  10  11   0  11  23  33 11
 11  10 10  11  0  24  11  10  11   0  11  45 11
 11  10 10  11 13  11  10  10   1  10  13  44 11
 11  10 10  12 12  10  10   1  10  12  23  33 11
 11  10 10  13  0  20  13  10  10   1  10  46 11
 11  10 10  13 10  10   1  10  23   0  23  33 11
 11  10 10  13 10  10  13   0  20   1  10  46 11
 11  10 11   0 21  11   0  11  24  11  11  33 11
 11  10 11   0 22  12  10  11   0  21   0  46 11
 11  10 11   0 22  12  10  11  10   1  10  46 11
 11  10 11  10 12  12  10  11   0  11  10  46 11
 11  10 11  10 13  10  11   0  21   0  13  44 11
 11  10 11  11  0  21   0  24  10  11   0  45 11
 11  10 11  11 10  11   0  11  24   0  22  33 11
 11  10 11  11 10  11   0  11  24  11   0  44 11
 11  10 11  11 11   0  21   0  11  24  11  33 11
 11  10 11  12  9  12   0  11  21   0  24  33 11
 11  10 12   9  2  22   9  12   0  21   0  46 11
 11  10 12   9 12  12   9   2  10  21   0  46 11
 11  10 12   9 13   9  12   0  21   0  13  44 11
 11  10 12  10 10   1  21  11   0  24   0  44 11
 11  10 12  10 10  12  10   1  10  12  23  33 11
 11  10 12  10 11   0  12  21  10  11   0  46 11
 11  10 12  10 11  11  10  12   0  11  10  46 11
 11  11  0  11 11  28  12  12  12  12  12  36 12
 11  11  0  18 13  13  11   7  11  11   0  48 11
 11  11  0  20 12  12   0  20  11  11   0  46 11
 11  11  0  21 10  11  11   0  11  24  11  33 11
 11  11  0  21 11   0  21  11  11   0  24  33 11
 11  11  0  21 11   0  23   9  11  11   0  46 11
 11  11  0  21 11  11  11   0  21  11   0  46 11
 11  11  0  22  0  34  13  13  13  13  13  39 13
 11  11  0  22  9   9  15   7  11  11   0  48 11
 11  11  0  22 10  10   2  20  11  11   0  46 11
 11  11  0  22 10  10  12   0  21  11   0  46 11
 11  11  0  22 10  10  12  10  11   1  10  46 11
 11  11  0  24 13  13  12  12   0  22   0  50 12
 11  11  0  24 13  13  12  12  11   0  11  50 12
 11  11  0  24 14   0  24  11  11   0  26  36 12
 11  11  0  24 14  12  12  11  11   0  14  48 12
 11  11  0  25  0  25  11  11   0  26  12  36 12
 11  11  0  25 13  12  11  11   0  13  25  36 12
 11  11  0  26  0  22  14  12  11  11   0  50 12
 11  11  0  26 10  14  12  11  11   0  14  48 12
 11  11  0  26 11   0  25  12  11  11   0  50 12
 11  11  0  26 11  11   0  26  11   0  25  36 12
 11  11  0  26 11  11   0  26  12  11   0  49 12
 11  11  0  26 11  11  14  12   0  22   0  50 12
 11  11  0  26 11  11  14  12  11   0  11  50 12
 11  11  0  26 15  15  13  13  11  11   0  56 13
 11  11  0  29 14  13  13   0  11  28  13  39 13
 11  11  0  30 11  11  17  13  11  11   0  56 13
 11  11  0  36 17  15  15  11   0  34  15  45 15
 11  11  5  14 14   5  11  11   0  28  11  33 11
 11  11  7   4 20  13  11   7  11  11   0  48 11
 11  11  7  11 13  13  11   0  18  11   0  48 11
 11  11  7  11 13  13  11   7   4  18   0  48 11
 11  11  7  11 13  13  11   7  11   4   7  48 11
 11  11  7  13 13   7  11  11   0  26   0  44 11
 11  11  7  15  9   2  22   7  11  11   0  48 11
 11  11  7  15  9   9  15   0  18  11   0  48 11
 11  11  7  15  9   9  15   7   4  18   0  48 11
 11  11  7  15  9   9  15   7  11   4   7  48 11
 11  11  9   9 11  11   0  11  26  11  11  33 11
 11  11  9   9 15   9   9  11   2   9  26  33 11
 11  11  9  11 11  11   0  20  11   0  26  33 11
 11  11  9  12 11   0  23   0  20  11   0  46 11
 11  11  9  12 11   0  23   9   2  20   0  46 11
 11  11  9  12 11   0  23   9  11   2   9  46 11
 11  11  9  13  7  13   9   2  20   0  26  33 11
 11  11 10   1 20  11   0  22   0  24  11  33 11
 11  11 10   1 21  11  11   0  21  11   0  46 11
 11  11 10  10  2  19   1  10  25  11  11  33 11
 11  11 10  10  2  20   0  22   0  24  11  33 11
 11  11 10  10  2  22  10  10  11   1  10  46 11
 11  11 10  10 11  10   1  20  11   0  26  33 11
 11  11 10  10 11  11   0  11  24   0  22  33 11
 11  11 10  10 11  11   0  11  24  11   0  44 11
 11  11 10  10 13  10  10  11   1  10  13  44 11
 11  11 10  11 10   1  21   0  11  24  11  33 11
 11  11 10  11 10  11   1  10  11  24  11  33 11
 11  11 10  11 11   0  11  21  11   0  24  33 11
 11  11 10  11 11   0  21   1  21   0  24  33 11
 11  11 10  11 11  11  11   0  11  21   0  46 11
 11  11 10  11 11  11  11   0  21   1  10  46 11
 11  11 10  12  0  20  12   0  21  11   0  46 11
 11  11 10  12 10  10   2  10  21  11   0  46 11
 11  11 10  12 10  10  12   0  21   1  10  46 11
 11  11 11   0 11  34  13  13  13  13  13  39 13
 11  11 11   0 20  13   7  11  11  11   0  48 11
 11  11 11   0 21   1  20  11  11  11   0  46 11
 11  11 11   0 21  11  10   1  21  11   0  46 11
 11  11 11   0 21  11  10  11   1  21   0  46 11
 11  11 11   7 13  13   0  18  11  11   0  48 11
 11  11 11   7 13  13   7   4  18  11   0  48 11
 11  11 11   7 13  13   7  11   4  18   0  48 11
 11  11 11   7 13  13   7  11  11   4   7  48 11
 11  11 11   8  8  11  11  11   0  28  11  33 11
 11  11 11   9  9  11  11  11   0  26   0  44 11
 11  11 11   9 11   9  11   2  20   0  26  33 11
 11  11 11  10  1  20  11  11   0  11  24  33 11
 11  11 11  10  1  21  10   1  21  11   0  46 11
 11  11 11  10 10   2  20  11   0  11  24  33 11
 11  11 11  10 10  11   2  20   0  11  24  33 11
 11  11 11  10 11   1  20   1  21  11   0  46 11
 11  11 11  10 11  11  10   1  11  21   0  46 11
 11  11 11  10 11  11  10   1  21   1  10  46 11
 11  11 11  10 11  11  10  11   1  11  10  46 11
 11  11 11  11  9   2  18  11  11  11   0  48 11
 11  11 11  11  9   9   4  18  11  11   0  48 11
 11  11 11  11  9   9  11   4  18  11   0  48 11
 11  11 11  11  9   9  11  11   4  18   0  48 11
 11  11 12   0 25  13  12  12  11   0  11  50 12
 11  11 14  11  0  11  25  11   0  26  12  36 12
 11  11 14  11  0  11  26  11  11   0  26  36 12
 11  11 14  11  0  24  11  14  11   0  11  50 12
 11  11 14  11  0  25  11  11   0  25   0  49 12
 11  11 14  11 11   0  14  22   0  26  12  36 12
 11  11 14  11 11   0  25   0  11  26  12  36 12
 11  11 14  11 11   0  25   0  25  11   0  49 12
 11  11 14  11 11   0  26  11   0  11  26  36 12
 11  11 14  11 11  14  11   0  11  25   0  49 12
 11  11 14  11 11  14  11  11   0  14  11  49 12
 11  11 17  11 11   0  28  11   0  30  13  39 13
 11  11 17  11 11  17  11  11   0  28   0  54 13
 11  12  0  23 13  13  12  11   0  23   0  50 12
 11  12 11   0 26  12  11   0  23   0  26  36 12
 11  12 11  12 13  13  12  11   0  12  11  50 12
 11  12 11  12 14  12  11   0  23   0  14  48 12
 11  12 12  12 11   0  12  26  12  11   0  49 12
 11  13  0  26 14  14   0  26  13  11   0  54 13
 11  13  0  27 14  13  11   0  13  28  13  39 13
 11  13 10  13 13  10   1  23   0  13  25  36 12
 11  13 10  13 13  10  13  11   0  13  13  48 12
 11  13 11   0 24  11   0  24   0  26  12  36 12
 11  13 11  11 13   0  11  24   0  26  12  36 12
 11  13 11  11 13  11   0  13  11  26  12  36 12
 11  13 11  13 15  15  13  11   0  24   0  56 13
 11  13 12  11 11  12  13   0  11  25   0  49 12
 11  13 13  13 14  14  13  13   0  11  13  54 13
 11  13 13  14 13  13  14  13   0  11  13  54 13
 11  13 13  14 14  13  11   0  13  28   0  52 13
 11  13 14  13  0  27  13  11   0  27   0  53 13
 11  13 14  13 13  14  13  11   0  14  13  53 13
 11  13 14  14  0  24   0  28  13  11   0  54 13
 11  13 14  14 12   0  12  28  13  11   0  54 13
 11  13 15  12 12   0  28  11   0  28   0  52 13
 11  14  0  25  0  28  13  12  14  11   0  54 13
 11  14 12  13  0  28  13   0  26  11   0  54 13
 11  14 14  11  0  14  26  14  11   0  28  39 13
 11  14 14  11  0  26   2  26  11   0  28  39 13
 11  14 14  11  0  27  14  11   0  14  27  39 13
 11  14 15  15 15  14   0  11  15  30  14  42 14
 11  15  0  25 11   0  29  11   0  28  13  39 13
 11  15 10  15  1  10  29  11   0  28  13  39 13
 11  15 11   0 27  14   0  24  15  11   0  54 13
 11  15 11   0 27  14  12   0  27  11   0  54 13
 11  15 11   0 27  14  13  11   2  24   0  54 13
 11  15 11  11 15  11   0  26   0  30  13  39 13
 11  15 12   0 26   0  26  12  15  11   0  54 13
 11  15 12  12 15  11   0  15  24   0  28  39 13
 11  15 12  12 15  11   0  27   0  12  28  39 13
 11  15 12  12 15  11   0  28  11   0  15  52 13
 11  15 15  15 11   0  15  30   0  28  14  42 14
 11  15 15  15 11   0  15  30  14   0  28  42 14
 11  15 15  15 11   0  15  30  14  14   0  56 14
 11  15 15  15 17  17  15  15  11   0  15  64 15
 11  15 15  17 15  15  17  15  11   0  15  64 15
 11  17 13  12 17  12   0  30   0  11  31  42 14
 11  17 13  13 15  13   0  30   0  11  31  42 14
 11  17 19  19 19  17  11   0  19  38  17  51 17
 11  23 15  13 23  13   0  38  11   0  40  51 17
 11  23 15  15 19  15   0  38  11   0  40  51 17
 12   0 22  13 12  13  10  12   0  12  26  36 12
 12   0 23  12 12  12  11  12   0  12  26  36 12
 12   0 23  13 11  11  13   0  23  12   0  50 12
 12   0 24  11 12  12  11   1  23  12   0  50 12
 12   0 26  14 12  12   0  28  12  12   0  54 13
 12   0 29  15 13  13   0  30  14  12   0  58 14
 12   0 29  15 13  13  15   0  29  12   0  58 14
 12  10  2  23 12  12   0  25  10  12   0  50 12
 12  10  2  23 12  13  10  12   0  12  26  36 12
 12  10  2  24 11  11   1  25  10  12   0  50 12
 12  10 12  13 12  13   0  22   0  12  26  36 12
 12  10 12  13 13  12  10  12   0  13  13  48 12
 12  10 13  12  0  25  10  12   0  13  25  36 12
 12  10 14   0 23   0  23  14  10  12   0  50 12
 12  10 14  11 11  11  11  14   0  22   0  52 12
 12  10 14  11 11  14  10  12   0  14  11  49 12
 12  11  1  22  0  26  12  11  11  12   0  50 12
 12  11  1  24 11  11   1  24  11  12   0  50 12
 12  11 11  11 11  11   1  11  29  12  12  36 12
 12  11 11  12  0  12  11  27  12  12  12  36 12
 12  11 11  12  0  12  26  11  12   0  25  36 12
 12  11 11  12  0  12  26  12  11  12   0  49 12
 12  11 11  12  0  26  11   1  22   0  26  36 12
 12  11 11  12  0  26  12  11   1  22   0  50 12
 12  11 11  13 12   0  25  11  11   1  11  50 12
 12  11 12   0 23  12   0  26  11  12   0  49 12
 12  11 12  11  1  25  11  12   0  23   0  50 12
 12  11 12  11 12   0  26  11  12   0  12  49 12
 12  11 12  12  0  23   0  24   0  26  12  36 12
 12  11 12  12 12  11  12   0  12  26   0  48 12
 12  11 12  12 12  12   0  23   0  12  26  36 12
 12  11 12  13 10  13  12   0  23   0  13  49 12
 12  11 13   0 23   0  23  13  11  12   0  50 12
 12  11 13  11 12   0  23  13   0  23   0  50 12
 12  11 13  11 12   0  23  13  11   1  11  50 12
 12  11 13  11 12   0  24  11  12   0  13  49 12
 12  12  0  12 29  12  12   0  28  13  13  39 13
 12  12  0  12 29  13  12  12   0  28  13  39 13
 12  12  0  12 29  13  13  12  12   0  28  39 13
 12  12  0  23 12  11  12  12   0  12  26  36 12
 12  12  0  23 12  12   0  23  12  12   0  50 12
 12  12  0  24  0  30   0  26  13  13  13  39 13
 12  12  0  24  0  30  13   0  26  13  13  39 13
 12  12  0  24  0  30  13  13   0  26  13  39 13
 12  12  0  24  0  30  13  13  13   0  26  39 13
 12  12  0  24  0  30  13  13  13  13   0  52 13
 12  12  0  26 14  14   0  26  12  12   0  54 13
 12  12  0  28 11   1  27  12  12   0  28  39 13
 12  12  0  28 12   0  24   0  29  13  13  39 13
 12  12  0  28 12  12   0  12  29  13  13  39 13
 12  12 10   2 23   0  25  10  12  12   0  50 12
 12  12 10  13 13  10  12  12   0  13  13  48 12
 12  12 11   1 23   0  24  11  12  12   0  50 12
 12  12 11  11 11   2  11  11  27  12  12  36 12
 12  12 11  12 11  12  12   0  12  26   0  48 12
 12  12 11  12 12   0  23  12   0  12  26  36 12
 12  12 11  12 12   0  24   0  23  12   0  50 12
 12  12 11  12 12   0  24  11   1  23   0  50 12
 12  12 11  12 12   0  24  11  12   1  11  50 12
 12  12 11  12 12  11   1  23   0  12  26  36 12
 12  12 11  12 12  11  12   1  11  12  26  36 12
 12  12 11  13 10  13  11   1  23   0  13  49 12
 12  12 12   0 12  30   0  26  13  13  13  39 13
 12  12 12   0 12  30  13   0  26  13  13  39 13
 12  12 12   0 12  30  13  13   0  26  13  39 13
 12  12 12   0 12  30  13  13  13   0  26  39 13
 12  12 12   0 12  30  13  13  13  13   0  52 13
 12  12 12   0 29  12   0  12  28  13  13  39 13
 12  12 12   0 29  13  12   0  12  28  13  39 13
 12  12 12   0 29  13  13  12   0  12  28  39 13
 12  12 12  11 11  11  11  12   2  22   0  52 12
 12  12 12  11 11  12  12   1  11  12  26  36 12
 12  12 12  11 12   1  22  12  12   0  12  50 12
 12  12 12  11 12  11   2  22  12   0  12  50 12
 12  12 12  12  0  24   0  32  13  13  13  39 13
 12  12 12  12 12   0  12  32  13  13  13  39 13
 12  12 12  16 12   0  12  12  29  13  13  39 13
 12  12 13  13  0  28  13  13  12   0  12  54 13
 12  12 13  13 15  13  12   0  12  13  28  39 13
 12  12 14  12  0  12  29  13  13  12   0  53 13
 12  12 14  12  0  28  12  14  12   0  12  54 13
 12  12 14  14 12   0  12  28  12  12   0  54 13
 12  12 14  14 12  12   0  28   0  24   0  54 13
 12  12 14  14 12  12   0  28  12   0  12  54 13
 12  12 15  12 12   0  27  12   0  28   0  52 13
 12  13 12   0 27  14  13  12   0  25   0  54 13
 12  13 12  13  0  12  29  13  12   0  27  39 13
 12  13 12  13  0  12  29  13  13  12   0  53 13
 12  13 12  13  0  28  13  12  13   0  12  54 13
 12  13 13  12  0  26   0  28  13  12   0  53 13
 12  13 17  13  0  12  31  12   0  30  14  42 14
 12  13 17  13 12   0  31   0  12  30  14  42 14
 12  14  0  29 14  15  14  12   0  14  30  42 14
 12  14 12   0 24  14   0  12  29  13  13  39 13
 12  14 12   0 26   0  26  12  14  12   0  54 13
 12  14 12  12 14  12   0  26   0  28   0  52 13
 12  14 14   0 29   0  29  14  14  12   0  58 14
 12  14 14  15  0  29  14  12   0  14  30  42 14
 12  14 14  15 15  14  12   0  14  15  29  42 14
 12  15 14  15 12   0  29   0  29  12   0  58 14
 12  16  0  27 14  13  16  12   0  28   0  58 14
 12  16 11  16 12   0  31   0  12  30  14  42 14
 12  16 12   0 29   0  29  12  16  12   0  58 14
 12  16 12  15 14  13  16  12   0  16  12  58 14
 12  16 16  16 12   0  16  16  31  15  15  45 15
 12  17 18  18 18  18  18  17  12   0  18  72 17
 12  18 14   0 31  13   0  32  12   0  33  45 15
 12  19 17  14  0  31  19   0  12  36  16  48 16
 13   0 13  32 16  16  15  15  15  13   0  62 15
 13   0 13  34 14  14  17  15  15  13   0  62 15
 13   0 24  13 14  14  13  11  13   0  13  54 13
 13   0 24  14 13  13  14  11  13   0  13  54 13
 13   0 25  13 13  13  13  12  13   0  13  54 13
 13   0 25  14 11  13   0  26  13   0  28  39 13
 13   0 25  14 11  13   0  28  11  13   0  54 13
 13   0 26  12 12  13  13  13   0  13  28  39 13
 13   0 30  15 16  16  15  15  13   0  15  62 15
 13   0 31  14 17  13   0  32  13   0  32  45 15
 13   0 32  13 16  16  13   0  32  13   0  62 15
 13   0 32  14 13   0  33  13   0  32  15  45 15
 13   7 13  13 16  16  13  13   7  13   0  58 13
 13   7 13  19 10  10  19  13   7  13   0  58 13
 13   7 19   7 16  16   7  19   7  13   0  58 13
 13   7 19  13 10  10  13  19   7  13   0  58 13
 13   9 13   0 28  15  13  13   9  13   0  56 13
 13   9 13  15 13   0  28  13   9  13   0  56 13
 13   9 13  15 15   9  13   0  13  30  13  39 13
 13   9 14  14 14  14   9  13   0  28   0  54 13
 13   9 15  15  9  15  15   9  13   0  15  54 13
 13   9 17  11 11  17   9  13   0  28   0  54 13
 13   9 17  11 13   0  24  17   9  13   0  56 13
 13  11  2  24 14  14  13  11  13   0  13  54 13
 13  11  2  25 13  13  14  11  13   0  13  54 13
 13  11 11  13  0  24   0  32  13  13  13  39 13
 13  11 13   0 27  14   0  26  11  13   0  54 13
 13  11 13   0 27  14  13   0  24  13   0  54 13
 13  11 13  13 13  13  11  13   0  13  30  39 13
 13  11 13  13 14  14  13   0  24   0  13  54 13
 13  11 13  13 14  14  13  11   2  11  13  54 13
 13  11 13  14 13  13  14   0  24   0  13  54 13
 13  11 13  14 14  11  13   0  13  28   0  52 13
 13  11 14  13  0  27  11  13   0  27   0  53 13
 13  11 14  14  0  24   0  28  11  13   0  54 13
 13  11 14  14 11   2  11  26  13   0  28  39 13
 13  11 14  14 11   2  11  28  11  13   0  54 13
 13  11 14  14 11  13   0  26   2  11  28  39 13
 13  11 14  14 11  13   0  28   0  24   0  54 13
 13  11 14  14 11  13   0  28  11   2  11  54 13
 13  11 15  11 13   0  24  15  11  13   0  56 13
 13  12 12   1 12  28  12  12  13   0  28  39 13
 13  12 12   1 12  28  13  12  12  13   0  54 13
 13  12 12  13  0  25   0  29   0  26  13  39 13
 13  12 12  13  0  25   0  29  13   0  26  39 13
 13  12 12  13  0  25   0  29  13  13   0  52 13
 13  12 12  13  0  28   0  24  13   0  28  39 13
 13  12 12  13  0  28  12  12   1  12  28  39 13
 13  12 12  13  0  28  13   0  24  13   0  54 13
 13  12 12  13  0  28  13  12  12   1  12  54 13
 13  12 13   0 25   0  25   0  29  13  13  39 13
 13  12 13   0 25  12   1  12  29  13  13  39 13
 13  12 13  12 13   0  13  12  29  13  13  39 13
 13  12 13  12 13   0  13  28  12  13   0  53 13
 13  12 13  13  0  26  12  13   0  13  28  39 13
 13  12 13  13 12  13   0  13  13  28  13  39 13
 13  12 13  13 13  13  13   0  25   0  13  54 13
 13  12 14  12  1  25  12  13   0  26   0  54 13
 13  12 14  12 12   1  25  13   0  13  28  39 13
 13  12 14  12 13   0  25   1  25  13   0  54 13
 13  13  0  13 30  15  14  14  13  13   0  58 14
 13  13  0  24 14  14  11  13  13   0  13  54 13
 13  13  0  25 13  13  12  13  13   0  13  54 13
 13  13  0  28  0  30  14  14  13  13   0  58 14
 13  13  0  32 16  16  15  15  15   0  13  62 15
 13  13  0  33 16   0  30  13   0  32  15  45 15
 13  13  0  33 16  15  15  13   0  32   0  60 15
 13  13  0  34 14  14  17  15  15   0  13  62 15
 13  13  0  38 19  19  17  17  17  13   0  72 17
 13  13  0  42 15  15  21  17  17  13   0  72 17
 13  13  7  13 16  16  13   7  13  13   0  58 13
 13  13  7  19 10  10  19   7  13  13   0  58 13
 13  13  9  15 13   0  28   9  13  13   0  56 13
 13  13 11   2 25  14  11  13  13   0  13  54 13
 13  13 11  11 13  13   0  26   0  30  13  39 13
 13  13 11  13 13   0  26  11  13  13   0  56 13
 13  13 11  13 13  11  13  13   0  13  30  39 13
 13  13 11  13 14  14   0  24  13   0  13  54 13
 13  13 11  13 14  14  11   2  24   0  13  54 13
 13  13 11  13 14  14  11  13   2  11  13  54 13
 13  13 12  12 13  13   0  13  13  28  13  39 13
 13  13 12  12 13  13   0  26   0  28   0  52 13
 13  13 12  13 12   1  25   0  26   0  28  39 13
 13  13 12  13 13   0  13  25  13  13   0  54 13
 13  13 12  13 13  13   0  25  13   0  13  54 13
 13  13 12  13 13  13  12   1  25   0  13  54 13
 13  13 12  13 13  13  12  13   1  12  13  54 13
 13  13 13   0 25  12  13  13  13   0  13  54 13
 13  13 13   0 30  15  14  14  13   0  13  58 14
 13  13 13   7 16  16   7  13  13  13   0  58 13
 13  13 13  11 11  13  13  13   0  13  30  39 13
 13  13 13  12  1  24  13  13   0  26   0  54 13
 13  13 13  12 12   2  24  13   0  26   0  54 13
 13  13 13  12 12  13   2  24   0  26   0  54 13
 13  13 13  12 13  12  13   1  25   0  13  54 13
 13  13 13  12 13  12  13  13   1  12  13  54 13
 13  13 13  13 10  10  13  13  13  13   0  58 13
 13  13 13  17 13  13   0  13  17  28  14  42 14
 13  13 13  17 13  13   0  13  31   0  28  42 14
 13  13 13  17 13  13   0  13  31  14   0  56 14
 13  13 14  14 15  15  14  13   0  13  14  58 14
 13  13 16  13  0  13  28  16  13  13   0  58 14
 13  13 16  13 13   0  28  16  13   0  13  58 14
 13  14 13   0 27   0  31  14  13   0  29  42 14
 13  14 13   0 27   0  31  14  14  13   0  57 14
 13  14 13  14  0  30  14  13   0  27   0  58 14
 13  15  0  13 33  16  15  15  15  13   0  62 15
 13  15  0  30 16  16  15  15  13   0  15  62 15
 13  15  0  31 15  15  16  15  13   0  15  62 15
 13  15  0  32 14  14   0  32  15  13   0  62 15
 13  15 13   0 33  16  15  15  15   0  13  62 15
 13  15 13  13 13  15   0  13  31   0  28  42 14
 13  15 13  13 13  15   0  13  31  14   0  56 14
 13  15 13  14 14   0  28  13   0  28   0  58 14
 13  15 13  14 14  13  15   0  13  28   0  58 14
 13  15 13  14 14  13  15  13   0  15  13  58 14
 13  15 14  13 13   2  25  15   0  13  31  42 14
 13  15 14  13 13  13   3  26   0  13  31  42 14
 13  15 15   0 31  16  15  15  13   0  15  62 15
 13  15 15  16 15   0  31  15  13   0  15  62 15
 13  15 15  16 15  16  15  13   0  15  16  61 15
 13  15 16  16 13   0  15  32  15  13   0  62 15
 13  15 16  16 14  14   0  16  31  13   0  62 15
 13  15 17  14 14   0  32  13   0  15  32  45 15
 13  16  0  29 16  16  13   0  32  13   0  62 15
 13  16 16  13  0  16  29  16  16  13   0  62 15
 13  16 16  13  0  30  16  16  13   0  16  61 15
 13  16 16  13  0  32  13   0  32  13   0  62 15
 13  16 16  13  0  32  13  16   0  29   0  62 15
 13  16 16  13 16   0  29   0  32  13   0  62 15
 13  16 16  13 16  16  13   0  16  29   0  62 15
 13  17 13   0 40  19  17  17  17  13   0  72 17
 13  17 13  15 15  13  17  13   0  30   0  64 15
 13  17 13  16  1  28  17  13   0  30   0  62 15
 13  17 13  16 15   0  31  13   0  30   0  62 15
 13  17 14   0 31  13   0  31  13   0  33  45 15
 13  17 14  13 18  13   0  31   0  13  33  45 15
 13  17 14  14 16   0  14  30  17  13   0  62 15
 13  17 17  17  0  30   0  34  13   0  35  48 16
 13  17 17  17 13  17   0  34   0  13  35  48 16
 13  18 18  18 18   0  13  18  37  17  17  51 17
 13  19 15  15  2  30   0  34  13   0  35  48 16
 13  19 15  15 17   0  15  34  13   0  35  48 16
 13  20 20  20 20  20  20  13   0  20  43  57 19
 13  21 15  13 23  13   0  36  13   0  40  51 17
 13  21 21  21 13  21   0  42  13   0  44  57 19
 13  23 23  23 23  13   0  23  48  21  21  63 21
 14   0 26  15 15  11  14   0  15  30  14  42 14
 14   0 28  13 13  15  13  14   0  28   0  58 14
 14   0 28  13 14  13  14  14  14   0  14  58 14
 14   0 33  14 19  14   0  14  36  16  16  48 16
 14   0 35  18 18  17  14   0  18  36  17  51 17
 14  11 15  15 15   0  25   0  15  30  14  42 14
 14  11 15  15 15  11   3  11  15  30  14  42 14
 14  12 14   0 29   0  29  14  12  14   0  58 14
 14  12 14  15  0  29  12  14   0  14  30  42 14
 14  12 14  15 15  12  14   0  14  15  29  42 14
 14  12 15  15 12  14   0  15  27   0  30  42 14
 14  13  1  28 13  13  14   0  28  14   0  58 14
 14  13 13   1 13  26   0  32  14  14  14  42 14
 14  13 13  13  1  13  31  13  14   0  29  42 14
 14  13 13  13  1  13  31  14  13  14   0  57 14
 14  13 13  14  0  30   0  27  13  14   0  58 14
 14  13 13  14  0  30  13  14   0  27   0  58 14
 14  13 13  16 13  13  14   0  16  26   0  58 14
 14  13 14  13 14   0  27   0  31   0  28  42 14
 14  13 14  13 14   0  27   0  31  14   0  56 14
 14  13 14  14 14  13  14   0  14  14  30  42 14
 14  13 14  14 14  14   0  27   0  28   0  58 14
 14  13 14  15 12  14  15   0  27   0  14  58 14
 14  13 15   0 27  13  14   0  28  14   0  58 14
 14  13 15  13 13  15  13   1  13  28   0  58 14
 14  13 15  13 13  15  13  14   0  15  13  58 14
 14  13 15  13 14   0  27  14  14   0  14  58 14
 14  14  0  27 14  13  14  14   0  28   0  58 14
 14  14  0  28  0  34  14   0  31  15  15  45 15
 14  14  0  28  0  34  15  14   0  31  15  45 15
 14  14  0  28  0  34  15  15  14   0  31  45 15
 14  14  0  28  0  34  15  15  15  14   0  61 15
 14  14  0  32 14  14   0  32  14  14   0  62 15
 14  14  0  35  0  33  16  14   0  34  16  48 16
 14  14  0  35 17  16  16  14   0  17  33  48 16
 14  14  0  36 15   0  33  16  16  14   0  66 16
 14  14 13   1 26  13   1  27   0  31  14  42 14
 14  14 13   1 27  13  14  14   0  28   0  58 14
 14  14 13  13 13  14   1  13  31   0  28  42 14
 14  14 13  13 13  14   1  13  31  14   0  56 14
 14  14 13  13 14   1  13  27   0  31  14  42 14
 14  14 13  14 13  14  14   0  14  14  30  42 14
 14  14 13  14 14   0  27  14   0  28   0  58 14
 14  14 13  14 14   0  27  14  14   0  14  58 14
 14  14 13  14 14  13   1  27   0  28   0  58 14
 14  14 14   0 14  34  14   0  31  15  15  45 15
 14  14 14   0 14  34  15  14   0  31  15  45 15
 14  14 14   0 14  34  15  15  14   0  31  45 15
 14  14 14   0 14  34  15  15  15  14   0  61 15
 14  14 14  13 13   2  25  14   1  13  31  42 14
 14  14 14  13 13  13   3  25   1  13  31  42 14
 14  14 14  13 13  14  14   1  13  28   0  58 14
 14  14 15  14  0  33  15  14   0  14  32  45 15
 14  14 15  14  0  33  15  15  14   0  14  62 15
 14  14 16  14 16  16  14   0  14  30   0  62 15
 14  14 16  16 14  14   0  16  30  14   0  62 15
 14  14 17  14 14   0  31  14   0  31   0  61 15
 14  14 19   0 33  14   0  14  36  16  16  48 16
 14  15 19  15 14   0  35  14   0  34   0  64 16
 14  15 19  15 15  15  19   0  14  15  35  48 16
 14  16 14   0 30  14   0  30  16  14   0  62 15
 14  16 14   0 30  14  16  14   0  30   0  62 15
 14  16 14  14 16   0  14  30  16  14   0  62 15
 14  17 17  18 18  18  17  17   0  14  18  70 17
 14  17 18  18 18  17  14   0  18  36   0  68 17
 14  18 13  18 14   0  35  14   0  18  32  48 16
 14  18 13  18 14   0  35  14   0  34   0  64 16
 14  18 15  14 19  14   0  18  29   0  35  48 16
 14  18 16  18 18  18  16  18   0  14  18  70 17
 14  18 18  18  0  32  18  18  14   0  18  70 17
 14  18 18  18 14  18  18  18   0  14  18  70 17
 14  19 19  19 19   0  14  38   0  38  18  54 18
 14  20 16  15 20  15   0  36  14   0  20  68 17
 14  20 16  16 18  16   0  36  14   0  20  68 17
 14  21 19  16  0  19  37  14   0  40  18  54 18
 15   0 28  17 14  14  15   0  30  15   0  62 15
 15   0 30  13 16  14  15   0  30  15   0  62 15
 15   0 33  15 15  15  18  15   0  15  35  48 16
 15   0 36  16 16  16  20  15   0  16  37  51 17
 15  11 15  15 17  17  15  11  15   0  15  64 15
 15  11 15  17 15  15  17  11  15   0  15  64 15
 15  11 17  17 11  15   0  30  15   0  34  45 15
 15  11 17  17 11  15   0  34  11  15   0  64 15
 15  13 15   0 31  15   0  31  13  15   0  62 15
 15  13 15   0 31  16  15  13  15   0  15  62 15
 15  13 15  16 15   0  31  13  15   0  15  62 15
 15  13 15  16 15  16  13  15   0  15  16  61 15
 15  13 17  13 13  17  13  15   0  30   0  64 15
 15  14 14   1 31  14  14  14   1  14  33  45 15
 15  14 14  14  1  14  14  34  15  15  15  45 15
 15  14 14  14 18  14  14   1  14  14  33  45 15
 15  14 14  17 14  14   1  14  30  15   0  62 15
 15  14 14  17 14  14  15   0  30   1  14  62 15
 15  14 15   0 29  15   0  29   0  33  15  45 15
 15  14 15  15 15  15  14  15   0  15  15  62 15
 15  14 16  13 16   0  29   0  29   0  33  45 15
 15  14 16  13 16   0  29   0  30  15   0  62 15
 15  14 16  13 16  13  16   0  16  13  33  45 15
 15  14 16  13 16  14  15   0  16  29   0  62 15
 15  14 16  14 14   1  29  14   1  14  33  45 15
 15  14 16  14 14   1  29  15   0  30   0  62 15
 15  14 16  14 14  14  16   1  14  14  33  45 15
 15  15  0  31 19  16  15   0  30   0  35  48 16
 15  15  0  31 19  16  15  15   0  15  35  48 16
 15  15  0  33 15  18  15  15   0  15  35  48 16
 15  15  0  34 13  19  15   0  30   0  35  48 16
 15  15  0  36 18  18   0  34  17  15   0  70 17
 15  15  0  36 18  18  17   0  34  15   0  70 17
 15  15  0  38 16  16  19   0  34  15   0  70 17
 15  15 11  15 17  17  11  15  15   0  15  64 15
 15  15 13  15 15  13  15  15   0  30   0  64 15
 15  15 14  14 15  14   1  15  14  33  15  45 15
 15  15 14  14 15  15   0  30   0  15  32  45 15
 15  15 14  15 14  15   1  14  29   0  33  45 15
 15  15 14  15 15  14  15  15   0  15  15  62 15
 15  15 15  13 13  15  15  15   0  30   0  64 15
 15  15 15  14 14  14  15   2  14  14  33  45 15
 15  15 15  14 14  15  15  15   0  15  15  62 15
 15  15 15  16 19  16  15   0  15  15  35  48 16
 15  15 15  17 23  17  15  15   0  15  40  51 17
 15  15 15  18  0  33  15  15   0  15  35  48 16
 15  15 15  18 15  18  15   0  15  15  35  48 16
 15  15 15  19 15  15   0  15  34   0  33  48 16
 15  15 15  19 15  15   0  15  35  15   0  65 16
 15  15 15  21 15  21  15  15   0  15  40  51 17
 15  15 18  15  0  30  18  15   0  15  35  48 16
 15  15 18  15 15   0  33  15   0  15  35  48 16
 15  15 18  15 15  15  18   0  15  15  35  48 16
 15  15 21  15 15  15  21  15   0  15  40  51 17
 15  16 20  16 16   0  36  15   0  16  37  51 17
 15  17 15   0 32  15   0  32  15   0  35  48 16
 15  17 15   0 37  18   0  34  17  15   0  70 17
 15  17 15  15 15  17   0  15  17  34  16  48 16
 15  17 15  15 15  17   0  15  35  15   0  65 16
 15  17 15  15 17   0  15  32  15   0  35  48 16
 15  17 15  15 17  15   0  17  30   0  35  48 16
 15  17 15  15 17  15   0  32   0  15  35  48 16
 15  17 17  17 18  18  17  15   0  17  17  70 17
 15  18 19  18 19  19  18   0  15  37   0  74 18
 15  18 19  19 19  18  15   0  19  19  37  54 18
 15  19 15   0 35  16  19  15   0  34   0  70 17
 15  19 15  15 19  15   0  34  15   0  40  51 17
 15  19 15  18 15  19   0  15  37  15   0  70 17
 15  19 15  18 16   0  36  15   0  34   0  70 17
 15  19 16  15 20  15   0  35  15   0  20  68 17
 15  19 17  15 15  15  17  19   0  15  40  51 17
 15  19 19  19 15   0  19  38  18  16   0  74 18
 15  21 23  21 23  23  21  15   0  44   0  88 21
 16   0 32  15 15  15  17  15   1  15  35  48 16
 16  14 17  17  0  30   0  31  16   0  35  48 16
 16  14 17  17 13  17   0  31   3  13  35  48 16
 16  14 17  17 14  16   0  17  31  16   0  66 16
 16  15 15  15  1  30   0  36   0  32  16  48 16
 16  15 15  15  1  30   0  36  16   0  32  48 16
 16  15 15  15  1  30   0  36  16  16   0  64 16
 16  15 15  15 15  15  15   1  15  38  16  48 16
 16  15 15  16  0  16  34  15  15  16   0  66 16
 16  15 15  16  0  31   0  16  35  16  16  48 16
 16  15 15  16  0  31   0  35  15  16   0  65 16
 16  15 15  16  0  34  15  15  16   0  16  66 16
 16  15 16   0 31   0  31  16   0  35  16  48 16
 16  15 16  15 15  16  15  16   0  31   0  69 16
 16  15 16  15 16   0  16  31   0  35  16  48 16
 16  15 16  16  0  31  16   0  31   0  35  48 16
 16  15 16  16 15  16  16   0  16  15  35  48 16
 16  15 16  16 16  15  16   0  16  32   0  66 16
 16  15 17  14 17  15  16   0  32   0  16  66 16
 16  16 15   1 30  16   0  31  16   0  35  48 16
 16  16 15  15  2  30   0  31  16   0  35  48 16
 16  16 15  15 16  15   1  31   0  35   0  64 16
 16  16 15  16 15   1  30   1  31   0  35  48 16
 16  16 15  16 15  16  15   1  16  15  35  48 16
 16  16 16   0 37  16  16   0  16  37  17  51 17
 16  16 16   0 37  17  16  16   0  16  37  51 17
 16  16 16  15 15  16   2  29   1  31   0  67 16
 16  16 16  16 16  16   0  16  41  17  17  51 17
 16  16 16  17 20  17  16  16   0  16  20  68 17
 16  16 16  20  0  31  20  16  16   0  16  71 17
 16  16 16  20 15   1  35  16  16   0  16  71 17
 16  16 21  16 21  16   0  16  40   0  36  54 18
 16  16 21  16 21  16   0  16  40  18   0  72 18
 16  17 21  17 17  17  21  16   0  17  21  72 18
 16  18  0  32 18  18  14  18  16   0  18  70 17
 16  18  0  37 18  16   0  39  18  16   0  74 18
 16  18 14  18 18  18   0  32  16   0  18  70 17
 16  18 14  18 18  18  14  18   2  14  18  70 17
 16  18 16   0 39   0  37  18  18  16   0  74 18
 16  18 16  16 18  16   0  34   0  34   0  70 17
 16  19 16   0 38  19  16   0  38  16   0  74 18
 16  19 16  19 19  19  16  19   0  16  19  74 18
 16  19 19  16  0  19  35  16   0  40  18  54 18
 16  19 19  16  0  35   3  32   0  40  18  54 18
 16  19 19  16  0  35  19   0  16  40  18  54 18
 16  19 19  16 19   0  35  19  16   0  19  74 18
 16  19 19  16 19  16  19  19   0  16  19  74 18
 16  20  0  33 20  16   0  37  20  16   0  74 18
 16  20  0  38 20  20  18  20  16   0  20  78 19
 16  20 18  20 20  20   0  38  16   0  20  78 19
 16  23 21  18  0  39  23  16   0  44   0  80 20
 17   0 31  18 18  18  17  14  17   0  18  70 17
 17   0 33  17 16  17   0  33  17   0  37  51 17
 17   0 33  18 14  18   0  33  17   0  37  51 17
 17   0 39  17 22  17   0  39  17   0  41  57 19
 17   0 40  21 21  21  20  20  17   0  21  82 20
 17   0 42  18 23  18   0  42  17   0  43  60 20
 17   0 42  21 17  21   0  42  17   0  43  60 20
 17  11 19  19 19  11  17   0  19  38  17  51 17
 17  12 18  18 18  18  18  12  17   0  18  72 17
 17  14  3  32 18  18  17  14  17   0  18  70 17
 17  14 17  18 18  18  17   0  31   0  18  70 17
 17  14 17  18 18  18  17  14   3  14  18  70 17
 17  14 18  18 18  14  17   0  18  36   0  68 17
 17  15 15  15 15   2  15  42  17  17  17  51 17
 17  15 15  15 23  15  15  15   2  15  40  51 17
 17  15 18  18 14  18   0  18  32   0  37  51 17
 17  15 18  18 15  17   0  34  17   0  17  70 17
 17  15 19  13 19  13  19   0  32   0  40  51 17
 17  15 19  15 15  15  19  15   2  15  40  51 17
 17  16 16  16 16   1  16  38   0  34  17  51 17
 17  16 16  16 16   1  16  38  17   0  34  51 17
 17  16 16  16 16   1  16  38  17  17   0  68 17
 17  16 16  16 20  16  16  16   1  16  20  68 17
 17  16 16  17  0  17  32   0  38  17  17  51 17
 17  16 17  16 17   0  33   0  17  37  17  51 17
 17  16 17  17  0  33   0  33  17   0  37  51 17
 17  16 17  17 16  17   0  17  33   0  37  51 17
 17  16 17  17 16  17   0  33   1  16  37  51 17
 17  17  0  32 18  18  14  17  17   0  18  70 17
 17  17  0  34  0  17  41  18  18  18  18  54 18
 17  17  0  34  0  40  17  17   0  38  18  54 18
 17  17  0  34  0  40  18  17  17   0  38  54 18
 17  17  0  34  0  40  18  18  17  17   0  74 18
 17  17  0  38 16  17  21  17  17   0  17  75 18
 17  17  0  42 18  18   0  40  19  17   0  78 19
 17  17 14  18 18  18   0  31  17   0  18  70 17
 17  17 14  18 18  18  14   3  31   0  18  70 17
 17  17 14  18 18  18  14  17   3  14  18  70 17
 17  17 15  17 15  17  15   2  32   0  40  51 17
 17  17 16  16  2  30   2  32   0  38  17  51 17
 17  17 16  16 16   2  16  32   0  38  17  51 17
 17  17 16  16 16  17   1  16  17  37  17  51 17
 17  17 16  16 17  17   0  17  33   0  37  51 17
 17  17 16  16 17  17   0  33   1  16  37  51 17
 17  17 16  16 17  17   0  34   0  34   0  70 17
 17  17 16  17  1  32  17   0  33  17   0  71 17
 17  17 16  17  1  32  17  16   1  33   0  71 17
 17  17 17   0 17  17  41  18  18  18  18  54 18
 17  17 17   0 17  40  17  17   0  38  18  54 18
 17  17 17   0 17  40  18  17  17   0  38  54 18
 17  17 17   0 17  40  18  18  17  17   0  74 18
 17  17 17  15 15  15  17  17   2  15  40  51 17
 17  17 17  16  1  32  16  17   1  33   0  71 17
 17  17 17  16 16  17  16   2  16  33   0  71 17
 17  17 17  17  0  17  48  19  19  19  19  57 19
 17  17 17  17  0  40  17   0  17  38  18  54 18
 17  17 17  17  0  40  18  17   0  17  38  54 18
 17  17 17  17  0  40  18  18  17   0  17  74 18
 17  17 17  20 17  20  17  17   0  17  20  73 18
 17  17 17  25 15  17  25  17  17   0  17  82 19
 17  17 20  17 17  17  20  17   0  17  20  73 18
 17  17 22  17 22  17   0  17  22  39  19  57 19
 17  18  0  41 18  17   0  41  19  17   0  78 19
 17  18 22  18 17   0  41  17   0  18  41  57 19
 17  19 17   0 41  20  19  19  17   0  19  78 19
 17  19 17  17 17   2  34   0  17  40  18  54 18
 17  19 18  22 18  18   0  18  41  17   0  78 19
 17  20  0  41 21  21  20  20  17   0  21  82 20
 17  21 16  21  1  36  21  16   1  37   0  79 19
 17  21 17   0 39  17   0  39  21  17   0  78 19
 17  21 21  21 17   0  21  42  17   0  43  60 20
 17  21 22  22 22  22  21   0  17  22  45  63 21
 17  22 22  22 22  17   0  22  45   0  42  63 21
 17  22 22  22 22  17   0  22  45  21   0  84 21
 17  24  0  41  0  41  24  17   0  46  21  63 21
 17  24 22  19  0  41  24  17   0  24  43  63 21
 17  25 20  20 21  21   0  40  25   0  17  88 21
 17  25 25  25 25  25  25  25  17   0  25 102 24
 17  25 27  27 27  27  25  17   0  27  56  75 25
 17  33 23  23 25  25   0  46  33  17   0 108 25
 18   0 38  23 18  23  20  18   0  18  44  60 20
 18   0 42  19 18  19  24  18   0  18  44  60 20
 18   0 43  21 22  22  21  18   0  43   0  86 21
 18  15 19  19 19  15  18   0  19  19  37  54 18
 18  16  2  35 16  21  16  16   2  16  40  54 18
 18  16 16  21 16  21  16   2  16  16  40  54 18
 18  16 19  19 15  19  19   0  34   0  19  74 18
 18  17 17  17  1  17  39  17  17  18   0  74 18
 18  17 17  17  1  38  17  17   1  34   0  75 18
 18  17 17  17 18   0  39  17  17   1  17  74 18
 18  17 17  18  0  34   1  17  40  18  18  54 18
 18  17 18   0 35  18   0  35  18   0  39  54 18
 18  17 18  18  0  35  18  18   0  35   0  75 18
 18  17 19  16 19   0  35  17  18   0  19  74 18
 18  17 19  17 17   1  34  19   0  35   0  75 18
 18  17 19  17 17  18  17  19   0  18  17  75 18
 18  18  0  40 18  18  18   0  40  18   0  78 19
 18  18 17  17 17   2  33   1  17  40  18  54 18
 18  18 17  18 17   1  35   0  35  18   0  75 18
 18  18 17  18 17  18  18   0  18  35   0  75 18
 18  18 17  18 17  18  18   0  35   1  17  75 18
 18  18 18  17 17  18  17  18   1  18  17  75 18
 18  18 18  18  0  18  43   0  38  19  19  57 19
 18  18 18  18  0  18  43  19   0  38  19  57 19
 18  18 18  18  0  18  43  19  19   0  38  57 19
 18  18 18  18  0  18  43  19  19  19   0  76 19
 18  18 18  20 20  20  18  18   0  18  20  78 19
 18  18 18  22 18  18   0  18  40  18   0  78 19
 18  18 18  22 18  18  18   0  40   0  18  78 19
 18  18 20  23  0  41  20  18   0  18  44  60 20
 18  18 24  19  0  37  24  18   0  18  44  60 20
 18  19 18   0 37  18   0  42  19  18   0  77 19
 18  19 18  18 19   0  18  42  19  18   0  77 19
 18  20 16  20 20  20  16   2  36   0  20  78 19
 18  20 18  18 18  18  18  18  20   0  18  82 19
 18  20 18  18 20  18   0  38  18   0  20  78 19
 18  20 18  18 20  18  18  20   0  18  20  78 19
 18  20 19  18 18  18  19  20   0  18  20  78 19
 18  21 21  18  0  39  21   0  39   0  43  60 20
 18  21 21  18  0  39  21  18   0  44   0  80 20
 18  21 22   0 43  22  21  18   0  43   0  86 21
 18  21 22  21 22  22  21  18   0  22  21  86 21
 18  22 17  22 18   0  43  18   0  40   0  82 20
 18  22 22  22 18   0  22  43  22  18   0  87 21
 18  22 22  22 18   0  44  22  18   0  22  86 21
 18  22 22  22 18  22   0  44  18   0  22  86 21
 18  22 23  23 23  23  22   0  18  46   0  90 22
 18  23  0  41 23  18   0  41   0  46  21  63 21
 18  23 18  23 23  18   0  23  18  46  21  63 21
 18  23 18  23 23  18  23   0  18  23  44  63 21
 18  23 23  23 23  18   0  46   0  46   0  88 22
 18  24 19   0 43  19  24  18   0  43   0  86 21
 18  24 24  19 24  19  24  24   0  18  24  90 22
 19   0 48  24 24  19   0  48   0  48  23  69 23
 19  15 21  21 13  21   0  36  19   0  44  57 19
 19  16 21  19  0  37   0  40  16  19   0  79 19
 19  17 17  19  0  34  19   0  46  19  19  57 19
 19  18 18  18  1  36   0  42  18  19   0  77 19
 19  18 18  18  1  40  18  18  18   1  18  79 19
 19  18 18  19  0  36  19   0  42   0  38  57 19
 19  18 18  19  0  36  19   0  42  19   0  76 19
 19  18 18  19 18  18  19   0  36  19   0  82 19
 19  18 19  19  0  37   0  38  18  19   0  79 19
 19  18 20  17 20  17  20   0  37   0  20  78 19
 19  18 20  18 18  18  20  18   1  18  20  78 19
 19  19  0  19 47  22  21  21  21  19   0  86 21
 19  19  0  44 22  22  19   0  44  19   0  86 21
 19  19  0  45 19   0  45  19   0  44  21  63 21
 19  19  0  46 20  19   0  45  21  19   0  86 21
 19  19 17  19 17  19  19   0  36  19   0  82 19
 19  19 18  18 18  18   2  18  18  42  19  57 19
 19  19 18  18 18  18  18  18  19   1  18  82 19
 19  19 18  18 19  18   1  37   0  19  41  57 19
 19  19 19  17 17  19  17  19   2  36   0  82 19
 19  19 19  20  0  43  20  19  19   0  19  83 20
 19  19 20  19  0  19  44  20  19  19   0  82 20
 19  19 20  19 19   0  44  20  19   0  19  82 20
 19  19 25  20 19   0  45  19   0  19  46  63 21
 19  21 19  19 19  21   0  19  40   0  43  60 20
 19  22 19  22 22  22  19   0  41   0  22  86 21
 19  23 19  19 19  19  23   0  19  50  21  63 21
 19  24 24  24 24  19   0  24  24  48  23  69 23
 19  24 24  24 24  19   0  24  48   0  47  69 23
 19  24 24  24 24  19   0  48   0  24  47  69 23
 19  25 25   0 45  20  25  25  19   0  25  94 23
 19  25 25  20 25   0  45  25  19   0  25  94 23
 19  25 25  25 25  25   0  19  25  52  24  72 24
 19  27 22  22  2  44   0  44  27  19   0  96 23
 19  27 22  22 23  23   0  23  48  19   0  96 23
 19  31 31  31 31  31  19   0  31  66  29  87 29
 20  18 18  23  0  41  18  18   2  18  44  60 20
 20  18 22  19 19  19   3  38   0  38   0  84 20
 20  19  1  38  0  39  19  20   0  44  20  60 20
 20  19  1  38 19  20   0  39   0  44  20  60 20
 20  19 19  19  1  38   0  20  44  20  20  60 20
 20  19 19  19 19   1  19  44  19  20   0  81 20
 20  19 20  20 19  20   0  20  39  20   0  83 20
 20  19 20  20 19  20  20   0  39   0  20  83 20
 20  20  0  47 20  25  22  20   0  20  48  66 22
 20  20 19  19 19  19   2  38   0  44   0  80 20
 20  20 19  19 20   1  19  38  20   0  44  60 20
 20  20 19  19 20  19   1  20  38   0  44  60 20
 20  20 19  20 19  20  19   1  39   0  20  83 20
 20  20 19  20 19  20  19  20   1  19  20  83 20
 20  20 20  19 19  19   3  36   2  38   0  84 20
 20  20 20  19 19  19  20  20   1  19  20  83 20
 20  20 20  20  0  20  47  20   0  43  21  63 21
 20  20 20  20  0  20  47  21  20   0  43  63 21
 20  20 20  20  0  20  47  21  21  20   0  85 21
 20  20 23  20 20  20   3  40  20   0  20  88 21
 20  20 26  21 20  21  26  20   0  20  26  88 22
 20  21 21  26 21  21   0  20  48  20   0  90 22
 20  21 21  26 21  21  20   0  48   0  20  90 22
 20  22 20  20 20  20  22   0  20  46   0  84 21
 20  22 21  20 20  20   3  38  22   0  20  88 21
 20  22 27  22 22  22   3  46  20   0  22  96 23
 20  23 23  24 24  24  23  20   0  23  24  94 23
 21   0 39  22 22  22  17  21   0  22  45  63 21
 21   0 41  20 21  21   0  44  17  21   0  88 21
 21   0 41  22 19  19   2  44  17  21   0  88 21
 21   0 44  27 22  22  21   0  50  21   0  94 23
 21   0 51  26 26  26  25  21   0  26  53  75 25
 21  17 22  22 22  22   0  38   0  22  45  63 21
 21  17 22  22 22  22  17   4  17  22  45  63 21
 21  17 24  20 21  21   0  44   0  38   0  88 21
 21  17 24  20 21  21   0  44  17   4  17  88 21
 21  17 24  22 19   2  19  44  17  21   0  88 21
 21  17 24  22 19  19   2  44   0  38   0  88 21
 21  17 24  22 19  19   2  44  17   4  17  88 21
 21  19 22  22 18  22   0  41  21   0  22  86 21
 21  19 22  22 19   2  19  42  19  21   0  88 21
 21  19 22  22 19  19   2  42   2  38   0  88 21
 21  20 20  20  1  20  40   0  47  21  21  63 21
 21  20 20  21  0  21  40  21   0  46  21  63 21
 21  20 20  21  0  41   0  41   0  46  21  63 21
 21  20 20  21  0  41  20   1  20  46  21  63 21
 21  20 21  21 20  21   0  41  21   0  21  87 21
 21  20 22  20 20  20   3  39  20   1  20  88 21
 21  21  0  42 26  21  21   0  42   0  48  66 22
 21  21  0  46 20  20  26  20  21   1  20  92 22
 21  21 19  19 19  19  21   2  19  50  21  63 21
 21  21 20  20 20  20  21   1  20  46   0  84 21
 21  21 20  20 21  20   1  40   1  20  46  63 21
 21  21 20  20 21  21   0  41  21   0  21  87 21
 21  21 21   0 21  48  21  21  21   0  47  66 22
 21  21 21   0 21  48  22  21  21  21   0  91 22
 21  21 21   0 47  21  21  21   0  21  48  66 22
 21  21 21  20 20   2  38  21   2  40   0  88 21
 21  21 21  20 20  20   3  38  21   1  20  88 21
 21  21 21  20 20  20  20   3  20  40   0  88 21
 21  21 21  21  0  48  21   0  42   0  47  66 22
 21  21 21  21  0  48  21  21   0  21  47  66 22
 21  21 21  21  0  48  22  21   0  42   0  91 22
 21  21 21  21  0  48  22  21  21   0  21  91 22
 21  21 21  21 26  21  21   0  21  21  48  66 22
 21  21 21  21 31  21  21  21   0  21  54  69 23
 21  21 23  26 21  26  23  21   0  21  26  93 23
 21  21 24  24 24  24  21   0  21  24  49  69 23
 21  22  0  49 22  22  21   0  50  21   0  94 23
 21  23 19  23 21   0  44   0  21  48  22  66 22
 21  23 21   0 49  21   0  49  23  21   0  94 23
 21  23 22  21 21  21  21   3  42   0  21  92 22
 21  23 28  23 23  23  23  28   0  21  23 100 24
 21  24 24  21  0  45  24  21   0  24  49  69 23
 21  24 24  21 21  24  24   0  21  24  49  69 23
 21  25 20  25 21   0  49  20   1  45   0  95 23
 21  25 25  21  0  50   0  50  21   0  51  72 24
 21  25 35  25 25  25  25  35  21   0  25 116 27
 21  26 21  26 26  21   0  47   0  52   0  96 24
 21  29 24  24 24  26   0  24  53  21   0 104 25
 22   0 41  23 23  23  18  22   0  46   0  90 22
 22   0 44  21 21  21  21  24   0  42   0  92 22
 22   0 53  27 27  27  26  22   0  54   0 106 26
 22  18 23  23 23  23   0  40   0  46   0  90 22
 22  18 23  23 23  23  18   4  18  46   0  90 22
 22  20 24  21 21   1  41  24   0  42   0  92 22
 22  20 24  21 21  21  21  24   0  22  20  92 22
 22  21 21  21  1  41   1  21  49  22  22  66 22
 22  21 21  21 21   1  21  21  49  22  22  66 22
 22  21 21  22  0  43  21  22   0  48   0  88 22
 22  21 22  21 22   0  22  42  22   0  48  66 22
 22  21 22  21 22   0  43   0  43   0  48  66 22
 22  21 22  21 22  21  22   0  22  21  48  66 22
 22  21 23  21 21   1  41  23   1  42   0  92 22
 22  22 20  23 21  21  23   0  22  42   0  92 22
 22  22 21  21 21  22   1  21  43   0  48  66 22
 22  22 21  21 22  21   1  43   0  44   0  91 22
 22  22 21  22 21   1  42   1  42  22   0  92 22
 22  22 22  21 21  21  21   3  41   1  21  92 22
 22  22 22  22 27  22  22  22   0  22  27  92 23
 22  22 25  25 25  25  22   0  22  50   0  98 24
 22  22 27  22 27  22   0  22  49   0  51  72 24
 22  23 23  28 23  22   0  23  52  22   0  98 24
 22  25 25  22  0  47  25  22   0  50   0  98 24
 23   0 49  23 23  23  23  26  23   0  23 100 24
 23   0 55  25 25  25  25  30  23   0  25 108 26
 23  19  4  44 24  24  19  23   0  48   0  94 23
 23  20 23  24 24  24  20  23   0  23  24  94 23
 23  21 21  26 21  26  21  21   2  21  26  93 23
 23  21 23  21 23  21  23   0  44   0  54  69 23
 23  21 24  24 21  21   2  46  21   2  21  96 23
 23  22 22  23  0  44  23   0  23  50  23  69 23
 23  22 24  22 22   1  43  24  22   1  22  96 23
 23  22 24  22 22  22  22  24   1  22  22  96 23
 23  23  0  46 26  26  23  23   0  46   0 100 24
 23  23  0  54 24  24  23   0  54  23   0 102 25
 23  23  0  56 27  27  26  26  23   0  27 106 26
 23  23 22   1 44  23   0  44  23  23   0  96 23
 23  23 22  22  2  44   0  44  23  23   0  96 23
 23  23 22  22 23  23   0  23  44  23   0  96 23
 23  23 22  22 23  23   0  44   2  44   0  96 23
 23  23 22  22 23  23  22   1  44   1  22  96 23
 23  23 22  23 22   1  44  22  23   1  22  96 23
 23  23 23   0 49  26  23  23  23   0  23 100 24
 23  23 23  22 22  22  22  23   2  22  22  96 23
 23  23 23  23  0  23  53  23  23   0  50  72 24
 23  23 23  23  0  23  53  24  23  23   0  98 24
 23  23 23  23 26  26  23  23   0  23  23 100 24
 23  23 23  23 29  29  23  23  23   0  23 108 25
 23  23 26  23 23   0  46  26   0  46   0 100 24
 23  23 26  23 23   0  46  26  23   0  23 100 24
 23  23 26  23 23  23  23  26   0  23  23 100 24
 23  23 29  23 23  23  23  29  23   0  23 108 25
 23  25 23  23 23  23  25   0  23  25  51  72 24
 23  25 23  23 24  24   0  46  25   0  23 100 24
 23  27  0  56 28  28  27  23   0  56   0 110 27
 23  27 25  23 23  23  23  25  27   0  23 108 25
 23  27 28  28 28  28  27  23   0  28  28 110 27
 23  28 23  28 28  23   0  51   0  28  54  78 26
 24   0 47  21 26  26  21  24   0  47   0 100 24
 24   0 48  23 23  23  23  25  23   1  23 100 24
 24  20 27   0 47  24   0  50  20  24   0 100 24
 24  21 26   0 47  26  21  24   0  47   0 100 24
 24  21 26  21 26  26  21   3  21  47   0 100 24
 24  21 26  21 26  26  21  24   0  26  21 100 24
 24  22 25  25 22  22   2  25  45  24   0 100 24
 24  23 23  23 23  23   1  23  53   0  48  72 24
 24  23 23  23 23  23   1  23  53  24   0  96 24
 24  23 24   0 47  24   0  47  23  24   0 100 24
 24  23 24   0 47  24  23  24   0  47   0 100 24
 24  23 24  23 24  24   0  47   0  47   0 100 24
 24  23 24  23 24  24   0  47  23   1  23 100 24
 24  23 24  23 24  24  23  24   0  24  23 100 24
 24  24  0  48  0  48   0  56  25  25  25  75 25
 24  24 23   1 46  23  24  23   1  47   0 100 24
 24  24 23  23 23  23   2  46   0  24  52  72 24
 24  24 23  23 24   1  23  46  24  24   0 100 24
 24  24 23  23 24  24   0  46  24   1  23 100 24
 24  24 24   0 24  48   0  56  25  25  25  75 25
 24  24 24  24  0  24  24  56  25  25  25  75 25
 24  26 24  24 24  26   0  24  50  24   0 104 25
 24  26 24  24 24  26  24   0  50   0  24 104 25
 24  29 30  30 30  30  30  29   0  24  30 120 29
 24  30 30  30 30  30  24   0  30  62   0 116 29
 24  31 24  31  0  24  62  24   0  60  28  84 28
 25  17 27  27 27  27  17  25   0  27  56  75 25
 25  17 31  23 25  25   0  54  17  25   0 108 25
 25  17 31  27 21  21   4  54  17  25   0 108 25
 25  21 27  27 21  21   4  50  21  25   0 108 25
 25  21 28  24 25   0  25  52  21  25   0 104 25
 25  23 25  23 25  25  23  25   0  48   0 108 25
 25  23 25  24 24  24  24  25   0  48   0 108 25
 25  23 27  23 23  23  23  27  23   2  23 108 25
 25  24 24  24 24  24  24  24   1  48   0 108 25
 25  24 25   0 49   0  49  25  24  25   0 104 25
 25  24 25  24 25   0  25  49  24  25   0 104 25
 25  24 25  24 25   0  49  25   0  49   0 104 25
 25  25  0  50  0  56  26  24  25  25   0 108 26
 25  25  0  56 28  28  25  25   0  56   0 110 27
 25  25  0  57 25   0  57  25  25   0  58  81 27
 25  25 23  23 25  25   0  46  25  25   0 108 25
 25  25 24  24 24  24   2  24  48   0  55  75 25
 25  25 24  24 24  24  25   1  24  25  54  75 25
 25  25 24  24 25  24   1  48   1  49   0 104 25
 25  25 25  23 23  23  23  25  25   2  23 108 25
 25  25 25  25  0  50   0  58   0  52  26  78 26
 25  25 25  25  0  50   0  58  26   0  52  78 26
 25  25 25  25  0  50   0  58  26  26   0 104 26
 25  25 25  25 25   0  25  58   0  52  26  78 26
 25  25 25  25 25   0  25  58  26   0  52  78 26
 25  25 25  25 25   0  25  58  26  26   0 104 26
 25  25 26  32 26  25   0  25  59  25   0 110 27
 25  27 25  25 25  25   2  50   0  25  57  78 26
 26  25 25  25  1  50   0  51   0  57  26  78 26
 26  25 25  26  0  51  25  26   0  26  56  78 26
 26  25 26   0 51  25  26   0  51  26   0 108 26
 26  25 26  25 26   0  51   0  51  26   0 108 26
 26  25 26  25 26  25  26   0  26  51   0 108 26
 26  26  0  60 27  26  26   0  61  26   0 114 28
 26  26 25  25 25  25   2  49   1  25  57  78 26
 26  26 25  25 26  25   1  50  26   0  26 108 26
 26  26 26  26  0  58  26  26   0  52   0 112 27
 26  26 26  26  0  58  26  26  26   0  26 112 27
 26  33 33  33 33  33  33   0  26  33  69  96 32
 27  21 31  21 31  31  21  27   0  52   0 116 27
 27  23 28  28 28  28  23  27   0  28  28 110 27
 27  26 27  26 27   0  53  26  27   0  27 112 27
 27  26 27  26 27  26  27   0  53   0  27 112 27
 27  27  0  59 32  27   0  54   0  64  29  87 29
 27  27  0  59 32  27  27   0  27  64  29  87 29
 27  27 26  26 26  26  26   2  26  26  59  81 27
 27  27 26  26 27  26  26  27   1  26  27 112 27
 27  27 27  27  0  27  61  27  27  27   0 115 28
 27  27 27  27  0  54   0  62  27   0  57  84 28
 27  27 27  27  0  54   0  62  28  27   0 113 28
 27  27 27  27 27   0  27  62  27   0  57  84 28
 27  27 27  27 27   0  27  62  28  27   0 113 28
 27  27 27  27 27   0  61  27  27   0  27 115 28
 27  27 27  32 32  27   0  27  27  64  29  87 29
 27  27 27  37 37  27  27   0  27  74  31  93 31
 27  29 34  34 29   0  27  68  31  27   0 128 31
 27  29 34  34 29  27   0  68  31   0  27 128 31
 27  31 27  27 27  27  27  31   0  27  68  87 29
 27  31 32  32 31   0  27  68  31  27   0 128 31
 27  31 32  32 31  27   0  68  31   0  27 128 31
 27  31 41  41 31  27   0  82  35  27   0 148 35
 27  33 33  33 33  33  27   0  33  33  67  96 32
 27  35 37  37 35  27   0  82  35  27   0 148 35
 27  37 34  34 30   0  34  64  37  27   0 138 33
 27  39 32  32 32  32   2  32  69  27   0 138 33
 28  27 27  28  0  55   0  54  28   0  61  84 28
 28  27 27  28  0  55  27  27   1  27  61  84 28
 28  27 27  28 27  28   0  54   1  27  61  84 28
 28  27 29  26 26  29   3  52   0  55   0 117 28
 28  28 27  27 27  27   2  54   0  56   0 116 28
 28  28 33  33 33  28   0  28  33  66  31  93 31
 28  30 28  28 28  28  30   0  28  58   0 120 29
 28  34 34  34 34  34  28   0  34  68   0 134 33
 28  34 34  34 34  34  28   0  68   0  34 134 33
 29   0 54  30 30  30  30  24  29   0  30 120 29
 29   0 56  28 28  29   0  56   0  64  29  87 29
 29   0 67  36 31  29   0  72  33  29   0 136 33
 29   0 69  35 35  35  35  34  29   0  35 140 34
 29  24 30  30 30  30  30   0  53   0  30 120 29
 29  24 30  30 30  30  30  24   5  24  30 120 29
 29  27 29  28 28  29   0  29  27  64  29  87 29
 29  28 28  28  1  28  55  29   0  64  29  87 29
 29  28 28  28  1  55   1  56   0  64  29  87 29
 29  28 28  28 28   1  28  56   0  64  29  87 29
 29  28 28  29  0  56  29   0  57   0  63  87 29
 29  28 28  29 28  28  29   0  29  28  63  87 29
 29  28 30  27  2  55  27  30   0  57   0 121 29
 29  29 27  27 27  27  27  29   2  27  68  87 29
 29  29 28  28 28  29   1  28  56  29   0 121 29
 29  29 29  34 34  29  29   0  29  68   0 124 31
 29  31 30  30  0  60   0  68  31  29   0 126 31
 29  36 36  36 36  36  36   0  29  72   0 144 35
 29  41 31  36 36  31  41   0  29  72   0 144 35
 29  43 43  43 43  43  43  29   0  86   0 172 41
 29  53 33  43 43  33  53  29   0  86   0 172 41
 30  29 29  29  1  57  29   1  29  66  30  90 30
 30  29 29  29 29   1  57   1  29  66  30  90 30
 30  29 29  29 29  29   1  29  29  66  30  90 30
 30  29 30  29  1  58  29  30   0  59   0 125 30
 30  30 29  29 29  30  29   1  58   1  29 125 30
 30  30 30  30  0  60   0  68  30  30   0 126 31
 30  30 30  30 30   0  30  68  30  30   0 126 31
 30  30 38  30 34  34   0  68  30   0  30 138 33
 30  33 33  30  0  60  33  33   0  30  70  96 32
 30  34 34  34 30   0  34  64  34  30   0 138 33
 31  27 31  29 29  31   0  58   0  74  31  93 31
 31  29 29  29 29  29   2  58   0  74  31  93 31
 31  29 31  30 30  31   0  60   0  68   0 124 31
 31  30 30  30 30  30   1  60   0  68   0 124 31
 31  30 31  30 30   1  60  31   0  61   0 129 31
 31  30 31  30 30  31  30  31   0  31  30 129 31
 31  30 32  29 29  32  29  32   0  32  29 129 31
 31  31  0  76 36  36  35  31   0  72   0 142 35
 31  31 30  30 30  30  31   1  30  61   0 129 31
 31  31 31  31 31  31  31  31   0  62   0 138 32
 31  31 31  31 31  31  31  31  31   0  31 138 32
 31  34 34  31  0  65  31  34   0  65   0 137 33
 31  38 31  38  0  69  38  31   0  69   0 145 35
 31  39  0  68 34  34  39  29   2  68   0 146 35
 31  39 29  39 34  34  39   0  31  68   0 146 35
 31  39 29  39 34  34  39  29   2  39  29 146 35
 31  39 32  32 39   0  31  72  39  31   0 144 35
 31  39 32  32 39  31   0  72  39   0  31 144 35
 31  43 33  38 38   0  76  31   0  76   0 152 37
 31  43 33  38 38  33  43  31   0  43  33 152 37
 31  47 33  33 47  31   0  82  47  31   0 164 39
 32  30 31  31 31  31  30  32   0  62   0 138 32
 32  31 31  31 31  31  31   1  31  70   0 128 32
 32  31 31  32  0  62  31   1  62   0  70  96 32
 32  31 31  32  0  63   0  63  31  32   0 133 32
 32  31 31  32  0  63  31  32   0  63   0 133 32
 32  32 32   0 64  32   0  32  73  33  33  99 33
 32  32 32  32  0  32  64   0  73  33  33  99 33
 32  32 32  32  0  64   0  32  73  33  33  99 33
 32  32 32  32 32   0  32  32  73  33  33  99 33
 32  32 32  37 37  32  32   0  32  37  71 102 34
 32  32 39  32 39  32  39  32   0  32  39 142 35
 32  34 32  32 32  32  32  34   0  32  34 136 33
 32  36 37   0 73  32   0  78  36  32   0 148 36
 32  40 33   0 73  32   0  74  40  32   0 148 36
 33  31 31   2 65  36  31  31  31   2  31 138 33
 33  31 31  31 36  36  31  31   2  31  31 138 33
 33  31 35  29 29  35  29  35   0  64   0 142 33
 33  33  0  68 38  38  35  33   0  66   0 146 35
 33  33  0  68 38  38  35  33  33   0  33 146 35
 33  33  0  73 33  33  40  33   0  66   0 146 35
 33  33  0  73 33  33  40  33  33   0  33 146 35
 33  33 32  32 32  32   2  32  63  33   0 138 33
 33  33 33  33 33  33   0  33  75   0  68 102 34
 33  33 33  33 33  33   0  33  75  34   0 136 34
 33  33 33  35 38  38  35  33   0  33  33 146 35
 33  33 33  37 43  43  37  33  33   0  33 160 37
 33  33 33  40 33   0  73  33   0  66   0 146 35
 33  33 33  40 33   0  73  33  33   0  33 146 35
 33  33 33  40 33  33  40  33   0  33  33 146 35
 33  33 33  47 33  33  47  33  33   0  33 160 37
 33  37 29  40 33   0  73  29   4  66   0 146 35
 33  41 34  34 41  33   0  41  76  33   0 152 37
 33  49 29  49 39  39  49  29   4  78   0 176 41
 34  33 33  33  1  66   0  66  34   0  74 102 34
 34  34 32  34 33  33  34   1  33  66   0 142 34
 34  34 33  33 33  33   2  64   2  66   0 142 34
 34  34 33  33 33  33  33   2  33  66   0 142 34
 34  34 33  33 33  33  33  34   1  33  34 141 34
 34  34 37  39 39  39  37  34   0  34  39 152 37
 34  36 32  36 34  34  36   0  34  68   0 146 35
 34  36 34  34 34  34   2  66  36   0  34 146 35
 34  36 34  34 34  34  34   2  68   0  34 146 35
 34  36 41  41 36  34   0  41  79  34   0 156 38
 34  42 42  42 42  42  42  42   0  34  42 170 41
 35  35  0  68 34  34  35  33   2  68   0 146 35
 35  35 33  35 34   1  68  33   2  68   0 146 35
 35  35 33  35 34  34  35  33   2  35  33 146 35
 35  35 34  34 34  34   2  66  35   1  34 146 35
 35  35 34  34 34  34  34   2  67   1  34 146 35
 35  35 35   0 77  40  37  35  35   0  35 154 37
 35  35 35  35 35  35   0  35  79  35   0 145 36
 36   0 86  43 43  43  43  36   0  86   0 172 42
 36  35 35  36  0  70  36  35   1  70   0 150 36
 36  35 35  36 35  35  36   0  36  70   0 150 36
 36  36 35  35 35  35  35  35   2  35  35 150 36
 36  38 34  38 36   0  74  34   2  72   0 154 37
 36  43 43  43 43  43  43  36   0  43  43 172 42
 37   0 72  37 36  36  37   0  72  37   0 154 37
 37  33 33  33 43  43  33  33  33   4  33 160 37
 37  34 34  39 39  39  34  34   3  34  39 152 37
 37  35 37  36 36  37   0  72   0  37  80 111 37
 37  36 36  36 36  36   1  72   0  37  80 111 37
 37  36 36  37  0  72  37   0  72  37   0 154 37
 37  36 36  37 36  36  37   0  72   1  36 154 37
 37  37  0  82 42  42  40  37  37   0  42 164 40
 37  37 33  37 35  35  37  33   4  70   0 160 37
 37  37 35  35 35  35  35  35   4  70   0 160 37
 37  40 40  37 37  37  40  40   0  37  40 161 39
 38  37 37  37 37   1  37  73  38   0  83 114 38
 38  37 37  37 37  37   1  37  74   0  83 114 38
 38  37 37  37 38   0  75  37  37   1  37 158 38
 38  45 38  45 38   0  90  38   0  83   0 173 42
 39  38 38  38 38  38   1  75   1  38  85 117 39
 39  38 38  38 38  38  38   1  38  38  85 117 39
 40  38 39  39  1  77   0  78   0  88  40 120 40
 41  39 39  39 39  39  39  39   2  39  96 123 41
 41  39 40  40 39  41   0  41  39  90  41 123 41
 41  41  0  82  0  82  41  41   0  92  42 126 42
 41  41  0  82 41  41   0  82   0  92  42 126 42
 41  41 41  41  0  41  82  41   0  92  42 126 42
 41  41 41  41  0  82   0  82   0  92  42 126 42
 41  41 41  41  0  82  41   0  41  92  42 126 42
 41  41 41  41 41   0  41  82   0  92  42 126 42
 41  41 41  41 41   0  82   0  41  92  42 126 42
 41  41 41  41 41  41   0  41  41  92  42 126 42
 41  41 41  41 41  41   0  82   0 102  43 129 43
 41  41 41  41 41  41  41   0  41 102  43 129 43
 42  42 42  42 42  42   0  84   0  94   0 172 43
 42  42 42  42 42  42  42   0  42  94   0 172 43
 43  39 41  41 39  43   0  82   0 102  43 129 43
 43  41 42  42 41  43   0  84   0  94   0 172 43
 43  42 42  42  1  84   0  84  42  43   0 179 43
 43  59 51  51  0 102   0 110  43   0 113 156 52
 44  43 43  43 43  44   0  86  43   1  43 183 44
 45  43 45  44 44  45   0  88   0  89   0 187 45
 45  44 44  44 44  44   1  88   0  89   0 187 45
 45  45 52  52 45  52  52  45   0  45  52 201 49
 47  47 45  46 46   2  90  45   2  92   0 196 47
 47  47 45  46 46  45  47   2  45  92   0 196 47
 48   0 94  47 47  47  47  48   0  94   0 200 48
 48  46 48  47 47   1  93  48   0  94   0 200 48
 48  46 48  47 47  47   1  94   0  94   0 200 48
 48  46 48  47 47  47  47  48   0  48  46 200 48
 48  47 47  47  1  93  47  47   1  94   0 200 48
 48  47 47  47 47   1  47  93  47  48   0 200 48
 48  47 47  47 47   1  93  47   1  94   0 200 48
 48  47 47  47 47  47   1  47  93  48   0 200 48
 48  47 47  47 47  47   1  93   1  94   0 200 48
 48  47 47  47 47  47  47   1  47  94   0 200 48
 49  48 48  48 48   1  95  48  48   1  48 204 49
 49  48 48  48 48  48   1  95  48   1  48 204 49
 49  48 48  48 48  48  48   1  95   1  48 204 49
 49  48 48  48 48  48  48  48   1  48  48 204 49
 49  49 47  48 48  47  49  47   2  49  47 204 49
 50  50 59  50 59  50   0  50 118  50   0 220 54
 51  49 49  49 49  49  49  49  49   2  49 220 51
 51  49 50  50 49  51   0 100   0  51 110 153 51
 51  51 47  49 49  47  51  47   4  98   0 220 51
 51  51 51  51  0 102   0 102  51   0 113 156 52
 51  51 51  51  0 102  51   0 102   0 113 156 52
 51  51 51  51  0 102  51  51   0  51 113 156 52
 51  51 51  51 51   0  51 102  51   0 113 156 52
 51  51 51  51 51  51   0  51 102   0 113 156 52
 51  51 51  51 51  51   0 102   0  51 113 156 52
 51  51 51  51 51  51  51   0  51  51 113 156 52
 51  51 51  51 51  51  51  51   0  51 124 159 53
 53  51 52  52 51  53   0 103   1  52 115 159 53
 53  71 62  62  0 124   0 124  71  53   0 262 63
 53  71 62  62 62  62   0  62 133  53   0 262 63
 55  69  0 124 62  62  69  55   0 124   0 262 63
 55  69 55  69 62  62  69  55   0  69  55 262 63
 55  83 55  83 69  69  83  55   0 138   0 304 71
 58  58 65  65 65  65  65  58   0  58  65 260 63
 61  59  2 118 60  60  59  61   0 120   0 254 61
 61  59 60  60 60  60   1 119   0 120   0 254 61
 62  60 61  61 61  61  60  62   0  62  60 258 62
 62  62  0 124 62  62  62  62   0 124   0 262 63
 62  62 62  62  0 124   0 124  62  62   0 262 63
 62  62 62  62  0 124  62  62   0 124   0 262 63
 62  62 62  62 62   0  62 124  62  62   0 262 63
 62  62 62  62 62   0 124  62   0 124   0 262 63
 62  62 62  62 62   0 124  62  62   0  62 262 63
 62  62 62  62 62  62   0  62 124  62   0 262 63
 62  62 62  62 62  62   0 124   0 124   0 262 63
 62  62 62  62 62  62   0 124  62   0  62 262 63
 62  62 62  62 62  62  62   0  62 124   0 262 63
 62  62 62  62 62  62  62   0 124   0  62 262 63
 62  62 62  62 62  62  62  62   0  62  62 262 63
 62  70 78  70 70  70   0 148  62   0  70 294 71
 63  61 62  62 61  63   0 124   0 124   0 262 63
 64  66 62  62 66  64   0 126  66   0  64 270 65
 73  82 82  82 82  73   0  82 173  73   0 332 81
 92  89 91  90 90  91   1 180   0 181   0 383 92

0 extreme rays of recession cone:

51 support hyperplanes of polyhedron (homogenized):
 -11   2  2  2  2  2  2  2  2  2  2  2 -15
 -10 -10  3  3  3  3  3  3  3  3  3  3 -16
  -9  -9 -9  4  4  4  4  4  4  4  4  4 -17
  -8  -8 -8 -8  5  5  5  5  5  5  5  5 -18
  -7  -7 -7 -7 -7  6  6  6  6  6  6  6 -19
  -6  -6 -6 -6 -6 -6  7  7  7  7  7  7 -20
  -5  -5 -5 -5 -5 -5 -5  8  8  8  8  8 -21
  -4  -4 -4 -4 -4 -4 -4 -4  9  9  9  9 -22
  -3  -3 -3 -3 -3 -3 -3 -3 -3 10 10 10 -23
  -2  -2 -2 -2 -2 -2 -2 -2 -2 -2 11 11 -24
  -1  -1 -1 -1 -1 -1 -1 -1 -1 -1 -1 12 -25
  -1  -1 -1 -1 -1  1  1  1  1  1  1  0   0
  -1  -1 -1 -1  0  0  1  1  1  1  1  0   0
  -1  -1 -1 -1  0  1  1  1  1  1  0  0   0
  -1  -1 -1 -1  1  1  1  1  1  0  0  0   0
  -1  -1 -1  0  0  0  0  1  1  1  1  0   0
  -1  -1 -1  0  0  0  1  1  1  1  0  0   0
  -1  -1 -1  0  0  1  1  1  1  0  0  0   0
  -1  -1 -1  0  1  1  1  1  0  0  0  0   0
  -1  -1 -1  1  1  1  1  0  0  0  0  0   0
  -1  -1  0  0  0  0  0  0  1  1  1  0   0
  -1  -1  0  0  0  0  0  1  1  1  0  0   0
  -1  -1  0  0  0  0  1  1  1  0  0  0   0
  -1  -1  0  0  0  1  1  1  0  0  0  0   0
  -1  -1  0  0  1  1  1  0  0  0  0  0   0
  -1  -1  0  1  1  1  0  0  0  0  0  0   0
  -1  -1  1  1  1  0  0  0  0  0  0  0   0
  -1   0  0  0  0  0  0  0  0  1  1  0   0
  -1   0  0  0  0  0  0  0  1  1  0  0   0
  -1   0  0  0  0  0  0  1  1  0  0  0   0
  -1   0  0  0  0  0  1  1  0  0  0  0   0
  -1   0  0  0  0  1  1  0  0  0  0  0   0
  -1   0  0  0  1  1  0  0  0  0  0  0   0
  -1   0  0  1  1  0  0  0  0  0  0  0   0
  -1   0  1  1  0  0  0  0  0  0  0  0   0
  -1   1  1  0  0  0  0  0  0  0  0  0   0
   0   0  0 -1 -1 -1 -1  0  1  1  1  1   0
   0   0  0 -1 -1 -1  0  0  0  1  1  1   0
   0   0  0 -1 -1  0  0  0  0  0  1  1   0
   0   0  0 -1  0  0  0  0  0  0  0  1   0
   0   0  0  0  0  0  0  0  0  0  1  0   0
   0   0  0  0  0  0  0  0  0  1  0  0   0
   0   0  0  0  0  0  0  0  1  0  0  0   0
   0   0  0  0  0  0  0  1  0  0  0  0   0
   0   0  0  0  0  0  1  0  0  0  0  0   0
   0   0  0  0  0  1  0  0  0  0  0  0   0
   0   0  0  0  1  0  0  0  0  0  0  0   0
   0   0  0  1  0  0  0  0  0  0  0  0   0
   0   0  1  0  0  0  0  0  0  0  0  0   0
   0   1  0  0  0  0  0  0  0  0  0  0   0
   1   0  0  0  0  0  0  0  0  0  0  0   0

2 equations:
 1 0 -1 -2 -3 -4 -5 -6 -7 -8 -9 -10  78
 0 1  2  3  4  5  6  7  8  9 10  11 -92

11 basis elements of generated  lattice:
 1 0 0 0 0 0 0 0 0 0 -11  10 0
 0 1 0 0 0 0 0 0 0 0 -10   9 0
 0 0 1 0 0 0 0 0 0 0  -9   8 0
 0 0 0 1 0 0 0 0 0 0  -8   7 0
 0 0 0 0 1 0 0 0 0 0  -7   6 0
 0 0 0 0 0 1 0 0 0 0  -6   5 0
 0 0 0 0 0 0 1 0 0 0  -5   4 0
 0 0 0 0 0 0 0 1 0 0  -4   3 0
 0 0 0 0 0 0 0 0 1 0  -3   2 0
 0 0 0 0 0 0 0 0 0 1  -2   1 0
 0 0 0 0 0 0 0 0 0 0  62 -48 1

