307 lattice points in polytope (module generators)
0 Hilbert basis elements of recession monoid
4871 vertices of polyhedron
0 extreme rays of recession cone
50 support hyperplanes of polyhedron (homogenized)

embedding dimension = 12
affine dimension of the polyhedron = 9
rank of recession monoid = 0 (polyhedron is polytope)

dehomogenization:
0 0 0 0 0 0 0 0 0 0 0 1 


module rank = 307

***********************************************************************

307 lattice points in polytope (module generators):
 0 0 1 3 1 1 1 1 1 1 3 1
 0 0 2 1 2 1 1 1 1 1 3 1
 0 0 2 2 0 2 1 1 1 1 3 1
 0 0 2 2 1 0 2 1 1 1 3 1
 0 0 2 2 1 1 0 2 1 1 3 1
 0 0 2 2 1 1 1 0 2 1 3 1
 0 0 2 2 1 1 1 1 0 2 3 1
 0 0 2 2 1 1 1 1 1 0 4 1
 0 0 3 0 1 2 1 1 1 1 3 1
 0 0 3 0 2 0 2 1 1 1 3 1
 0 0 3 0 2 1 0 2 1 1 3 1
 0 0 3 0 2 1 1 0 2 1 3 1
 0 0 3 0 2 1 1 1 0 2 3 1
 0 0 3 0 2 1 1 1 1 0 4 1
 0 0 3 1 0 1 2 1 1 1 3 1
 0 0 3 1 0 2 0 2 1 1 3 1
 0 0 3 1 0 2 1 0 2 1 3 1
 0 0 3 1 0 2 1 1 0 2 3 1
 0 0 3 1 0 2 1 1 1 0 4 1
 0 0 3 1 1 0 1 2 1 1 3 1
 0 0 3 1 1 0 2 0 2 1 3 1
 0 0 3 1 1 0 2 1 0 2 3 1
 0 0 3 1 1 0 2 1 1 0 4 1
 0 0 3 1 1 1 0 1 2 1 3 1
 0 0 3 1 1 1 0 2 0 2 3 1
 0 0 3 1 1 1 0 2 1 0 4 1
 0 0 3 1 1 1 1 0 1 2 3 1
 0 0 3 1 1 1 1 0 2 0 4 1
 0 0 3 1 1 1 1 1 0 1 4 1
 0 1 0 2 2 1 1 1 1 1 3 1
 0 1 0 3 0 2 1 1 1 1 3 1
 0 1 0 3 1 0 2 1 1 1 3 1
 0 1 0 3 1 1 0 2 1 1 3 1
 0 1 0 3 1 1 1 0 2 1 3 1
 0 1 0 3 1 1 1 1 0 2 3 1
 0 1 0 3 1 1 1 1 1 0 4 1
 0 1 1 0 3 1 1 1 1 1 3 1
 0 1 1 1 1 2 1 1 1 1 3 1
 0 1 1 1 2 0 2 1 1 1 3 1
 0 1 1 1 2 1 0 2 1 1 3 1
 0 1 1 1 2 1 1 0 2 1 3 1
 0 1 1 1 2 1 1 1 0 2 3 1
 0 1 1 1 2 1 1 1 1 0 4 1
 0 1 1 2 0 1 2 1 1 1 3 1
 0 1 1 2 0 2 0 2 1 1 3 1
 0 1 1 2 0 2 1 0 2 1 3 1
 0 1 1 2 0 2 1 1 0 2 3 1
 0 1 1 2 0 2 1 1 1 0 4 1
 0 1 1 2 1 0 1 2 1 1 3 1
 0 1 1 2 1 0 2 0 2 1 3 1
 0 1 1 2 1 0 2 1 0 2 3 1
 0 1 1 2 1 0 2 1 1 0 4 1
 0 1 1 2 1 1 0 1 2 1 3 1
 0 1 1 2 1 1 0 2 0 2 3 1
 0 1 1 2 1 1 0 2 1 0 4 1
 0 1 1 2 1 1 1 0 1 2 3 1
 0 1 1 2 1 1 1 0 2 0 4 1
 0 1 1 2 1 1 1 1 0 1 4 1
 0 1 2 0 0 3 1 1 1 1 3 1
 0 1 2 0 1 1 2 1 1 1 3 1
 0 1 2 0 1 2 0 2 1 1 3 1
 0 1 2 0 1 2 1 0 2 1 3 1
 0 1 2 0 1 2 1 1 0 2 3 1
 0 1 2 0 1 2 1 1 1 0 4 1
 0 1 2 0 2 0 1 2 1 1 3 1
 0 1 2 0 2 0 2 0 2 1 3 1
 0 1 2 0 2 0 2 1 0 2 3 1
 0 1 2 0 2 0 2 1 1 0 4 1
 0 1 2 0 2 1 0 1 2 1 3 1
 0 1 2 0 2 1 0 2 0 2 3 1
 0 1 2 0 2 1 0 2 1 0 4 1
 0 1 2 0 2 1 1 0 1 2 3 1
 0 1 2 0 2 1 1 0 2 0 4 1
 0 1 2 0 2 1 1 1 0 1 4 1
 0 1 2 1 0 0 3 1 1 1 3 1
 0 1 2 1 0 1 1 2 1 1 3 1
 0 1 2 1 0 1 2 0 2 1 3 1
 0 1 2 1 0 1 2 1 0 2 3 1
 0 1 2 1 0 1 2 1 1 0 4 1
 0 1 2 1 0 2 0 1 2 1 3 1
 0 1 2 1 0 2 0 2 0 2 3 1
 0 1 2 1 0 2 0 2 1 0 4 1
 0 1 2 1 0 2 1 0 1 2 3 1
 0 1 2 1 0 2 1 0 2 0 4 1
 0 1 2 1 0 2 1 1 0 1 4 1
 0 1 2 1 1 0 1 1 2 1 3 1
 0 1 2 1 1 0 1 2 0 2 3 1
 0 1 2 1 1 0 1 2 1 0 4 1
 0 1 2 1 1 0 2 0 1 2 3 1
 0 1 2 1 1 0 2 0 2 0 4 1
 0 1 2 1 1 0 2 1 0 1 4 1
 0 1 2 1 1 1 0 1 1 2 3 1
 0 1 2 1 1 1 0 1 2 0 4 1
 0 1 2 1 1 1 0 2 0 1 4 1
 0 1 2 1 1 1 1 0 1 1 4 1
 0 2 0 0 2 2 1 1 1 1 3 1
 0 2 0 0 3 0 2 1 1 1 3 1
 0 2 0 0 3 1 0 2 1 1 3 1
 0 2 0 0 3 1 1 0 2 1 3 1
 0 2 0 0 3 1 1 1 0 2 3 1
 0 2 0 0 3 1 1 1 1 0 4 1
 0 2 0 1 1 1 2 1 1 1 3 1
 0 2 0 1 1 2 0 2 1 1 3 1
 0 2 0 1 1 2 1 0 2 1 3 1
 0 2 0 1 1 2 1 1 0 2 3 1
 0 2 0 1 1 2 1 1 1 0 4 1
 0 2 0 1 2 0 1 2 1 1 3 1
 0 2 0 1 2 0 2 0 2 1 3 1
 0 2 0 1 2 0 2 1 0 2 3 1
 0 2 0 1 2 0 2 1 1 0 4 1
 0 2 0 1 2 1 0 1 2 1 3 1
 0 2 0 1 2 1 0 2 0 2 3 1
 0 2 0 1 2 1 0 2 1 0 4 1
 0 2 0 1 2 1 1 0 1 2 3 1
 0 2 0 1 2 1 1 0 2 0 4 1
 0 2 0 1 2 1 1 1 0 1 4 1
 0 2 0 2 0 0 3 1 1 1 3 1
 0 2 0 2 0 1 1 2 1 1 3 1
 0 2 0 2 0 1 2 0 2 1 3 1
 0 2 0 2 0 1 2 1 0 2 3 1
 0 2 0 2 0 1 2 1 1 0 4 1
 0 2 0 2 0 2 0 1 2 1 3 1
 0 2 0 2 0 2 0 2 0 2 3 1
 0 2 0 2 0 2 0 2 1 0 4 1
 0 2 0 2 0 2 1 0 1 2 3 1
 0 2 0 2 0 2 1 0 2 0 4 1
 0 2 0 2 0 2 1 1 0 1 4 1
 0 2 0 2 1 0 1 1 2 1 3 1
 0 2 0 2 1 0 1 2 0 2 3 1
 0 2 0 2 1 0 1 2 1 0 4 1
 0 2 0 2 1 0 2 0 1 2 3 1
 0 2 0 2 1 0 2 0 2 0 4 1
 0 2 0 2 1 0 2 1 0 1 4 1
 0 2 0 2 1 1 0 1 1 2 3 1
 0 2 0 2 1 1 0 1 2 0 4 1
 0 2 0 2 1 1 0 2 0 1 4 1
 0 2 0 2 1 1 1 0 1 1 4 1
 0 2 1 0 1 1 1 2 1 1 3 1
 0 2 1 0 1 1 2 0 2 1 3 1
 0 2 1 0 1 1 2 1 0 2 3 1
 0 2 1 0 1 1 2 1 1 0 4 1
 0 2 1 0 1 2 0 1 2 1 3 1
 0 2 1 0 1 2 0 2 0 2 3 1
 0 2 1 0 1 2 0 2 1 0 4 1
 0 2 1 0 1 2 1 0 1 2 3 1
 0 2 1 0 1 2 1 0 2 0 4 1
 0 2 1 0 1 2 1 1 0 1 4 1
 0 2 1 0 2 0 1 1 2 1 3 1
 0 2 1 0 2 0 1 2 0 2 3 1
 0 2 1 0 2 0 1 2 1 0 4 1
 0 2 1 0 2 0 2 0 1 2 3 1
 0 2 1 0 2 0 2 0 2 0 4 1
 0 2 1 0 2 0 2 1 0 1 4 1
 0 2 1 0 2 1 0 1 1 2 3 1
 0 2 1 0 2 1 0 1 2 0 4 1
 0 2 1 0 2 1 0 2 0 1 4 1
 0 2 1 0 2 1 1 0 1 1 4 1
 0 2 1 1 0 1 1 1 2 1 3 1
 0 2 1 1 0 1 1 2 0 2 3 1
 0 2 1 1 0 1 1 2 1 0 4 1
 0 2 1 1 0 1 2 0 1 2 3 1
 0 2 1 1 0 1 2 0 2 0 4 1
 0 2 1 1 0 1 2 1 0 1 4 1
 0 2 1 1 0 2 0 1 1 2 3 1
 0 2 1 1 0 2 0 1 2 0 4 1
 0 2 1 1 0 2 0 2 0 1 4 1
 0 2 1 1 0 2 1 0 1 1 4 1
 0 2 1 1 1 0 1 1 1 2 3 1
 0 2 1 1 1 0 1 1 2 0 4 1
 0 2 1 1 1 0 1 2 0 1 4 1
 0 2 1 1 1 0 2 0 1 1 4 1
 0 2 1 1 1 1 0 1 1 1 4 1
 1 0 1 0 2 2 1 1 1 1 3 1
 1 0 1 0 3 0 2 1 1 1 3 1
 1 0 1 0 3 1 0 2 1 1 3 1
 1 0 1 0 3 1 1 0 2 1 3 1
 1 0 1 0 3 1 1 1 0 2 3 1
 1 0 1 0 3 1 1 1 1 0 4 1
 1 0 1 1 0 3 1 1 1 1 3 1
 1 0 1 1 1 1 2 1 1 1 3 1
 1 0 1 1 1 2 0 2 1 1 3 1
 1 0 1 1 1 2 1 0 2 1 3 1
 1 0 1 1 1 2 1 1 0 2 3 1
 1 0 1 1 1 2 1 1 1 0 4 1
 1 0 1 1 2 0 1 2 1 1 3 1
 1 0 1 1 2 0 2 0 2 1 3 1
 1 0 1 1 2 0 2 1 0 2 3 1
 1 0 1 1 2 0 2 1 1 0 4 1
 1 0 1 1 2 1 0 1 2 1 3 1
 1 0 1 1 2 1 0 2 0 2 3 1
 1 0 1 1 2 1 0 2 1 0 4 1
 1 0 1 1 2 1 1 0 1 2 3 1
 1 0 1 1 2 1 1 0 2 0 4 1
 1 0 1 1 2 1 1 1 0 1 4 1
 1 0 1 2 0 1 1 2 1 1 3 1
 1 0 1 2 0 1 2 0 2 1 3 1
 1 0 1 2 0 1 2 1 0 2 3 1
 1 0 1 2 0 1 2 1 1 0 4 1
 1 0 1 2 0 2 0 1 2 1 3 1
 1 0 1 2 0 2 0 2 0 2 3 1
 1 0 1 2 0 2 0 2 1 0 4 1
 1 0 1 2 0 2 1 0 1 2 3 1
 1 0 1 2 0 2 1 0 2 0 4 1
 1 0 1 2 0 2 1 1 0 1 4 1
 1 0 1 2 1 0 1 1 2 1 3 1
 1 0 1 2 1 0 1 2 0 2 3 1
 1 0 1 2 1 0 1 2 1 0 4 1
 1 0 1 2 1 0 2 0 1 2 3 1
 1 0 1 2 1 0 2 0 2 0 4 1
 1 0 1 2 1 0 2 1 0 1 4 1
 1 0 1 2 1 1 0 1 1 2 3 1
 1 0 1 2 1 1 0 1 2 0 4 1
 1 0 1 2 1 1 0 2 0 1 4 1
 1 0 1 2 1 1 1 0 1 1 4 1
 1 0 2 0 1 0 3 1 1 1 3 1
 1 0 2 0 1 1 1 2 1 1 3 1
 1 0 2 0 1 1 2 0 2 1 3 1
 1 0 2 0 1 1 2 1 0 2 3 1
 1 0 2 0 1 1 2 1 1 0 4 1
 1 0 2 0 1 2 0 1 2 1 3 1
 1 0 2 0 1 2 0 2 0 2 3 1
 1 0 2 0 1 2 0 2 1 0 4 1
 1 0 2 0 1 2 1 0 1 2 3 1
 1 0 2 0 1 2 1 0 2 0 4 1
 1 0 2 0 1 2 1 1 0 1 4 1
 1 0 2 0 2 0 1 1 2 1 3 1
 1 0 2 0 2 0 1 2 0 2 3 1
 1 0 2 0 2 0 1 2 1 0 4 1
 1 0 2 0 2 0 2 0 1 2 3 1
 1 0 2 0 2 0 2 0 2 0 4 1
 1 0 2 0 2 0 2 1 0 1 4 1
 1 0 2 0 2 1 0 1 1 2 3 1
 1 0 2 0 2 1 0 1 2 0 4 1
 1 0 2 0 2 1 0 2 0 1 4 1
 1 0 2 0 2 1 1 0 1 1 4 1
 1 0 2 1 0 1 1 1 2 1 3 1
 1 0 2 1 0 1 1 2 0 2 3 1
 1 0 2 1 0 1 1 2 1 0 4 1
 1 0 2 1 0 1 2 0 1 2 3 1
 1 0 2 1 0 1 2 0 2 0 4 1
 1 0 2 1 0 1 2 1 0 1 4 1
 1 0 2 1 0 2 0 1 1 2 3 1
 1 0 2 1 0 2 0 1 2 0 4 1
 1 0 2 1 0 2 0 2 0 1 4 1
 1 0 2 1 0 2 1 0 1 1 4 1
 1 0 2 1 1 0 1 1 1 2 3 1
 1 0 2 1 1 0 1 1 2 0 4 1
 1 0 2 1 1 0 1 2 0 1 4 1
 1 0 2 1 1 0 2 0 1 1 4 1
 1 0 2 1 1 1 0 1 1 1 4 1
 1 1 0 1 1 0 3 1 1 1 3 1
 1 1 0 1 1 1 1 2 1 1 3 1
 1 1 0 1 1 1 2 0 2 1 3 1
 1 1 0 1 1 1 2 1 0 2 3 1
 1 1 0 1 1 1 2 1 1 0 4 1
 1 1 0 1 1 2 0 1 2 1 3 1
 1 1 0 1 1 2 0 2 0 2 3 1
 1 1 0 1 1 2 0 2 1 0 4 1
 1 1 0 1 1 2 1 0 1 2 3 1
 1 1 0 1 1 2 1 0 2 0 4 1
 1 1 0 1 1 2 1 1 0 1 4 1
 1 1 0 1 2 0 1 1 2 1 3 1
 1 1 0 1 2 0 1 2 0 2 3 1
 1 1 0 1 2 0 1 2 1 0 4 1
 1 1 0 1 2 0 2 0 1 2 3 1
 1 1 0 1 2 0 2 0 2 0 4 1
 1 1 0 1 2 0 2 1 0 1 4 1
 1 1 0 1 2 1 0 1 1 2 3 1
 1 1 0 1 2 1 0 1 2 0 4 1
 1 1 0 1 2 1 0 2 0 1 4 1
 1 1 0 1 2 1 1 0 1 1 4 1
 1 1 0 2 0 1 1 1 2 1 3 1
 1 1 0 2 0 1 1 2 0 2 3 1
 1 1 0 2 0 1 1 2 1 0 4 1
 1 1 0 2 0 1 2 0 1 2 3 1
 1 1 0 2 0 1 2 0 2 0 4 1
 1 1 0 2 0 1 2 1 0 1 4 1
 1 1 0 2 0 2 0 1 1 2 3 1
 1 1 0 2 0 2 0 1 2 0 4 1
 1 1 0 2 0 2 0 2 0 1 4 1
 1 1 0 2 0 2 1 0 1 1 4 1
 1 1 0 2 1 0 1 1 1 2 3 1
 1 1 0 2 1 0 1 1 2 0 4 1
 1 1 0 2 1 0 1 2 0 1 4 1
 1 1 0 2 1 0 2 0 1 1 4 1
 1 1 0 2 1 1 0 1 1 1 4 1
 1 1 1 0 1 1 1 1 2 1 3 1
 1 1 1 0 1 1 1 2 0 2 3 1
 1 1 1 0 1 1 1 2 1 0 4 1
 1 1 1 0 1 1 2 0 1 2 3 1
 1 1 1 0 1 1 2 0 2 0 4 1
 1 1 1 0 1 1 2 1 0 1 4 1
 1 1 1 0 1 2 0 1 1 2 3 1
 1 1 1 0 1 2 0 1 2 0 4 1
 1 1 1 0 1 2 0 2 0 1 4 1
 1 1 1 0 1 2 1 0 1 1 4 1
 1 1 1 0 2 0 1 1 1 2 3 1
 1 1 1 0 2 0 1 1 2 0 4 1
 1 1 1 0 2 0 1 2 0 1 4 1
 1 1 1 0 2 0 2 0 1 1 4 1
 1 1 1 0 2 1 0 1 1 1 4 1
 1 1 1 1 0 1 1 1 1 2 3 1
 1 1 1 1 0 1 1 1 2 0 4 1
 1 1 1 1 0 1 1 2 0 1 4 1
 1 1 1 1 0 1 2 0 1 1 4 1
 1 1 1 1 0 2 0 1 1 1 4 1
 1 1 1 1 1 0 1 1 1 1 4 1

0 Hilbert basis elements of recession monoid:

4871 vertices of polyhedron:
  0   0   1   3   1   1   1   1   1   1   3  1
  0   0   2   2   0   2   1   1   1   1   3  1
  0   0   2   2   1   0   2   1   1   1   3  1
  0   0   2   2   1   1   0   2   1   1   3  1
  0   0   2   2   1   1   1   0   2   1   3  1
  0   0   2   2   1   1   1   1   0   2   3  1
  0   0   2   2   1   1   1   1   1   0   4  1
  0   0   3   0   1   2   1   1   1   1   3  1
  0   0   3   0   2   0   2   1   1   1   3  1
  0   0   3   0   2   1   0   2   1   1   3  1
  0   0   3   0   2   1   1   0   2   1   3  1
  0   0   3   0   2   1   1   1   0   2   3  1
  0   0   3   0   2   1   1   1   1   0   4  1
  0   0   3   1   0   1   2   1   1   1   3  1
  0   0   3   1   0   2   0   2   1   1   3  1
  0   0   3   1   0   2   1   0   2   1   3  1
  0   0   3   1   0   2   1   1   0   2   3  1
  0   0   3   1   0   2   1   1   1   0   4  1
  0   0   3   1   1   0   1   2   1   1   3  1
  0   0   3   1   1   0   2   0   2   1   3  1
  0   0   3   1   1   0   2   1   0   2   3  1
  0   0   3   1   1   0   2   1   1   0   4  1
  0   0   3   1   1   1   0   1   2   1   3  1
  0   0   3   1   1   1   0   2   0   2   3  1
  0   0   3   1   1   1   0   2   1   0   4  1
  0   0   3   1   1   1   1   0   1   2   3  1
  0   0   3   1   1   1   1   0   2   0   4  1
  0   0   3   1   1   1   1   1   0   1   4  1
  0   0   5   0   5   2   2   2   2   2   6  2
  0   0   6   1   0   5   2   2   2   2   6  2
  0   0   6   2   1   0   5   2   2   2   6  2
  0   0   8   4   3   3   2   0   7   3   9  3
  0   0   9   2   4   3   2   0   7   3   9  3
  0   0  11   4   5   4   4   4   3   0  17  4
  0   0  11   5   3   5   4   4   3   0  17  4
  0   0  12   3   5   3   5   4   3   0  17  4
  0   0  12   4   3   4   5   4   3   0  17  4
  0   0  14   6   5   3   0  12   5   5  15  5
  0   0  19   8   8   7   7   5   0  16  21  7
  0   0  21   6   6   9   7   5   0  16  21  7
  0   1   0   2   2   1   1   1   1   1   3  1
  0   1   0   3   0   2   1   1   1   1   3  1
  0   1   0   3   1   0   2   1   1   1   3  1
  0   1   0   3   1   1   0   2   1   1   3  1
  0   1   0   3   1   1   1   0   2   1   3  1
  0   1   0   3   1   1   1   1   0   2   3  1
  0   1   0   3   1   1   1   1   1   0   4  1
  0   1   1   0   3   1   1   1   1   1   3  1
  0   1   2   0   0   3   1   1   1   1   3  1
  0   1   2   0   2   0   1   2   1   1   3  1
  0   1   2   0   2   0   2   0   2   1   3  1
  0   1   2   0   2   0   2   1   0   2   3  1
  0   1   2   0   2   0   2   1   1   0   4  1
  0   1   2   0   2   1   0   2   0   2   3  1
  0   1   2   0   2   1   0   2   1   0   4  1
  0   1   2   0   2   1   1   0   1   2   3  1
  0   1   2   0   2   1   1   0   2   0   4  1
  0   1   2   0   2   1   1   1   0   1   4  1
  0   1   2   1   0   0   3   1   1   1   3  1
  0   1   2   1   0   2   0   1   2   1   3  1
  0   1   2   1   0   2   0   2   0   2   3  1
  0   1   2   1   0   2   0   2   1   0   4  1
  0   1   2   1   0   2   1   0   1   2   3  1
  0   1   2   1   0   2   1   0   2   0   4  1
  0   1   2   1   0   2   1   1   0   1   4  1
  0   1   2   1   1   0   1   1   2   1   3  1
  0   1   2   1   1   0   1   2   0   2   3  1
  0   1   2   1   1   0   1   2   1   0   4  1
  0   1   2   1   1   0   2   0   1   2   3  1
  0   1   2   1   1   0   2   0   2   0   4  1
  0   1   2   1   1   0   2   1   0   1   4  1
  0   1   2   1   1   1   0   1   1   2   3  1
  0   1   2   1   1   1   0   1   2   0   4  1
  0   1   2   1   1   1   0   2   0   1   4  1
  0   1   2   1   1   1   1   0   1   1   4  1
  0   2   0   0   2   2   1   1   1   1   3  1
  0   2   0   0   3   0   2   1   1   1   3  1
  0   2   0   0   3   1   0   2   1   1   3  1
  0   2   0   0   3   1   1   0   2   1   3  1
  0   2   0   0   3   1   1   1   0   2   3  1
  0   2   0   0   3   1   1   1   1   0   4  1
  0   2   0   1   1   2   0   2   1   1   3  1
  0   2   0   1   1   2   1   0   2   1   3  1
  0   2   0   1   1   2   1   1   0   2   3  1
  0   2   0   1   1   2   1   1   1   0   4  1
  0   2   0   1   2   0   2   0   2   1   3  1
  0   2   0   1   2   0   2   1   0   2   3  1
  0   2   0   1   2   0   2   1   1   0   4  1
  0   2   0   1   2   1   0   1   2   1   3  1
  0   2   0   1   2   1   0   2   0   2   3  1
  0   2   0   1   2   1   0   2   1   0   4  1
  0   2   0   1   2   1   1   0   1   2   3  1
  0   2   0   1   2   1   1   0   2   0   4  1
  0   2   0   1   2   1   1   1   0   1   4  1
  0   2   0   2   0   0   3   1   1   1   3  1
  0   2   0   2   0   1   1   2   1   1   3  1
  0   2   0   2   0   1   2   0   2   1   3  1
  0   2   0   2   0   1   2   1   0   2   3  1
  0   2   0   2   0   1   2   1   1   0   4  1
  0   2   0   2   0   2   0   1   2   1   3  1
  0   2   0   2   0   2   0   2   0   2   3  1
  0   2   0   2   0   2   0   2   1   0   4  1
  0   2   0   2   0   2   1   0   1   2   3  1
  0   2   0   2   0   2   1   0   2   0   4  1
  0   2   0   2   0   2   1   1   0   1   4  1
  0   2   0   2   1   0   1   1   2   1   3  1
  0   2   0   2   1   0   1   2   0   2   3  1
  0   2   0   2   1   0   1   2   1   0   4  1
  0   2   0   2   1   0   2   0   1   2   3  1
  0   2   0   2   1   0   2   0   2   0   4  1
  0   2   0   2   1   0   2   1   0   1   4  1
  0   2   0   2   1   1   0   1   1   2   3  1
  0   2   0   2   1   1   0   1   2   0   4  1
  0   2   0   2   1   1   0   2   0   1   4  1
  0   2   0   2   1   1   1   0   1   1   4  1
  0   2   1   0   1   1   1   2   1   1   3  1
  0   2   1   0   1   1   2   0   2   1   3  1
  0   2   1   0   1   1   2   1   0   2   3  1
  0   2   1   0   1   1   2   1   1   0   4  1
  0   2   1   0   1   2   0   1   2   1   3  1
  0   2   1   0   1   2   0   2   0   2   3  1
  0   2   1   0   1   2   0   2   1   0   4  1
  0   2   1   0   1   2   1   0   1   2   3  1
  0   2   1   0   1   2   1   0   2   0   4  1
  0   2   1   0   1   2   1   1   0   1   4  1
  0   2   1   0   2   0   1   1   2   1   3  1
  0   2   1   0   2   0   1   2   0   2   3  1
  0   2   1   0   2   0   1   2   1   0   4  1
  0   2   1   0   2   0   2   0   1   2   3  1
  0   2   1   0   2   0   2   0   2   0   4  1
  0   2   1   0   2   0   2   1   0   1   4  1
  0   2   1   0   2   1   0   1   1   2   3  1
  0   2   1   0   2   1   0   1   2   0   4  1
  0   2   1   0   2   1   0   2   0   1   4  1
  0   2   1   0   2   1   1   0   1   1   4  1
  0   2   1   1   0   1   1   1   2   1   3  1
  0   2   1   1   0   1   1   2   0   2   3  1
  0   2   1   1   0   1   1   2   1   0   4  1
  0   2   1   1   0   1   2   0   1   2   3  1
  0   2   1   1   0   1   2   0   2   0   4  1
  0   2   1   1   0   1   2   1   0   1   4  1
  0   2   1   1   0   2   0   1   1   2   3  1
  0   2   1   1   0   2   0   1   2   0   4  1
  0   2   1   1   0   2   0   2   0   1   4  1
  0   2   1   1   0   2   1   0   1   1   4  1
  0   2   1   1   1   0   1   1   1   2   3  1
  0   2   1   1   1   0   1   1   2   0   4  1
  0   2   1   1   1   0   1   2   0   1   4  1
  0   2   1   1   1   0   2   0   1   1   4  1
  0   2   1   1   1   1   0   1   1   1   4  1
  0   3   0   1   6   2   2   2   2   2   6  2
  0   3   0   5   0   4   0   4   2   2   6  2
  0   3   0   5   0   4   2   0   4   2   6  2
  0   3   0   5   0   4   2   2   0   4   6  2
  0   3   0   5   0   4   2   2   2   0   8  2
  0   3   0   5   2   0   4   0   4   2   6  2
  0   3   0   5   2   0   4   2   0   4   6  2
  0   3   0   5   2   0   4   2   2   0   8  2
  0   3   0   5   2   1   0   5   2   2   6  2
  0   3   0   5   2   2   0   4   0   4   6  2
  0   3   0   5   2   2   0   4   2   0   8  2
  0   3   0   5   2   2   1   0   5   2   6  2
  0   3   0   5   2   2   2   0   2   4   6  2
  0   3   0   5   2   2   2   0   4   0   8  2
  0   3   0   5   2   2   2   2   0   2   8  2
  0   3   2   1   0   6   2   2   2   2   6  2
  0   3   2   2   3   2   2   2   0   1   9  2
  0   3   2   3   0   4   2   2   1   0   9  2
  0   3   2   3   1   3   2   2   0   1   9  2
  0   3   2   3   2   0   3   0   5   2   6  2
  0   3   2   3   2   2   1   0   3   4   6  2
  0   3   2   3   2   2   1   0   5   0   8  2
  0   3   3   0   0   5   3   2   2   2   6  2
  0   3   3   0   0   6   1   3   2   2   6  2
  0   3   3   0   0   6   2   1   3   2   6  2
  0   3   3   0   0   6   2   2   1   3   6  2
  0   3   3   0   0   6   2   2   2   1   7  2
  0   3   3   0   3   3   2   1   0   5   6  2
  0   3   3   0   4   1   3   2   1   0   9  2
  0   3   3   0   4   2   0   1   5   2   6  2
  0   3   3   1   3   0   3   0   5   2   6  2
  0   3   3   1   3   0   4   2   1   0   9  2
  0   3   3   1   3   1   3   2   0   1   9  2
  0   3   3   1   3   2   1   0   3   4   6  2
  0   3   3   1   3   2   1   0   5   0   8  2
  0   3   3   2   0   1   3   4   2   2   6  2
  0   3   3   2   0   1   5   0   4   2   6  2
  0   3   3   2   0   1   5   2   0   4   6  2
  0   3   3   2   0   1   5   2   2   0   8  2
  0   3   3   2   0   3   3   2   1   0   9  2
  0   3   3   2   1   2   3   2   0   1   9  2
  0   4   0   3   3   0   1   5   2   2   6  2
  0   4   0   3   3   2   1   3   1   0   9  2
  0   4   0   4   0   4   1   0   5   2   6  2
  0   4   0   4   1   0   3   4   2   2   6  2
  0   4   0   4   1   0   5   0   4   2   6  2
  0   4   0   4   1   0   5   2   0   4   6  2
  0   4   0   4   1   0   5   2   2   0   8  2
  0   4   0   4   1   3   0   1   5   2   6  2
  0   4   0   4   1   3   1   3   1   0   9  2
  0   4   1   0   3   4   0   4   2   2   6  2
  0   4   1   0   3   4   2   0   4   2   6  2
  0   4   1   0   3   4   2   2   0   4   6  2
  0   4   1   0   3   4   2   2   2   0   8  2
  0   4   1   0   4   0   5   2   2   2   6  2
  0   4   1   0   5   0   4   0   4   2   6  2
  0   4   1   0   5   0   4   2   0   4   6  2
  0   4   1   0   5   0   4   2   2   0   8  2
  0   4   1   0   5   2   0   2   4   2   6  2
  0   4   1   0   5   2   0   4   0   4   6  2
  0   4   1   0   5   2   0   4   2   0   8  2
  0   4   1   0   5   2   2   0   2   4   6  2
  0   4   1   0   5   2   2   0   4   0   8  2
  0   4   1   0   5   2   2   2   0   2   8  2
  0   4   1   2   3   2   0   4   1   0   9  2
  0   4   1   2   3   2   1   3   0   1   9  2
  0   4   1   3   0   1   3   4   2   2   6  2
  0   4   1   3   0   1   5   0   4   2   6  2
  0   4   1   3   0   1   5   2   0   4   6  2
  0   4   1   3   0   1   5   2   2   0   8  2
  0   4   1   3   0   4   0   1   5   2   6  2
  0   4   1   3   0   4   1   3   1   0   9  2
  0   4   1   3   1   3   0   4   1   0   9  2
  0   4   1   3   1   3   1   0   3   4   6  2
  0   4   1   3   1   3   1   0   5   0   8  2
  0   4   1   3   1   3   1   3   0   1   9  2
  0   4   2   0   2   4   1   0   5   2   6  2
  0   4   2   0   3   2   3   1   0   5   6  2
  0   4   2   0   3   3   0   1   5   2   6  2
  0   4   2   0   4   1   2   3   1   0   9  2
  0   4   2   1   1   4   0   1   5   2   6  2
  0   4   2   1   2   1   3   0   5   2   6  2
  0   4   2   1   2   3   1   0   3   4   6  2
  0   4   2   1   2   3   1   0   5   0   8  2
  0   4   2   1   3   0   3   3   1   0   9  2
  0   4   2   1   3   1   1   4   1   0   9  2
  0   4   2   1   3   1   2   3   0   1   9  2
  0   4   2   2   0   3   2   3   1   0   9  2
  0   4   2   2   1   1   3   3   1   0   9  2
  0   4   2   2   1   2   1   4   1   0   9  2
  0   4   2   2   1   2   2   3   0   1   9  2
  0   4   3   4   4   3   3   1   0   8   9  3
  0   4   3   5   3   3   0   1   8   3   9  3
  0   4   5   0   4   0   8   3   3   3   9  3
  0   4   5   0   6   3   1   0   8   3   9  3
  0   4   5   1   5   3   0   1   8   3   9  3
  0   4   5   2   2   5   3   1   0   8   9  3
  0   4   5   3   1   0   5   6   3   3   9  3
  0   4   5   3   1   0   8   0   6   3   9  3
  0   4   5   3   1   0   8   3   0   6   9  3
  0   4   5   3   1   0   8   3   3   0  12  3
  0   5   0   5   0   8   3   3   3   3   9  3
  0   5   0   7   3   0   2   7   3   3   9  3
  0   5   0   7   3   3   0   2   7   3   9  3
  0   5   3   3   4   3   3   2   0   3  13  3
  0   5   3   4   0   6   3   3   0   2  13  3
  0   5   3   4   3   3   0   2   4   6   9  3
  0   5   3   4   3   3   0   2   7   0  12  3
  0   5   4   0   1   8   0   6   3   3   9  3
  0   5   4   0   1   8   3   0   6   3   9  3
  0   5   4   0   1   8   3   3   0   6   9  3
  0   5   4   0   1   8   3   3   3   0  12  3
  0   5   4   0   5   0   4   6   3   3   9  3
  0   5   4   0   5   0   7   0   6   3   9  3
  0   5   4   0   5   0   7   3   0   6   9  3
  0   5   4   0   5   0   7   3   3   0  12  3
  0   5   4   0   5   4   3   0   2   7   9  3
  0   5   4   0   6   0   5   0   7   3   9  3
  0   5   4   0   6   0   6   3   2   0  13  3
  0   5   4   0   6   2   4   3   0   2  13  3
  0   5   4   0   6   3   2   0   4   6   9  3
  0   5   4   0   6   3   2   0   7   0  12  3
  0   5   4   1   0   4   7   3   3   3   9  3
  0   5   4   2   4   0   3   2   7   3   9  3
  0   5   4   2   4   0   6   3   0   2  13  3
  0   5   4   2   4   3   0   2   4   6   9  3
  0   5   4   2   4   3   0   2   7   0  12  3
  0   5   4   3   0   5   4   3   0   2  13  3
  0   5   4   3   2   0   4   3   6   3   9  3
  0   5   4   3   2   0   4   6   0   6   9  3
  0   5   4   3   2   0   4   6   3   0  12  3
  0   5   4   3   2   0   7   0   3   6   9  3
  0   5   4   3   2   0   7   0   6   0  12  3
  0   5   4   7   4   4   1   0  11   4  12  4
  0   5   7   1   7   4   1   0  11   4  12  4
  0   6   0   4   5   1   0   8   3   3   9  3
  0   6   0   5   1   5   0   7   3   3   9  3
  0   6   0   5   4   2   0   4   6   3   9  3
  0   6   0   5   4   2   0   7   0   6   9  3
  0   6   0   5   4   2   0   7   3   0  12  3
  0   6   0   5   4   3   0   6   2   0  13  3
  0   6   0   5   4   3   2   4   0   2  13  3
  0   6   0   6   0   6   2   4   2   0  13  3
  0   6   0   6   1   5   1   0   8   3   9  3
  0   6   0   6   2   4   0   6   2   0  13  3
  0   6   0   6   2   4   2   0   4   6   9  3
  0   6   0   6   2   4   2   0   7   0  12  3
  0   6   0   6   2   4   2   4   0   2  13  3
  0   6   1   4   4   1   5   1   0   8   9  3
  0   6   1   5   0   6   1   0   8   3   9  3
  0   6   1   5   1   0   5   6   3   3   9  3
  0   6   1   5   1   0   8   0   6   3   9  3
  0   6   1   5   1   0   8   3   0   6   9  3
  0   6   1   5   1   0   8   3   3   0  12  3
  0   6   1   5   1   5   0   1   8   3   9  3
  0   6   2   0   4   2   7   3   3   3   9  3
  0   6   2   0   7   1   0   8   3   3   9  3
  0   6   2   3   4   2   0   6   0   7   9  3
  0   6   2   3   4   3   0   6   0   2  13  3
  0   6   2   4   0   6   0   6   2   0  13  3
  0   6   2   4   0   6   2   0   4   6   9  3
  0   6   2   4   0   6   2   0   7   0  12  3
  0   6   2   4   0   6   2   4   0   2  13  3
  0   6   2   4   2   0   4   6   0   6   9  3
  0   6   2   4   2   0   4   6   3   0  12  3
  0   6   2   4   2   0   6   4   2   0  13  3
  0   6   2   4   2   0   7   0   3   6   9  3
  0   6   2   4   2   0   7   0   6   0  12  3
  0   6   2   4   2   0   7   3   0   3  12  3
  0   6   2   4   2   4   0   2   4   6   9  3
  0   6   2   4   2   4   0   2   7   0  12  3
  0   6   2   4   2   4   0   6   0   2  13  3
  0   6   2   4   2   4   2   0   6   0  13  3
  0   6   3   0   3   5   4   2   0   7   9  3
  0   6   3   0   4   5   1   0   8   3   9  3
  0   6   3   0   5   1   5   0   7   3   9  3
  0   6   3   0   5   1   6   2   0   7   9  3
  0   6   3   0   5   3   4   0   2   7   9  3
  0   6   3   0   5   4   2   0   4   6   9  3
  0   6   3   0   5   4   2   0   7   0  12  3
  0   6   3   0   6   0   5   4   2   0  13  3
  0   6   3   0   6   2   1   6   2   0  13  3
  0   6   3   0   6   2   3   4   0   2  13  3
  0   6   3   1   2   6   1   0   8   3   9  3
  0   6   3   1   3   5   0   1   8   3   9  3
  0   6   3   2   1   3   5   0   7   3   9  3
  0   6   3   2   1   6   2   0   4   6   9  3
  0   6   3   2   1   6   2   0   7   0  12  3
  0   6   3   2   2   3   5   1   0   8   9  3
  0   6   3   2   3   1   3   2   7   3   9  3
  0   6   3   2   3   3   3   0   3   7   9  3
  0   6   3   2   3   4   0   2   4   6   9  3
  0   6   3   2   3   4   0   2   7   0  12  3
  0   6   3   2   4   0   3   6   2   0  13  3
  0   6   3   2   4   0   5   4   0   2  13  3
  0   6   3   2   4   2   1   6   0   2  13  3
  0   6   3   3   0   3   5   4   2   0  13  3
  0   6   3   3   0   5   1   6   2   0  13  3
  0   6   3   3   0   5   3   4   0   2  13  3
  0   6   3   3   2   1   3   6   2   0  13  3
  0   6   3   3   2   1   5   4   0   2  13  3
  0   6   3   3   2   3   1   6   0   2  13  3
  0   6   5   0   1  12   4   4   4   4  12  4
  0   6   5   5   4   2   0   5   9   4  12  4
  0   6   6   3   0   9   4   2   0  10  12  4
  0   6   7   7   5   0   1  14   5   5  15  5
  0   7   0   8   5   4   4   4   0   3  17  4
  0   7   0   9   0   7   0   9   4   4  12  4
  0   7   0   9   0   8   4   4   3   0  17  4
  0   7   0   9   3   5   4   4   0   3  17  4
  0   7   0   9   4   0   7   0   9   4  12  4
  0   7   0   9   4   3   0   9   0   8  12  4
  0   7   0   9   4   3   0   9   4   0  16  4
  0   7   0   9   4   4   3   0   5   8  12  4
  0   7   0   9   4   4   3   0   9   0  16  4
  0   7   4   0   9   4   4   0   3   9  12  4
  0   7   4   0   9   4   4   4   0   3  17  4
  0   7   4   3   0  10   4   4   3   0  17  4
  0   7   4   5   0   8   4   0   7   0  17  4
  0   7   4   5   3   5   4   0   4   3  17  4
  0   7   4   5   4   0   3   4   9   4  12  4
  0   7   4   5   4   0   7   0   5   8  12  4
  0   7   4   5   4   0   7   0   9   0  16  4
  0   7   4   5   4   4   3   0   5   4  16  4
  0   7   5   0   2   5   9   4   4   4  12  4
  0   7   5   0   7   5   0   7   0   9  12  4
  0   7   5   0   7   5   4   3   0   5  16  4
  0   7   5   0   8   3   5   0   7   0  17  4
  0   7   5   2   0   9   5   4   3   0  17  4
  0   7   5   3   5   0   7   0   5   8  12  4
  0   7   5   3   5   0   7   0   9   0  16  4
  0   7   5   3   5   0   8   0   7   0  17  4
  0   7   5   3   5   3   5   0   4   3  17  4
  0   7   5   3   5   4   3   0   5   4  16  4
  0   7   5   4   0   3   9   4   3   0  17  4
  0   7   5   4   0   7   5   0   7   0  17  4
  0   7   5   4   3   0   9   4   0   3  17  4
  0   7   5   4   3   4   5   0   4   3  17  4
  0   7   5   5   8   5   5   5   2   0  23  5
  0   7   5   8   2   8   5   5   2   0  23  5
  0   7   8   2   8   2   8   5   2   0  23  5
  0   7   8   5   2   5   8   5   2   0  23  5
  0   8   0   7   5   0   7   5   3   0  17  4
  0   8   0   7   5   4   3   1   7   0  17  4
  0   8   0   8   3   0   8   0   9   4  12  4
  0   8   0  10   7   5   5   5   3   0  22  5
  0   8   0  12   3   7   5   5   3   0  22  5
  0   8   1   7   1   7   1   0  11   4  12  4
  0   8   3   0   8   0   9   0   8   4  12  4
  0   8   3   0   8   0   9   4   0   8  12  4
  0   8   3   0   8   0   9   4   4   0  16  4
  0   8   3   0   9   0   2  10   4   4  12  4
  0   8   3   0   9   0   8   3   0   9  12  4
  0   8   3   0   9   3   5   0   3   9  12  4
  0   8   3   0   9   4   0   8   3   0  17  4
  0   8   3   0   9   4   3   5   0   3  17  4
  0   8   3   4   4   0   9   2   0  10  12  4
  0   8   3   4   5   4   0   4   7   0  17  4
  0   8   3   4   5   4   3   1   4   3  17  4
  0   8   3   5   0   3   8   0   9   4  12  4
  0   8   3   5   3   0   5   3   9   4  12  4
  0   8   4   0   4   7   4   5   3   0  17  4
  0   8   4   0   7   4   1   7   0   9  12  4
  0   8   4   0   7   4   5   3   0   5  16  4
  0   8   4   0   8   3   4   1   7   0  17  4
  0   8   4   1   4   7   1   0  11   4  12  4
  0   8   4   3   4   1   7   0   9   0  16  4
  0   8   4   3   4   5   3   0   5   4  16  4
  0   8   4   3   5   0   7   1   7   0  17  4
  0   8   4   3   5   3   1   4   7   0  17  4
  0   8   4   3   5   3   4   1   4   3  17  4
  0   8   4   4   0   7   4   1   7   0  17  4
  0   8   4   4   3   1   7   1   7   0  17  4
  0   8   4   4   3   4   1   4   7   0  17  4
  0   8   4   4   3   4   4   1   4   3  17  4
  0   8   5   0  12   5   5   3   0  12  15  5
  0   8   5   0  12   5   5   5   3   0  22  5
  0   8   5   5   7   5   5   0   8   0  22  5
  0   8   5   6   6   5   5   3   0   6  21  5
  0   8   5   7   3   7   5   0   8   0  22  5
  0   8   5   7   5   3   0   5  12   5  15  5
  0   8   6   5   6   5   3   0  11   0  21  5
  0   8   6   6   5   0   3  12   0  10  15  5
  0   8   6   6   5   0   3  12   5   0  20  5
  0   8   7   1   0  14   0  10   5   5  15  5
  0   8   7   1   0  14   5   0  10   5  15  5
  0   8   7   1   0  14   5   5   0  10  15  5
  0   8   7   1   0  14   5   5   5   0  20  5
  0   8   7   3   7   3   7   0   8   0  22  5
  0   8   7   5   3   0  12   5   3   0  22  5
  0   8   7   5   3   5   7   0   8   0  22  5
  0   8  10  10   7   1   0  20   7   7  21  7
  0   9   0  10   6   0  10   5   4   0  21  5
  0   9   0  10   6   5   5   0   9   0  21  5
  0   9   0  11   4   6   5   0   9   0  21  5
  0   9   0  11   5   4   0   5  11   5  15  5
  0   9   0  33  11  11  12  12  11  11  33 11
  0   9   0  33  11  13  10  10  13  11  33 11
  0   9   0  33  13   9  12  12   9  13  33 11
  0   9   0  33  13  11  10  10  11  13  33 11
  0   9   0  35   9  11  12  12  11   9  35 11
  0   9   0  35   9  13  10  10  13   9  35 11
  0   9   0  35  11   9  12  12   9  11  35 11
  0   9   0  35  11  11  10  10  11  11  35 11
  0   9   4   6   6   4   6   3   0   6  21  5
  0   9   5   0  11   5   0   9   0  11  15  5
  0   9   5   0  11   5   5   0   9   0  21  5
  0   9   5   5   6   5   5   0   4   5  21  5
  0   9   5   6   5   4   0   5   6  10  15  5
  0   9   5   6   5   4   0   5  11   0  20  5
  0   9   6   0   3  12   5   4   0  11  15  5
  0   9   6   0   9   0  11   4   0  11  15  5
  0   9   6   0   9   0  11   5   4   0  21  5
  0   9   6   3   0  12   0  10   0  10  15  5
  0   9   6   3   0  12   0  10   5   0  20  5
  0   9   6   3   0  12   5   0  10   0  20  5
  0   9   6   3   0  12   5   5   0   5  20  5
  0   9   6   4   4   6   6   3   0   6  21  5
  0   9   6   5   4   0   6  10   4   0  21  5
  0   9   6   5   4   0  11   0   9   0  21  5
  0  10   0   9   6   0  10   3   0  12  15  5
  0  10   0   9   6   3   7   0   3  12  15  5
  0  10   0   9   6   4   0  10   0  11  15  5
  0  10   0   9   6   4   0  11   4   0  21  5
  0  10   0  10   4   0  10   6   4   0  21  5
  0  10   0  10   4   6   4   0  10   0  21  5
  0  10   2   5   8   5   2   8   2   0  23  5
  0  10   2   8   2   8   2   8   2   0  23  5
  0  10   3   0  12   3   7   3   0  12  15  5
  0  10   3   0  12   5   3   7   3   0  22  5
  0  10   3   3   9   0   1  14   5   5  15  5
  0  10   3   5   7   5   3   2   8   0  22  5
  0  10   3   6   6   0  10   0   3  12  15  5
  0  10   3   6   6   3   1   9   0  12  15  5
  0  10   3   7   3   0  10   0  12   5  15  5
  0  10   4   0   6  10   4   6   4   0  21  5
  0  10   4   0  11   4   6   4   0   6  20  5
  0  10   4   0  11   5   4   1   9   0  21  5
  0  10   4   4   7   0   3   7  10   5  15  5
  0  10   4   4   7   0   3  12   0  10  15  5
  0  10   4   4   7   0   3  12   5   0  20  5
  0  10   4   4   7   4   4   6   0   4  22  5
  0  10   4   5   6   4   0   6   4  11  15  5
  0  10   4   6   0  10   4   0  10   0  21  5
  0  10   4   6   4   0   6  10   4   0  21  5
  0  10   4   6   4   0  10   0   6  10  15  5
  0  10   4   6   4   0  10   0  11   0  20  5
  0  10   4   6   4   0  10   6   0   4  21  5
  0  10   4   6   4   6   0   4  10   0  21  5
  0  10   4   6   4   6   4   0   6   4  21  5
  0  10   5   0   9   5   5   0   5  11  15  5
  0  10   5   2   8   2   5   8   2   0  23  5
  0  10   5   3   7   3   5   2   8   0  22  5
  0  10   5   4   1   5  10   3   0  12  15  5
  0  10   5   4   1   8   7   0   3  12  15  5
  0  10   5   4   4   2  10   0   3  12  15  5
  0  10   5   4   5   1   9   0   5  11  15  5
  0  10   5   4   5   5   1   4   5  11  15  5
  0  10   5   5   2   5   5   8   2   0  23  5
  0  10   5   5   3   5   5   2   8   0  22  5
  0  10   6   7   6   7   6   4   0   6  26  6
  0  10   7   7   6   0   4   7  13   6  18  6
  0  10   7   9   9   7   7   0   3  18  21  7
  0  10   8   5   0  13   6   0   4  14  18  6
  0  10   9   9   0  10   0  18   7   7  21  7
  0  10   9   9   7   3   0  18   0  14  21  7
  0  10   9   9   7   3   0  18   7   0  28  7
  0  10  11   5   5  11   7   0   3  18  21  7
  0  11   0   0  18   6   6   7   6   6  18  6
  0  11   0   0  18   6   7   5   7   6  18  6
  0  11   0   0  18   7   5   7   5   7  18  6
  0  11   0   0  18   7   6   5   6   7  18  6
  0  11   0   0  19   5   6   7   6   5  19  6
  0  11   0   0  19   5   7   5   7   5  19  6
  0  11   0   0  19   6   5   7   5   6  19  6
  0  11   0   0  19   6   6   5   6   6  19  6
  0  11   0  11   0  14   0  12   6   6  18  6
  0  11   0  11   0  14   6   0  12   6  18  6
  0  11   0  11   0  14   6   6   0  12  18  6
  0  11   0  11   0  14   6   6   6   0  24  6
  0  11   0  12   7   6   6   5   0   6  25  6
  0  11   0  13   5   0  13   6   5   0  25  6
  0  11   6   0  13   6   5   0   6  13  18  6
  0  11   6   0  13   6   6   5   0   6  25  6
  0  11   6   6   7   6   0  11   0   6  25  6
  0  11   7   0   4  13   7   6   5   0  25  6
  0  11   7   4   0   7   7  12   6   6  18  6
  0  11   7   4   0   7  13   0  12   6  18  6
  0  11   7   4   0   7  13   6   0  12  18  6
  0  11   7   4   0   7  13   6   6   0  24  6
  0  11   7   4   0  14   6   0   5  13  18  6
  0  11   7   5   7   0  11   0  12   0  25  6
  0  11   7   5   7   5   1   5  12   0  25  6
  0  11   7   5   7   5   6   0   7   5  25  6
  0  11   8   8   8   7   4   0   8  16  21  7
  0  12   0  15   8   7   7   0   5  16  21  7
  0  12   5   0   7  10   0  14   6   6  18  6
  0  12   5   0  12   0   5  14   6   6  18  6
  0  12   5   0  12   0  12   0  13   6  18  6
  0  12   5   0  13   4   0   8  12   6  18  6
  0  12   5   0  13   4   0  14   0  12  18  6
  0  12   5   0  13   4   0  14   6   0  24  6
  0  12   5   0  13   5   0  12   0  13  18  6
  0  12   5   5   2   5   5  14   6   6  18  6
  0  12   5   5   7   5   0  12   0  14  18  6
  0  12   5   6   6   0  13   0   4  14  18  6
  0  12   6   0  11   6   6   0  12   0  25  6
  0  12   6   0  11   6   6   6   0   6  25  6
  0  12   6   5   1  11   6   0  12   0  25  6
  0  12   6   5   6   1  11   0  12   0  25  6
  0  12   8   8   0  12   0  16   0  14  21  7
  0  12   8   8   0  12   0  16   7   0  28  7
  0  12   8   8   7   5   0  16   0   7  28  7
  0  12   9   3   0  18   7   5   0  16  21  7
  0  12   9   5   9   5   7   0  14   0  30  7
  0  12   9   6   6   9   7   0   5   9  28  7
  0  13   7   0   6  16   7   7   6   0  29  7
  0  13   7   6   0  16   7   7   0   6  29  7
  0  13   7   7   8   7   6   0   7   7  29  7
  0  13   8   0  13   0  13   0  16   7  21  7
  0  13   8   0  13   8   5   0   8  15  21  7
  0  13   8   5   0  15   8   7   0   6  29  7
  0  13   8   5   0  16   0   5  16   7  21  7
  0  13   8   5   0  16   0  13   0  15  21  7
  0  13   8   5   0  16   7   6   0   8  28  7
  0  13   8   5   8   0   8   5  16   7  21  7
  0  13   8   5   8   8   0   5   8  15  21  7
  0  13  11   7   7   7  11   6   0   7  35  8
  0  14   0  12   9   3  11   3   0  18  21  7
  0  14   0  13   1  12   9   5   0  16  21  7
  0  14   0  13   8   5   9   5   0   9  28  7
  0  14   0  20  11   9   9   5   0  22  27  9
  0  14   3   9   9   0  14   3   0  18  21  7
  0  14   3   9   9   3  11   0   3  18  21  7
  0  14   4   4  13   1   0  20   7   7  21  7
  0  14   5   5   4  10   0  18   7   7  21  7
  0  14   5   5   9   0   5  18   7   7  21  7
  0  14   5   5  11   3   0  11  14   7  21  7
  0  14   5   5  11   3   0  18   0  14  21  7
  0  14   5   5  11   3   0  18   7   0  28  7
  0  14   5   8   8   0  14   5   0   9  28  7
  0  14   5   8   8   5   9   0   5   9  28  7
  0  14   6   0  14   8   6   0  14   0  29  7
  0  14   6   5  10   5   0  16   4   0  31  7
  0  14   6   6   2  12   0  16   0  14  21  7
  0  14   6   6   2  12   0  16   7   0  28  7
  0  14   6   6   8   0   6  16   0  14  21  7
  0  14   6   6   8   0   6  16   7   0  28  7
  0  14   6   6   8   6   0  16   4   0  31  7
  0  14   6   6   9   0   5  15   0  15  21  7
  0  14   6   6   9   5   0   9  14   0  28  7
  0  14   6   7   8   6   0  14   0   7  29  7
  0  14   6   8   6   0  14   0  14   0  29  7
  0  14   7   5   2  10  11   3   0  18  21  7
  0  14   7   5   5   4  14   3   0  18  21  7
  0  14   7   5   5   7  11   0   3  18  21  7
  0  14   7   5   7   7   7   0  14   0  30  7
  0  14   7   6   1  12   2  12   0  16  21  7
  0  14   7   6   1  12   8   0   6  16  21  7
  0  14   7   6   1  12   9   5   0   9  28  7
  0  14   7   6   6   2   7  12   0  16  21  7
  0  14   7   6   6   2  13   0   6  16  21  7
  0  14   7   6   6   2  14   5   0   9  28  7
  0  14   7   6   6   7   9   0   5   9  28  7
  0  14   7   6   7   7   7   0   7   7  29  7
  0  14   8   9   9   8   8   0   6   9  33  8
  0  14   9   8   9   8   0   6  17   0  33  8
  0  14   9   9   0   5   9  18   8   8  24  8
  0  14   9   9   0  14   0   9  17   8  24  8
  0  14   9   9   5   9   0  18   5   0  35  8
  0  14   9   9   8   6   0   9   9  16  24  8
  0  14   9   9   8   6   0   9  17   0  32  8
  0  14   9  11  11   9   0  14   0  22  27  9
  0  14  10   7   0  17   0  14   0  18  24  8
  0  14  10   7   0  17   7   0   7  18  24  8
  0  14  10   7   0  17   8   6   0  10  32  8
  0  14  10   7   7  10   0   7   7  18  24  8
  0  14  13   7   7  13   0  14   0  22  27  9
  0  14  13   7   7  13   7   0   7  22  27  9
  0  14  13   7   7  13   9   5   0  13  36  9
  0  15   0  15   0  18   8   7   0  17  24  8
  0  15   0  15   0  18   8   8   7   0  33  8
  0  15   7   9   9   7   9   0   6   9  33  8
  0  15   8   7   0  18   8   0  15   0  33  8
  0  15   9   6   0   9  17   8   7   0  33  8
  0  15   9   6   0  15  11   4   0  20  24  8
  0  15   9   6   0  17   9   0  15   0  33  8
  0  15   9   7   7   9   9   0   6   9  33  8
  0  15  10  10  10   5   0  20   0  20  27  9
  0  16   0  15   9   6   1  15   0  18  24  8
  0  16   0  19  10   9   0  16   0  20  27  9
  0  16   6   9   9   0   7  15   0  18  24  8
  0  16   6   9   9   6   1   9   6  18  24  8
  0  16   7   0  16   0  17   6   0  18  24  8
  0  16   7   0  17   6   0  17   0  17  24  8
  0  16   7   7   9   0   7   9  17   8  24  8
  0  16   7   7  10   6   0  10   7  17  24  8
  0  16   7   8   8   0  16   0   7  18  24  8
  0  16   7   8   8   0  17   6   0  10  32  8
  0  16   8   7   7   7   8   9   0   7  35  8
  0  16   8   7   7   8   2   7   7  18  24  8
  0  16   9  10  10   9   0   7   9  20  27  9
  0  16  11   5   0  22   5   0  22   9  27  9
  0  16  11   5  11   0  16   0  22   9  27  9
  0  16  11   5  11  11   5   0  11  20  27  9
  0  16  11   8   8   0  20   0   7  20  27  9
  0  16  11   8   8  11   0  16   0  11  36  9
  0  16  11   8   8  11   8   0   8  11  36  9
  0  17   0  18  10   8  10   7   0  10  37  9
  0  17   8  10  10   0  18   7   0  10  37  9
  0  17   9   8   0  20   9   8   0   9  37  9
  0  17  10   0  16  10  10   7   0  10  37  9
  0  17  10   0  18   7  10   0  17   0  38  9
  0  17  10   7   0  20   7   0  20   0  36  9
  0  17  10   7  10   0  17   0  20   0  36  9
  0  17  10   7  10  10   7   0  10  10  36  9
  0  17  10   7  11   0  17   0  17   0  38  9
  0  17  10   7  11   7  10   0  10   7  38  9
  0  17  10   8   0  18  10   7   0  10  37  9
  0  18   0  17  10   7  10   8   0  10  37  9
  0  18   0  21   0  21  10   8   0  22  30 10
  0  18   0  21  11  10  10   8   0  11  41 10
  0  18   5  11  11   5  13   5   0  13  36  9
  0  18   7   7  13   5   0  20   0  20  27  9
  0  18   7  10  10   0  17   8   0  10  37  9
  0  18   7  10  10   7  10   1   7  10  37  9
  0  18   8   0  19   8   8  10   0   8  38  9
  0  18   8   8  11   0   7  20   7   0  38  9
  0  18   8   8  11   7   0  20   0   7  38  9
  0  18   8   8  11   8   0  18   0   8  38  9
  0  18   8   8  11   8   8   2   8   8  38  9
  0  18   8   9   9   0   9  17   0  20  27  9
  0  18   9   7   7   9   4  14   0  22  27  9
  0  18   9   7   7   9  11   0   7  22  27  9
  0  18   9   7   7   9  13   5   0  13  36  9
  0  18   9   8   9   1  16   1  17   0  38  9
  0  18   9   8   9   8   2   8  17   0  38  9
  0  18  10  11  10  11  10   0   8  10  42 10
  0  18  10  11  11  10   0  18   0  11  41 10
  0  18  11  10  11  10   8   0  11  10  41 10
  0  18  11  13  13  11   7   0  11  26  33 11
  0  18  13  13   5   0  13  26  11  11  33 11
  0  18  15   9   9   0  26   7   0  26  33 11
  0  19   0  19  12  10   9   0  19   0  42 10
  0  19   9  10  12  10   9   0  10   9  42 10
  0  19  11   8   0  11  19   0  22  10  30 10
  0  19  11   8   0  22   8   0  11  21  30 10
  0  19  11   8  11   0  19   0  11  21  30 10
  0  19  12  12  12  11   0   8  12  24  33 11
  0  20   0  23  12  11   9   0  11  24  33 11
  0  20   9   9   2  18   0   9  23  10  30 10
  0  20   9   9   9   9   2  18   0  24  30 10
  0  20   9   9   9   9  11   0   9  24  30 10
  0  20   9  11  15  11   9   0  20   0  48 11
  0  20  10   9   9  10  11   0   9  11  41 10
  0  20  10   9  10   9  10   1  10   9  42 10
  0  20  12  12   8   0  12  24   0  22  33 11
  0  20  12  12   8   0  12  24  11   0  44 11
  0  20  13   7  15   7  13   0  20   0  48 11
  0  20  13  10  10   0  13  20   0  24  33 11
  0  20  13  10  10   0  23   0  10  24  33 11
  0  20  13  13  13  13   7   0  13  28  36 12
  0  21  10   0  24  11  10   0  21   0  46 11
  0  21  12   9   0  23  12   9   0  12  45 11
  0  22   0  25  12  13  12  10   0  12  50 12
  0  22   7  13  13   7  13   9   0  13  46 11
  0  22   9   9  15   7   0  26   7   0  48 11
  0  22   9  12  12   9   1  21   0  12  45 11
  0  22  10   0  22  10   0  22   0  24  33 11
  0  22  10   9  14   9   0  24   0   8  47 11
  0  22  10  10   2  20   0  22   0  24  33 11
  0  22  10  10  12   0  10  22   0  24  33 11
  0  22  10  10  12  10   0  12  10  24  33 11
  0  22  10  10  12  10   0  24   0   8  47 11
  0  22  10  10  13   9   0  13  20   0  46 11
  0  22  10  10  13   9   0  23   0  10  46 11
  0  22  11   9  11   9  11   2  20   0  48 11
  0  22  11  10   1  20  11  11   0  11  46 11
  0  22  11  10  10  11   2  20   0  11  46 11
  0  22  12  13   0  25  12  10   0  12  50 12
  0  22  12  13  13  12  10   0  12  13  49 12
  0  22  13  13   9   0  13  13  25  12  36 12
  0  23   0  23   0  23   0  27  12  12  36 12
  0  23  13  10   0  23  15   0   8  28  36 12
  0  23  14  14  14   0   9  14  29  13  39 13
  0  24  11   0  25  10   0  26   9   0  51 12
  0  24  11  11  11   2  11  11  27  12  36 12
  0  24  11  12  12   0  23  12   0  12  50 12
  0  24  12  11  11  12  12   1  11  12  50 12
  0  24  14  14   0  24   0  28  10   0  55 13
  0  24  14  14  10  14   0  28   0  10  55 13
  0  24  15  12  12   0  28  11   0  13  54 13
  0  25  15  15  15   0  10  30   0  30  42 14
  0  25  15  15  15   0  25   0  15  30  42 14
  0  25  17  13  13  13  17   0  12  13  59 14
  0  26  11  11  11  15   0  11  32  13  39 13
  0  26  12  11  16  11   0  27   0  11  55 13
  0  26  12  12   2  24   0  28  10   0  55 13
  0  26  12  12  12  14   0  12  29   0  52 13
  0  26  12  12  14   0  12  28  10   0  55 13
  0  26  13  11  11  13  13  13   0  13  56 13
  0  26  13  12  12   2  23  14   0  12  55 13
  0  26  13  12  12  12   3  24   0  12  55 13
  0  27  15  12   0  15  29  10   0  32  42 14
  0  27  16  16  16  15  12   0  16  16  61 15
  0  27  17  17  17  17  17  10   0  17  69 16
  0  27  18  14  14   0  32  13   0  14  63 15
  0  28  13  12  17  12   0  16  25   0  59 14
  0  28  13  13  13  13  13  15   0  13  61 14
  0  28  17  14  14   0  31  14   0  14  63 15
  0  28  17  14  14  14  17   0  14  14  63 15
  0  28  19  19  19   9   0  19  40  17  51 17
  0  29  16  13  16   0  29   0  29   0  63 15
  0  29  16  13  16  13  16   0  16  13  63 15
  0  30  14  14  14  16   0  14  16  32  45 15
  0  30  14  14  16  14   0  16  28   0  63 15
  0  30  14  14  16  14   0  30   0  14  63 15
  0  30  15  14  14  14  15   2  14  14  63 15
  0  30  18  18  18  18  17   0  13  18  71 17
  0  31  17  14   0  31   3  28   0  36  48 16
  0  31  17  14   0  31  17   0  14  36  48 16
  0  31  18  18  18  13   0  18  37   0  68 17
  0  32  18  18  14   0  18  36  14   0  71 17
  0  32  18  18  14  18   0  18  32   0  71 17
  0  32  19  13  19  13  19   0  32   0  74 17
  0  33   0  33   0  33  20  13   0  38  51 17
  0  33  18  15   0  33  20  13   0  20  69 17
  0  34  16  16   2  30   2  32   0  38  51 17
  0  34  16  16  16   2  16  32   0  38  51 17
  0  34  16  16  16   2  32   0  16  38  51 17
  0  34  20  20  20  20   0  14  20  42  57 19
  0  34  23  23  23  23  21  13   0  23  90 21
  0  35   0  35  20  15   0  35   0  40  54 18
  0  35  15  20  20  15   0  20  15  40  54 18
  0  35  15  20  20  15  20   0  15  20  74 18
  0  35  19  16   0  35  19   0  35   0  75 18
  0  35  20  20  20  15   0  20  20  40  57 19
  0  35  20  20  20  15   0  20  40   0  77 19
  0  35  20  20  20  15   0  40   0  20  77 19
  0  35  35   0   0  72  24  25  25  24  72 24
  0  35  35   0   0  72  26  23  23  26  72 24
  0  35  35   0   0  74  22  25  25  22  74 24
  0  35  35   0   0  74  24  23  23  24  74 24
  0  38  18  18  18  18   2  18  18  42  57 19
  0  38  18  18  18  20   0  18  38   0  79 19
  0  38  22  22  22  22   0  38   0  22  87 21
  0  40  15  25  25  15   0  40   0  50  63 21
  0  40  20  20  20  20   0  40   0  50  63 21
  0  40  20  20  25  20  20   0  20  20  88 21
  0  40  25  20  25  20   0  20  45   0  91 22
  0  41  22  19   0  41  22  19   0  22  87 21
  0  41  22  19  19  22  22   0  19  22  87 21
  0  45  20  25  25  20   0  45   0  25  94 23
  0  46  22  22  22  22  24   0  22  24  95 23
  0  46  23  23   0  23  23  54  24  24  72 24
  0  46  23  23   0  46   0  62  25  25  75 25
  0  47  27  27  27  27  27   0  20  27 109 26
  0  48  24  24   0  48   0  56   0  50  75 25
  0  48  24  24   0  48   0  56  25   0 100 25
  0  50  24  24  24  24   2  24  48   0 105 25
  0  50  24  24  24  24   2  48   0  24 105 25
  0  50  28  28  28  28  22   0  28  28 111 27
  0  54  26  26  26  26  26   2  26  26 113 27
  0  62  31  31   0  62   0  31  71  32  96 32
  0  62  31  31  31   0  31  31  71  32  96 32
  0  80  40  40   0  80   0  80   0  90 123 41
  0  80  40  40  40   0  40  80   0  90 123 41
  0  80  40  40  40   0  80   0  40  90 123 41
  0  80  40  40  40  40   0  40  40  90 123 41
  0  84  42  42   0  84   0  92  34   0 181 43
  0 100  50  50  50  50   0  50 100   0 213 51
  0 100  50  50  50  50   0 100   0  50 213 51
  0 100  50  50  50  50  50   0  50  50 213 51
  1   0   1   0   2   2   1   1   1   1   3  1
  1   0   1   0   3   0   2   1   1   1   3  1
  1   0   1   0   3   1   0   2   1   1   3  1
  1   0   1   0   3   1   1   0   2   1   3  1
  1   0   1   0   3   1   1   1   0   2   3  1
  1   0   1   0   3   1   1   1   1   0   4  1
  1   0   1   1   0   3   1   1   1   1   3  1
  1   0   1   1   2   0   1   2   1   1   3  1
  1   0   1   1   2   0   2   0   2   1   3  1
  1   0   1   1   2   0   2   1   0   2   3  1
  1   0   1   1   2   0   2   1   1   0   4  1
  1   0   1   1   2   1   0   1   2   1   3  1
  1   0   1   1   2   1   0   2   0   2   3  1
  1   0   1   1   2   1   0   2   1   0   4  1
  1   0   1   1   2   1   1   0   1   2   3  1
  1   0   1   1   2   1   1   0   2   0   4  1
  1   0   1   1   2   1   1   1   0   1   4  1
  1   0   1   2   0   1   1   2   1   1   3  1
  1   0   1   2   0   1   2   0   2   1   3  1
  1   0   1   2   0   1   2   1   0   2   3  1
  1   0   1   2   0   1   2   1   1   0   4  1
  1   0   1   2   0   2   0   1   2   1   3  1
  1   0   1   2   0   2   0   2   0   2   3  1
  1   0   1   2   0   2   0   2   1   0   4  1
  1   0   1   2   0   2   1   0   1   2   3  1
  1   0   1   2   0   2   1   0   2   0   4  1
  1   0   1   2   0   2   1   1   0   1   4  1
  1   0   1   2   1   0   1   1   2   1   3  1
  1   0   1   2   1   0   1   2   0   2   3  1
  1   0   1   2   1   0   1   2   1   0   4  1
  1   0   1   2   1   0   2   0   1   2   3  1
  1   0   1   2   1   0   2   0   2   0   4  1
  1   0   1   2   1   0   2   1   0   1   4  1
  1   0   1   2   1   1   0   1   1   2   3  1
  1   0   1   2   1   1   0   1   2   0   4  1
  1   0   1   2   1   1   0   2   0   1   4  1
  1   0   1   2   1   1   1   0   1   1   4  1
  1   0   1   4   4   2   2   2   2   2   6  2
  1   0   1   6   0   4   2   2   2   2   6  2
  1   0   1   6   2   0   4   2   2   2   6  2
  1   0   1   6   2   2   0   4   2   2   6  2
  1   0   1   6   2   2   2   0   4   2   6  2
  1   0   1   6   2   2   2   2   0   4   6  2
  1   0   1   6   2   2   2   2   2   0   8  2
  1   0   2   0   1   0   3   1   1   1   3  1
  1   0   2   0   1   1   1   2   1   1   3  1
  1   0   2   0   1   1   2   0   2   1   3  1
  1   0   2   0   1   1   2   1   0   2   3  1
  1   0   2   0   1   1   2   1   1   0   4  1
  1   0   2   0   1   2   0   1   2   1   3  1
  1   0   2   0   1   2   0   2   0   2   3  1
  1   0   2   0   1   2   0   2   1   0   4  1
  1   0   2   0   1   2   1   0   1   2   3  1
  1   0   2   0   1   2   1   0   2   0   4  1
  1   0   2   0   1   2   1   1   0   1   4  1
  1   0   2   0   2   0   1   1   2   1   3  1
  1   0   2   0   2   0   1   2   0   2   3  1
  1   0   2   0   2   0   1   2   1   0   4  1
  1   0   2   0   2   0   2   0   1   2   3  1
  1   0   2   0   2   0   2   0   2   0   4  1
  1   0   2   0   2   0   2   1   0   1   4  1
  1   0   2   0   2   1   0   1   1   2   3  1
  1   0   2   0   2   1   0   1   2   0   4  1
  1   0   2   0   2   1   0   2   0   1   4  1
  1   0   2   0   2   1   1   0   1   1   4  1
  1   0   2   1   0   1   1   1   2   1   3  1
  1   0   2   1   0   1   1   2   0   2   3  1
  1   0   2   1   0   1   1   2   1   0   4  1
  1   0   2   1   0   1   2   0   1   2   3  1
  1   0   2   1   0   1   2   0   2   0   4  1
  1   0   2   1   0   1   2   1   0   1   4  1
  1   0   2   1   0   2   0   1   1   2   3  1
  1   0   2   1   0   2   0   1   2   0   4  1
  1   0   2   1   0   2   0   2   0   1   4  1
  1   0   2   1   0   2   1   0   1   1   4  1
  1   0   2   1   1   0   1   1   1   2   3  1
  1   0   2   1   1   0   1   1   2   0   4  1
  1   0   2   1   1   0   1   2   0   1   4  1
  1   0   2   1   1   0   2   0   1   1   4  1
  1   0   2   1   1   1   0   1   1   1   4  1
  1   0   3   0   6   2   2   2   2   2   6  2
  1   0   4   2   3   2   2   2   1   0   9  2
  1   0   4   3   1   3   2   2   1   0   9  2
  1   0   4   3   2   2   0   1   5   2   6  2
  1   0   5   0   4   0   2   4   2   2   6  2
  1   0   5   0   4   0   4   0   4   2   6  2
  1   0   5   0   4   0   4   2   0   4   6  2
  1   0   5   0   4   0   4   2   2   0   8  2
  1   0   5   0   4   2   0   4   0   4   6  2
  1   0   5   0   4   2   0   4   2   0   8  2
  1   0   5   0   4   2   1   0   5   2   6  2
  1   0   5   0   4   2   2   0   2   4   6  2
  1   0   5   0   4   2   2   0   4   0   8  2
  1   0   5   0   4   2   2   2   0   2   8  2
  1   0   5   1   0   5   0   4   2   2   6  2
  1   0   5   1   0   5   2   0   4   2   6  2
  1   0   5   1   0   5   2   2   0   4   6  2
  1   0   5   1   0   5   2   2   2   0   8  2
  1   0   5   1   3   1   3   2   1   0   9  2
  1   0   5   1   3   2   0   1   5   2   6  2
  1   0   5   2   0   4   0   2   4   2   6  2
  1   0   5   2   0   4   0   4   0   4   6  2
  1   0   5   2   0   4   0   4   2   0   8  2
  1   0   5   2   0   4   2   0   2   4   6  2
  1   0   5   2   0   4   2   0   4   0   8  2
  1   0   5   2   0   4   2   2   0   2   8  2
  1   0   5   2   1   0   3   4   2   2   6  2
  1   0   5   2   1   0   5   0   4   2   6  2
  1   0   5   2   1   0   5   2   0   4   6  2
  1   0   5   2   1   0   5   2   2   0   8  2
  1   0   5   2   1   2   3   2   1   0   9  2
  1   0   5   2   2   0   2   2   4   2   6  2
  1   0   5   2   2   0   2   4   0   4   6  2
  1   0   5   2   2   0   2   4   2   0   8  2
  1   0   5   2   2   0   4   0   2   4   6  2
  1   0   5   2   2   0   4   0   4   0   8  2
  1   0   5   2   2   0   4   2   0   2   8  2
  1   0   5   2   2   2   0   2   2   4   6  2
  1   0   5   2   2   2   0   2   4   0   8  2
  1   0   5   2   2   2   0   4   0   2   8  2
  1   0   5   2   2   2   2   0   2   2   8  2
  1   0   7   4   3   1   0   8   3   3   9  3
  1   0   8   0   1   8   3   3   3   3   9  3
  1   0   8   3   0   1   8   3   3   3   9  3
  1   0  11   1   0  11   4   4   4   4  12  4
  1   0  11   4   1   0  11   4   4   4  12  4
  1   1   0   1   1   0   3   1   1   1   3  1
  1   1   0   1   1   1   2   0   2   1   3  1
  1   1   0   1   1   1   2   1   0   2   3  1
  1   1   0   1   1   1   2   1   1   0   4  1
  1   1   0   1   1   2   0   1   2   1   3  1
  1   1   0   1   1   2   0   2   0   2   3  1
  1   1   0   1   1   2   0   2   1   0   4  1
  1   1   0   1   1   2   1   0   1   2   3  1
  1   1   0   1   1   2   1   0   2   0   4  1
  1   1   0   1   1   2   1   1   0   1   4  1
  1   1   0   1   2   0   1   1   2   1   3  1
  1   1   0   1   2   0   1   2   0   2   3  1
  1   1   0   1   2   0   1   2   1   0   4  1
  1   1   0   1   2   0   2   0   1   2   3  1
  1   1   0   1   2   0   2   0   2   0   4  1
  1   1   0   1   2   0   2   1   0   1   4  1
  1   1   0   1   2   1   0   1   1   2   3  1
  1   1   0   1   2   1   0   1   2   0   4  1
  1   1   0   1   2   1   0   2   0   1   4  1
  1   1   0   1   2   1   1   0   1   1   4  1
  1   1   0   2   0   1   1   1   2   1   3  1
  1   1   0   2   0   1   1   2   0   2   3  1
  1   1   0   2   0   1   1   2   1   0   4  1
  1   1   0   2   0   1   2   0   1   2   3  1
  1   1   0   2   0   1   2   0   2   0   4  1
  1   1   0   2   0   1   2   1   0   1   4  1
  1   1   0   2   0   2   0   1   1   2   3  1
  1   1   0   2   0   2   0   1   2   0   4  1
  1   1   0   2   0   2   0   2   0   1   4  1
  1   1   0   2   0   2   1   0   1   1   4  1
  1   1   0   2   1   0   1   1   1   2   3  1
  1   1   0   2   1   0   1   1   2   0   4  1
  1   1   0   2   1   0   1   2   0   1   4  1
  1   1   0   2   1   0   2   0   1   1   4  1
  1   1   0   2   1   1   0   1   1   1   4  1
  1   1   0   3   5   2   2   2   2   2   6  2
  1   1   0   5   3   0   4   2   2   2   6  2
  1   1   0   5   3   2   0   4   2   2   6  2
  1   1   0   5   3   2   2   0   4   2   6  2
  1   1   0   5   3   2   2   2   0   4   6  2
  1   1   0   5   3   2   2   2   2   0   8  2
  1   1   0   6   0   3   3   2   2   2   6  2
  1   1   0   6   0   4   1   3   2   2   6  2
  1   1   0   6   0   4   2   1   3   2   6  2
  1   1   0   6   0   4   2   2   1   3   6  2
  1   1   0   6   0   4   2   2   2   1   7  2
  1   1   0   6   1   3   0   4   2   2   6  2
  1   1   0   6   1   3   2   0   4   2   6  2
  1   1   0   6   1   3   2   2   0   4   6  2
  1   1   0   6   1   3   2   2   2   0   8  2
  1   1   0   6   2   0   3   3   2   2   6  2
  1   1   0   6   2   0   4   1   3   2   6  2
  1   1   0   6   2   0   4   2   1   3   6  2
  1   1   0   6   2   0   4   2   2   1   7  2
  1   1   0   6   2   1   3   0   4   2   6  2
  1   1   0   6   2   1   3   2   0   4   6  2
  1   1   0   6   2   1   3   2   2   0   8  2
  1   1   0   6   2   2   0   3   3   2   6  2
  1   1   0   6   2   2   0   4   1   3   6  2
  1   1   0   6   2   2   0   4   2   1   7  2
  1   1   0   6   2   2   1   3   0   4   6  2
  1   1   0   6   2   2   1   3   2   0   8  2
  1   1   0   6   2   2   2   0   3   3   6  2
  1   1   0   6   2   2   2   0   4   1   7  2
  1   1   0   6   2   2   2   1   1   4   6  2
  1   1   0   6   2   2   2   1   3   0   8  2
  1   1   0   6   2   2   2   2   0   3   7  2
  1   1   0   6   2   2   2   2   1   1   8  2
  1   1   1   0   1   1   1   1   2   1   3  1
  1   1   1   0   1   1   1   2   0   2   3  1
  1   1   1   0   1   1   1   2   1   0   4  1
  1   1   1   0   1   1   2   0   1   2   3  1
  1   1   1   0   1   1   2   0   2   0   4  1
  1   1   1   0   1   1   2   1   0   1   4  1
  1   1   1   0   1   2   0   1   1   2   3  1
  1   1   1   0   1   2   0   1   2   0   4  1
  1   1   1   0   1   2   0   2   0   1   4  1
  1   1   1   0   1   2   1   0   1   1   4  1
  1   1   1   0   2   0   1   1   1   2   3  1
  1   1   1   0   2   0   1   1   2   0   4  1
  1   1   1   0   2   0   1   2   0   1   4  1
  1   1   1   0   2   0   2   0   1   1   4  1
  1   1   1   0   2   1   0   1   1   1   4  1
  1   1   1   1   0   1   1   1   1   2   3  1
  1   1   1   1   0   1   1   1   2   0   4  1
  1   1   1   1   0   1   1   2   0   1   4  1
  1   1   1   1   0   1   2   0   1   1   4  1
  1   1   1   1   0   2   0   1   1   1   4  1
  1   1   1   1   1   0   1   1   1   1   4  1
  1   2   0   4   3   2   2   2   1   0   9  2
  1   2   0   5   1   3   2   2   1   0   9  2
  1   2   0   5   2   0   1   5   2   2   6  2
  1   2   0   5   2   2   0   1   5   2   6  2
  1   2   2   0   1   6   2   2   2   2   6  2
  1   2   2   0   5   2   2   1   0   5   6  2
  1   2   2   0   5   2   2   2   1   0   9  2
  1   2   2   3   0   4   2   2   0   1   9  2
  1   2   2   3   2   1   0   2   5   2   6  2
  1   2   2   3   2   2   0   1   3   4   6  2
  1   2   2   3   2   2   0   1   5   0   8  2
  1   2   3   0   3   3   2   0   1   5   6  2
  1   2   3   0   4   0   4   2   1   0   9  2
  1   2   3   0   4   1   3   2   0   1   9  2
  1   2   3   0   4   2   1   0   3   4   6  2
  1   2   3   0   4   2   1   0   5   0   8  2
  1   2   3   1   0   5   2   1   0   5   6  2
  1   2   3   1   3   0   4   2   0   1   9  2
  1   2   3   1   3   2   0   1   3   4   6  2
  1   2   3   1   3   2   0   1   5   0   8  2
  1   2   3   2   0   3   3   2   0   1   9  2
  1   2   3   2   1   0   3   2   4   2   6  2
  1   2   3   2   1   0   3   4   0   4   6  2
  1   2   3   2   1   0   3   4   2   0   8  2
  1   2   3   2   1   0   5   0   2   4   6  2
  1   2   3   2   1   0   5   0   4   0   8  2
  1   2   3   2   1   0   5   2   1   0   9  2
  1   3   0   1   3   4   0   4   2   2   6  2
  1   3   0   1   3   4   2   0   4   2   6  2
  1   3   0   1   3   4   2   2   0   4   6  2
  1   3   0   1   3   4   2   2   2   0   8  2
  1   3   0   1   5   0   4   0   4   2   6  2
  1   3   0   1   5   0   4   2   0   4   6  2
  1   3   0   1   5   0   4   2   2   0   8  2
  1   3   0   1   5   1   0   5   2   2   6  2
  1   3   0   1   5   2   0   2   4   2   6  2
  1   3   0   1   5   2   0   4   0   4   6  2
  1   3   0   1   5   2   0   4   2   0   8  2
  1   3   0   1   5   2   2   0   2   4   6  2
  1   3   0   1   5   2   2   0   4   0   8  2
  1   3   0   1   5   2   2   2   0   2   8  2
  1   3   0   3   3   1   0   3   4   2   6  2
  1   3   0   3   3   1   0   5   0   4   6  2
  1   3   0   3   3   1   0   5   2   0   8  2
  1   3   0   3   3   2   0   4   1   0   9  2
  1   3   0   3   3   2   1   3   0   1   9  2
  1   3   0   4   0   1   3   4   2   2   6  2
  1   3   0   4   0   1   5   0   4   2   6  2
  1   3   0   4   0   1   5   2   0   4   6  2
  1   3   0   4   0   1   5   2   2   0   8  2
  1   3   0   4   0   4   0   1   5   2   6  2
  1   3   0   4   0   4   1   3   1   0   9  2
  1   3   0   4   1   3   0   4   1   0   9  2
  1   3   0   4   1   3   1   0   3   4   6  2
  1   3   0   4   1   3   1   0   5   0   8  2
  1   3   0   4   1   3   1   3   0   1   9  2
  1   3   1   0   3   1   5   2   2   2   6  2
  1   3   1   0   4   3   1   0   5   2   6  2
  1   3   1   0   5   0   1   5   2   2   6  2
  1   3   1   0   5   1   3   1   0   5   6  2
  1   3   1   0   5   2   1   3   1   0   9  2
  1   3   1   2   3   2   0   4   0   1   9  2
  1   3   1   3   0   4   0   4   1   0   9  2
  1   3   1   3   0   4   1   0   3   4   6  2
  1   3   1   3   0   4   1   0   5   0   8  2
  1   3   1   3   0   4   1   3   0   1   9  2
  1   3   1   3   1   0   3   4   0   4   6  2
  1   3   1   3   1   0   3   4   2   0   8  2
  1   3   1   3   1   0   4   0   5   2   6  2
  1   3   1   3   1   0   5   0   2   4   6  2
  1   3   1   3   1   0   5   0   4   0   8  2
  1   3   1   3   1   0   5   2   0   2   8  2
  1   3   1   3   1   3   0   1   3   4   6  2
  1   3   1   3   1   3   0   1   5   0   8  2
  1   3   1   3   1   3   0   4   0   1   9  2
  1   3   2   0   2   3   3   1   0   5   6  2
  1   3   2   0   2   4   0   1   5   2   6  2
  1   3   2   0   3   1   4   1   0   5   6  2
  1   3   2   0   3   2   3   0   1   5   6  2
  1   3   2   0   3   3   1   0   3   4   6  2
  1   3   2   0   3   3   1   0   5   0   8  2
  1   3   2   0   4   0   3   3   1   0   9  2
  1   3   2   0   4   1   1   4   1   0   9  2
  1   3   2   0   4   1   2   3   0   1   9  2
  1   3   2   1   1   4   1   0   3   4   6  2
  1   3   2   1   1   4   1   0   5   0   8  2
  1   3   2   1   2   3   0   1   3   4   6  2
  1   3   2   1   2   3   0   1   5   0   8  2
  1   3   2   1   3   0   2   4   1   0   9  2
  1   3   2   1   3   0   3   3   0   1   9  2
  1   3   2   1   3   1   1   4   0   1   9  2
  1   3   2   2   0   2   3   3   1   0   9  2
  1   3   2   2   0   3   1   4   1   0   9  2
  1   3   2   2   0   3   2   3   0   1   9  2
  1   3   2   2   1   1   2   4   1   0   9  2
  1   3   2   2   1   1   3   3   0   1   9  2
  1   3   2   2   1   2   1   4   0   1   9  2
  1   3   3   3   5   3   3   3   1   0  14  3
  1   3   3   4   4   3   3   0   1   8   9  3
  1   3   3   5   1   5   3   3   1   0  14  3
  1   3   4   4   3   1   0   8   0   6   9  3
  1   3   4   4   3   1   0   8   3   0  12  3
  1   3   5   0   6   3   0   1   8   3   9  3
  1   3   5   1   5   1   5   3   1   0  14  3
  1   3   5   2   2   5   3   0   1   8   9  3
  1   3   5   3   0   1   5   6   3   3   9  3
  1   3   5   3   0   1   8   0   6   3   9  3
  1   3   5   3   0   1   8   3   0   6   9  3
  1   3   5   3   0   1   8   3   3   0  12  3
  1   3   5   3   1   3   5   3   1   0  14  3
  1   4   4   0   1   4   7   3   3   3   9  3
  1   4   4   1   0   8   3   2   0   7   9  3
  1   4   4   7   4   4   0   1  11   4  12  4
  1   4   7   0   8   4   1   0  11   4  12  4
  1   4   7   1   7   4   0   1  11   4  12  4
  1   4   7   4   1   0   7   8   4   4  12  4
  1   4   7   4   1   0  11   0   8   4  12  4
  1   4   7   4   1   0  11   4   0   8  12  4
  1   4   7   4   1   0  11   4   4   0  16  4
  1   5   0   4   5   0   1   8   3   3   9  3
  1   5   0   5   4   1   5   1   0   8   9  3
  1   5   0   6   0   6   1   0   8   3   9  3
  1   5   0   6   1   0   5   6   3   3   9  3
  1   5   0   6   1   0   8   0   6   3   9  3
  1   5   0   6   1   0   8   3   0   6   9  3
  1   5   0   6   1   0   8   3   3   0  12  3
  1   5   0   6   1   5   0   1   8   3   9  3
  1   5   1   0   5   6   0   6   3   3   9  3
  1   5   1   0   5   6   3   0   6   3   9  3
  1   5   1   0   5   6   3   3   0   6   9  3
  1   5   1   0   5   6   3   3   3   0  12  3
  1   5   1   0   8   0   6   0   6   3   9  3
  1   5   1   0   8   0   6   3   0   6   9  3
  1   5   1   0   8   0   6   3   3   0  12  3
  1   5   1   0   8   3   0   3   6   3   9  3
  1   5   1   0   8   3   0   6   0   6   9  3
  1   5   1   0   8   3   0   6   3   0  12  3
  1   5   1   0   8   3   3   0   3   6   9  3
  1   5   1   0   8   3   3   0   6   0  12  3
  1   5   1   0   8   3   3   3   0   3  12  3
  1   5   1   3   5   3   1   5   1   0  14  3
  1   5   1   4   4   0   6   1   0   8   9  3
  1   5   1   4   4   1   5   0   1   8   9  3
  1   5   1   5   0   1   5   6   3   3   9  3
  1   5   1   5   0   1   8   0   6   3   9  3
  1   5   1   5   0   1   8   3   0   6   9  3
  1   5   1   5   0   1   8   3   3   0  12  3
  1   5   1   5   0   6   0   1   8   3   9  3
  1   5   1   5   1   5   1   5   1   0  14  3
  1   5   2   0   7   0   1   8   3   3   9  3
  1   5   2   2   5   1   0   5   6   3   9  3
  1   5   2   2   5   1   0   8   0   6   9  3
  1   5   2   2   5   1   0   8   3   0  12  3
  1   5   3   0   3   6   1   0   8   3   9  3
  1   5   3   0   4   5   0   1   8   3   9  3
  1   5   3   1   2   6   0   1   8   3   9  3
  1   5   3   1   5   1   3   5   1   0  14  3
  1   5   3   2   1   4   5   1   0   8   9  3
  1   5   3   2   2   2   6   1   0   8   9  3
  1   5   3   2   2   3   5   0   1   8   9  3
  1   5   3   3   1   3   3   5   1   0  14  3
  1   5   5   9   5   5   1   0  14   5  15  5
  1   5   9   1   9   5   1   0  14   5  15  5
  1   7   0   5   7   1   0  11   4   4  12  4
  1   7   0   8   1   7   1   0  11   4  12  4
  1   7   1   7   0   8   1   0  11   4  12  4
  1   7   1   7   1   0   7   8   4   4  12  4
  1   7   1   7   1   0  11   0   8   4  12  4
  1   7   1   7   1   0  11   4   0   8  12  4
  1   7   1   7   1   0  11   4   4   0  16  4
  1   7   1   7   1   7   0   1  11   4  12  4
  1   7   4   0   5   7   1   0  11   4  12  4
  1   7   4   1   3   8   1   0  11   4  12  4
  1   7   4   1   4   7   0   1  11   4  12  4
  1   7   7   0   1  14   0  10   5   5  15  5
  1   7   7   0   1  14   5   0  10   5  15  5
  1   7   7   0   1  14   5   5   0  10  15  5
  1   7   7   0   1  14   5   5   5   0  20  5
  1   7  10  10   7   0   1  20   7   7  21  7
  1   9   1   9   1   9   1   0  14   5  15  5
  1   9   5   1   5   9   1   0  14   5  15  5
  1   9  13  13   9   1   0  26   9   9  27  9
  1  10  10   1   0  20   0  14   7   7  21  7
  1  10  10   1   0  20   7   0  14   7  21  7
  1  10  10   1   0  20   7   7   0  14  21  7
  1  10  10   1   0  20   7   7   7   0  28  7
  1  13   4   4  13   0   1  20   7   7  21  7
  1  17   5   5  17   1   0  26   9   9  27  9
  2   0   2   3   0   5   0   4   2   2   6  2
  2   0   2   3   0   5   2   0   4   2   6  2
  2   0   2   3   0   5   2   2   0   4   6  2
  2   0   2   3   0   5   2   2   2   0   8  2
  2   0   2   3   3   2   2   1   2   0   9  2
  2   0   2   4   0   3   0   5   2   2   6  2
  2   0   2   4   1   1   1   5   2   2   6  2
  2   0   2   4   1   3   2   1   2   0   9  2
  2   0   2   4   2   0   3   0   5   2   6  2
  2   0   2   4   2   1   1   1   5   2   6  2
  2   0   2   8   2   0   7   3   3   3   9  3
  2   0   2   8   3   2   0   7   3   3   9  3
  2   0   2   8   3   3   2   0   7   3   9  3
  2   0   3   0   5   0   2   4   2   2   6  2
  2   0   3   0   5   0   4   0   4   2   6  2
  2   0   3   0   5   0   4   2   0   4   6  2
  2   0   3   0   5   0   4   2   2   0   8  2
  2   0   3   0   5   2   0   2   4   2   6  2
  2   0   3   0   5   2   0   4   0   4   6  2
  2   0   3   0   5   2   0   4   2   0   8  2
  2   0   3   0   5   2   2   0   2   4   6  2
  2   0   3   0   5   2   2   0   4   0   8  2
  2   0   3   0   5   2   2   2   0   2   8  2
  2   0   3   2   0   2   5   2   2   2   6  2
  2   0   3   2   3   2   2   0   3   0   9  2
  2   0   3   2   3   2   2   1   1   1   9  2
  2   0   3   3   0   3   2   0   5   2   6  2
  2   0   3   3   0   4   2   1   2   0   9  2
  2   0   3   3   1   3   2   0   3   0   9  2
  2   0   3   3   1   3   2   1   1   1   9  2
  2   0   3   3   2   0   2   1   5   2   6  2
  2   0   3   3   2   1   2   0   3   4   6  2
  2   0   3   3   2   1   2   0   5   0   8  2
  2   0   4   0   3   0   3   4   2   2   6  2
  2   0   4   0   3   0   5   0   4   2   6  2
  2   0   4   0   3   0   5   2   0   4   6  2
  2   0   4   0   3   0   5   2   2   0   8  2
  2   0   4   0   3   3   1   2   0   5   6  2
  2   0   4   0   4   0   3   0   5   2   6  2
  2   0   4   0   4   1   1   1   5   2   6  2
  2   0   4   0   4   1   3   1   2   0   9  2
  2   0   4   1   1   1   3   4   2   2   6  2
  2   0   4   1   1   1   5   0   4   2   6  2
  2   0   4   1   1   1   5   2   0   4   6  2
  2   0   4   1   1   1   5   2   2   0   8  2
  2   0   4   1   1   3   2   0   5   2   6  2
  2   0   4   1   3   0   2   1   5   2   6  2
  2   0   4   1   3   0   4   1   2   0   9  2
  2   0   4   1   3   1   2   0   3   4   6  2
  2   0   4   1   3   1   2   0   5   0   8  2
  2   0   4   1   3   1   3   0   3   0   9  2
  2   0   4   1   3   1   3   1   1   1   9  2
  2   0   4   2   0   3   3   1   2   0   9  2
  2   0   4   2   1   1   4   1   2   0   9  2
  2   0   4   2   1   2   3   0   3   0   9  2
  2   0   4   2   1   2   3   1   1   1   9  2
  2   0   6   0   7   3   3   2   0   7   9  3
  2   0   6   0   7   3   3   3   2   0  13  3
  2   0   6   3   4   3   0   6   2   0  13  3
  2   0   6   4   2   4   0   6   2   0  13  3
  2   0   7   0   2   7   0   6   3   3   9  3
  2   0   7   0   2   7   3   0   6   3   9  3
  2   0   7   0   2   7   3   3   0   6   9  3
  2   0   7   0   2   7   3   3   3   0  12  3
  2   0   7   0   6   3   0   2   7   3   9  3
  2   0   7   2   0   2   8   3   3   3   9  3
  2   0   7   2   0   7   2   0   7   3   9  3
  2   0   7   2   0   7   3   2   0   7   9  3
  2   0   7   2   4   2   1   6   2   0  13  3
  2   0   7   3   0   2   4   6   3   3   9  3
  2   0   7   3   0   2   7   0   6   3   9  3
  2   0   7   3   0   2   7   3   0   6   9  3
  2   0   7   3   0   2   7   3   3   0  12  3
  2   0   7   3   2   0   7   3   2   0  13  3
  2   0   7   3   2   3   1   6   2   0  13  3
  2   0  10   8   5   5   2   0  13   5  15  5
  2   0  13   2   8   5   2   0  13   5  15  5
  2   1   1   1   1   6   2   2   2   2   6  2
  2   1   1   1   5   0   2   4   2   2   6  2
  2   1   1   1   5   0   4   0   4   2   6  2
  2   1   1   1   5   0   4   2   0   4   6  2
  2   1   1   1   5   0   4   2   2   0   8  2
  2   1   1   1   5   2   0   2   4   2   6  2
  2   1   1   1   5   2   0   4   0   4   6  2
  2   1   1   1   5   2   0   4   2   0   8  2
  2   1   1   1   5   2   2   0   2   4   6  2
  2   1   1   1   5   2   2   0   4   0   8  2
  2   1   1   1   5   2   2   2   0   2   8  2
  2   1   1   2   0   5   3   2   2   2   6  2
  2   1   1   2   0   6   1   3   2   2   6  2
  2   1   1   2   0   6   2   1   3   2   6  2
  2   1   1   2   0   6   2   2   1   3   6  2
  2   1   1   2   0   6   2   2   2   1   7  2
  2   1   1   3   3   2   2   0   3   0   9  2
  2   1   1   3   3   2   2   1   1   1   9  2
  2   1   1   4   0   2   1   5   2   2   6  2
  2   1   1   4   0   4   2   1   2   0   9  2
  2   1   1   4   1   2   0   5   0   4   6  2
  2   1   1   4   1   2   0   5   2   0   8  2
  2   1   1   4   1   3   2   0   3   0   9  2
  2   1   1   4   1   3   2   1   1   1   9  2
  2   1   1   4   2   0   2   1   5   2   6  2
  2   1   1   4   2   1   2   0   3   4   6  2
  2   1   1   4   2   1   2   0   5   0   8  2
  2   1   2   0   2   5   0   4   2   2   6  2
  2   1   2   0   2   5   2   0   4   2   6  2
  2   1   2   0   2   5   2   2   0   4   6  2
  2   1   2   0   2   5   2   2   2   0   8  2
  2   1   2   0   5   1   2   0   5   2   6  2
  2   1   2   0   5   2   1   2   0   5   6  2
  2   1   2   0   5   2   2   1   2   0   9  2
  2   1   2   2   3   2   2   0   2   1   9  2
  2   1   2   3   0   4   2   0   3   0   9  2
  2   1   2   3   0   4   2   1   1   1   9  2
  2   1   2   3   1   2   0   2   5   2   6  2
  2   1   2   3   1   3   2   0   2   1   9  2
  2   1   2   3   2   0   3   0   3   4   6  2
  2   1   2   3   2   0   3   0   5   0   8  2
  2   1   2   3   2   1   1   1   3   4   6  2
  2   1   2   3   2   1   1   1   5   0   8  2
  2   1   3   0   2   1   3   4   2   2   6  2
  2   1   3   0   2   1   5   0   4   2   6  2
  2   1   3   0   2   1   5   2   0   4   6  2
  2   1   3   0   2   1   5   2   2   0   8  2
  2   1   3   0   2   4   1   2   0   5   6  2
  2   1   3   0   3   3   0   3   0   5   6  2
  2   1   3   0   3   3   1   1   1   5   6  2
  2   1   3   0   4   0   2   1   5   2   6  2
  2   1   3   0   4   0   4   1   2   0   9  2
  2   1   3   0   4   1   2   0   3   4   6  2
  2   1   3   0   4   1   2   0   5   0   8  2
  2   1   3   0   4   1   3   0   3   0   9  2
  2   1   3   0   4   1   3   1   1   1   9  2
  2   1   3   1   2   0   3   4   0   4   6  2
  2   1   3   1   2   0   3   4   2   0   8  2
  2   1   3   1   2   0   4   0   5   2   6  2
  2   1   3   1   2   0   5   0   2   4   6  2
  2   1   3   1   2   0   5   0   4   0   8  2
  2   1   3   1   2   0   5   2   0   2   8  2
  2   1   3   1   3   0   3   0   3   4   6  2
  2   1   3   1   3   0   3   0   5   0   8  2
  2   1   3   1   3   0   4   0   3   0   9  2
  2   1   3   1   3   0   4   1   1   1   9  2
  2   1   3   1   3   1   1   1   3   4   6  2
  2   1   3   1   3   1   1   1   5   0   8  2
  2   1   3   1   3   1   3   0   2   1   9  2
  2   1   3   2   0   2   4   1   2   0   9  2
  2   1   3   2   0   3   3   0   3   0   9  2
  2   1   3   2   0   3   3   1   1   1   9  2
  2   1   3   2   1   1   4   0   3   0   9  2
  2   1   3   2   1   1   4   1   1   1   9  2
  2   1   3   2   1   2   3   0   2   1   9  2
  2   2   0   2   2   3   0   5   2   2   6  2
  2   2   0   2   3   0   5   0   4   2   6  2
  2   2   0   2   3   0   5   2   0   4   6  2
  2   2   0   2   3   0   5   2   2   0   8  2
  2   2   0   2   3   2   2   0   5   2   6  2
  2   2   0   2   4   1   2   2   0   5   6  2
  2   2   0   2   4   2   1   2   2   0   9  2
  2   2   0   2   8   4   3   3   3   3   9  3
  2   2   0   2   9   2   4   3   3   3   9  3
  2   2   0   2   9   3   2   4   3   3   9  3
  2   2   0   2   9   3   3   2   4   3   9  3
  2   2   0   2   9   3   3   3   2   4   9  3
  2   2   0   2   9   3   3   3   3   2  10  3
  2   2   0   3   1   1   5   0   4   2   6  2
  2   2   0   3   1   1   5   2   0   4   6  2
  2   2   0   3   1   1   5   2   2   0   8  2
  2   2   0   3   2   0   2   5   2   2   6  2
  2   2   0   3   2   2   0   5   0   4   6  2
  2   2   0   3   2   2   0   5   2   0   8  2
  2   2   0   3   3   2   0   3   2   0   9  2
  2   2   0   3   3   2   1   1   3   0   9  2
  2   2   0   3   3   2   1   2   1   1   9  2
  2   2   0   4   0   2   3   0   5   2   6  2
  2   2   0   4   0   3   1   1   5   2   6  2
  2   2   0   4   0   4   1   2   2   0   9  2
  2   2   0   4   1   1   2   1   5   2   6  2
  2   2   0   4   1   2   2   0   3   4   6  2
  2   2   0   4   1   2   2   0   5   0   8  2
  2   2   0   4   1   3   0   3   2   0   9  2
  2   2   0   4   1   3   1   1   3   0   9  2
  2   2   0   4   1   3   1   2   1   1   9  2
  2   2   0   8   0   2   7   3   3   3   9  3
  2   2   0   8   3   0   2   7   3   3   9  3
  2   2   0   8   3   3   0   2   7   3   9  3
  2   2   0  11   0   9   4   4   4   4  12  4
  2   2   0  12   3   0   9   4   4   4  12  4
  2   2   0  12   4   3   0   9   4   4  12  4
  2   2   0  12   4   4   3   0   9   4  12  4
  2   2   1   1   2   1   5   0   4   2   6  2
  2   2   1   1   2   1   5   2   0   4   6  2
  2   2   1   1   2   1   5   2   2   0   8  2
  2   2   1   1   3   0   2   5   2   2   6  2
  2   2   1   1   4   0   3   2   0   5   6  2
  2   2   1   1   4   1   1   3   0   5   6  2
  2   2   1   1   4   1   2   1   1   5   6  2
  2   2   1   1   4   2   0   3   2   0   9  2
  2   2   1   1   4   2   1   1   3   0   9  2
  2   2   1   1   4   2   1   2   1   1   9  2
  2   2   1   2   1   1   2   5   2   2   6  2
  2   2   1   2   2   0   4   0   5   2   6  2
  2   2   1   2   2   0   5   0   2   4   6  2
  2   2   1   2   2   0   5   0   4   0   8  2
  2   2   1   2   2   0   5   2   0   2   8  2
  2   2   1   2   3   2   0   2   3   0   9  2
  2   2   1   2   3   2   0   3   1   1   9  2
  2   2   1   2   3   2   1   1   2   1   9  2
  2   2   1   3   0   2   2   1   5   2   6  2
  2   2   1   3   0   3   2   0   3   4   6  2
  2   2   1   3   0   3   2   0   5   0   8  2
  2   2   1   3   0   4   0   3   2   0   9  2
  2   2   1   3   0   4   1   1   3   0   9  2
  2   2   1   3   0   4   1   2   1   1   9  2
  2   2   1   3   1   1   3   0   3   4   6  2
  2   2   1   3   1   1   3   0   5   0   8  2
  2   2   1   3   1   2   1   1   3   4   6  2
  2   2   1   3   1   2   1   1   5   0   8  2
  2   2   1   3   1   3   0   2   3   0   9  2
  2   2   1   3   1   3   0   3   1   1   9  2
  2   2   1   3   1   3   1   1   2   1   9  2
  2   2   2   0   2   2   3   0   5   2   6  2
  2   2   2   0   2   3   1   1   5   2   6  2
  2   2   2   0   2   3   2   2   0   5   6  2
  2   2   2   0   3   1   2   1   5   2   6  2
  2   2   2   0   3   1   3   2   0   5   6  2
  2   2   2   0   3   2   1   3   0   5   6  2
  2   2   2   0   3   2   2   0   5   0   8  2
  2   2   2   0   4   0   3   2   2   0   9  2
  2   2   2   0   4   1   1   3   2   0   9  2
  2   2   2   0   4   1   2   1   3   0   9  2
  2   2   2   0   4   1   2   2   1   1   9  2
  2   2   2   1   1   2   2   1   5   2   6  2
  2   2   2   1   1   3   2   0   5   0   8  2
  2   2   2   1   2   1   3   0   5   0   8  2
  2   2   2   1   2   2   1   1   5   0   8  2
  2   2   2   1   2   2   2   0   2   5   6  2
  2   2   2   1   3   0   2   3   2   0   9  2
  2   2   2   1   3   0   3   1   3   0   9  2
  2   2   2   1   3   0   3   2   1   1   9  2
  2   2   2   1   3   1   1   2   3   0   9  2
  2   2   2   1   3   1   1   3   1   1   9  2
  2   2   2   1   3   1   2   1   2   1   9  2
  2   2   2   2   0   2   3   2   2   0   9  2
  2   2   2   2   0   3   1   3   2   0   9  2
  2   2   2   2   0   3   2   1   3   0   9  2
  2   2   2   2   0   3   2   2   1   1   9  2
  2   2   2   2   1   1   2   3   2   0   9  2
  2   2   2   2   1   1   3   1   3   0   9  2
  2   2   2   2   1   1   3   2   1   1   9  2
  2   2   2   2   1   2   1   2   3   0   9  2
  2   2   2   2   1   2   1   3   1   1   9  2
  2   2   2   2   1   2   2   1   2   1   9  2
  2   2   3   5   3   2   0   2   8   3   9  3
  2   3   0   6   4   0   6   3   2   0  13  3
  2   3   0   7   3   2   0   3   7   3   9  3
  2   3   3   2   0   8   3   2   0   7   9  3
  2   3   3   2   0   8   3   3   2   0  13  3
  2   3   3   3   4   3   3   0   2   3  13  3
  2   3   3   4   3   2   0   3   4   6   9  3
  2   3   3   4   3   2   0   3   7   0  12  3
  2   3   4   0   2   6   4   3   2   0  13  3
  2   3   4   0   5   0   7   2   0   7   9  3
  2   3   4   0   5   0   7   3   2   0  13  3
  2   3   4   0   6   0   6   3   0   2  13  3
  2   3   4   0   6   3   0   2   4   6   9  3
  2   3   4   0   6   3   0   2   7   0  12  3
  2   3   4   2   0   6   4   3   0   2  13  3
  2   3   4   2   0   7   3   2   0   4  12  3
  2   3   4   3   0   2   4   3   6   3   9  3
  2   3   4   3   0   2   4   6   0   6   9  3
  2   3   4   3   0   2   4   6   3   0  12  3
  2   3   4   3   0   2   7   0   3   6   9  3
  2   3   4   3   0   2   7   0   6   0  12  3
  2   3   4   3   2   0   4   6   2   0  13  3
  2   3   4   3   2   0   7   0   5   0  13  3
  2   4   0   2   7   0   2   7   3   3   9  3
  2   4   0   5   4   0   2   4   6   3   9  3
  2   4   0   5   4   0   2   7   0   6   9  3
  2   4   0   5   4   0   2   7   3   0  12  3
  2   4   0   5   4   2   0   6   0   7   9  3
  2   4   0   5   4   2   0   7   2   0  13  3
  2   4   0   5   4   3   0   6   0   2  13  3
  2   4   0   6   0   6   0   6   2   0  13  3
  2   4   0   6   0   6   2   0   4   6   9  3
  2   4   0   6   0   6   2   0   7   0  12  3
  2   4   0   6   0   6   2   4   0   2  13  3
  2   4   0   6   2   0   4   6   0   6   9  3
  2   4   0   6   2   0   4   6   3   0  12  3
  2   4   0   6   2   0   6   4   2   0  13  3
  2   4   0   6   2   0   7   0   3   6   9  3
  2   4   0   6   2   0   7   0   6   0  12  3
  2   4   0   6   2   0   7   3   0   3  12  3
  2   4   0   6   2   4   0   2   4   6   9  3
  2   4   0   6   2   4   0   2   7   0  12  3
  2   4   0   6   2   4   0   6   0   2  13  3
  2   4   0   6   2   4   2   0   6   0  13  3
  2   4   2   0   4   5   4   2   0   7   9  3
  2   4   2   0   4   6   0   6   0   6   9  3
  2   4   2   0   4   6   0   6   3   0  12  3
  2   4   2   0   4   6   2   4   2   0  13  3
  2   4   2   0   4   6   3   0   3   6   9  3
  2   4   2   0   4   6   3   0   6   0  12  3
  2   4   2   0   4   6   3   3   0   3  12  3
  2   4   2   0   6   4   2   0   4   6   9  3
  2   4   2   0   6   4   2   0   7   0  12  3
  2   4   2   0   7   0   5   4   2   0  13  3
  2   4   2   0   7   0   6   0   6   0  12  3
  2   4   2   0   7   0   6   3   0   3  12  3
  2   4   2   0   7   2   4   2   0   4  12  3
  2   4   2   0   7   3   0   3   3   6   9  3
  2   4   2   0   7   3   0   3   6   0  12  3
  2   4   2   0   7   3   2   1   5   0  13  3
  2   4   2   0   7   3   3   0   3   3  12  3
  2   4   2   3   4   2   0   4   2   7   9  3
  2   4   2   4   0   2   4   6   0   6   9  3
  2   4   2   4   0   2   4   6   3   0  12  3
  2   4   2   4   0   2   6   4   2   0  13  3
  2   4   2   4   0   2   7   0   3   6   9  3
  2   4   2   4   0   2   7   0   6   0  12  3
  2   4   2   4   0   2   7   3   0   3  12  3
  2   4   2   4   0   6   0   2   4   6   9  3
  2   4   2   4   0   6   0   2   7   0  12  3
  2   4   2   4   0   6   0   6   0   2  13  3
  2   4   2   4   0   6   2   0   6   0  13  3
  2   4   2   4   2   0   4   6   2   0  13  3
  2   4   2   4   2   0   6   0   4   6   9  3
  2   4   2   4   2   0   6   0   7   0  12  3
  2   4   2   4   2   0   6   4   0   2  13  3
  2   4   2   4   2   4   0   2   6   0  13  3
  2   4   2   4   2   4   2   0   4   2  13  3
  2   4   3   0   3   3   6   2   0   7   9  3
  2   4   3   0   3   5   4   0   2   7   9  3
  2   4   3   0   3   6   2   0   4   6   9  3
  2   4   3   0   3   6   2   0   7   0  12  3
  2   4   3   0   5   1   6   0   2   7   9  3
  2   4   3   0   5   4   0   2   4   6   9  3
  2   4   3   0   5   4   0   2   7   0  12  3
  2   4   3   0   6   0   3   6   2   0  13  3
  2   4   3   0   6   0   5   4   0   2  13  3
  2   4   3   0   6   2   1   6   0   2  13  3
  2   4   3   2   1   6   0   2   4   6   9  3
  2   4   3   2   1   6   0   2   7   0  12  3
  2   4   3   2   4   0   3   6   0   2  13  3
  2   4   3   3   0   3   3   6   2   0  13  3
  2   4   3   3   0   3   5   4   0   2  13  3
  2   4   3   3   0   5   1   6   0   2  13  3
  2   4   3   3   2   1   3   6   0   2  13  3
  2   4   4   5   5   4   4   2   0   5  17  4
  2   4   5   4   5   4   2   0   9   0  17  4
  2   4   5   5   4   0   2   5   9   4  12  4
  2   4   6   3   0   9   4   0   2  10  12  4
  2   5   0  13   5   2   0  13   5   5  15  5
  2   5   0  13   5   5   2   0  13   5  15  5
  2   5   3   5   5   3   5   2   0   5  17  4
  2   5   5   0   2   9   5   4   3   0  17  4
  2   5   5   2   0   5   5   8   4   4  12  4
  2   5   5   2   0   5   9   0   8   4  12  4
  2   5   5   2   0   5   9   4   0   8  12  4
  2   5   5   2   0   5   9   4   4   0  16  4
  2   5   5   2   0   9   5   2   0  10  12  4
  2   5   5   2   0  10   4   0   3   9  12  4
  2   5   5   3   3   5   5   2   0   5  17  4
  2   5   5   5   8   5   5   5   0   2  23  5
  2   5   5   8   0  10   5   5   2   0  23  5
  2   5   5   8   2   8   5   5   0   2  23  5
  2   5   5   8   5   5   2   0   8  10  15  5
  2   5   5   8   5   5   2   0  13   0  20  5
  2   5   8   0   7   8   5   2   0  13  15  5
  2   5   8   0  10   2   8   5   2   0  23  5
  2   5   8   2   8   0  10   5   2   0  23  5
  2   5   8   2   8   2   8   5   0   2  23  5
  2   5   8   2   8   5   2   0   8  10  15  5
  2   5   8   2   8   5   2   0  13   0  20  5
  2   5   8   5   0   7   8   5   2   0  23  5
  2   5   8   5   2   5   8   5   0   2  23  5
  2   6   3   0   9   2   0   6   8   4  12  4
  2   6   3   0   9   2   0  10   0   8  12  4
  2   6   3   0   9   2   0  10   4   0  16  4
  2   6   3   4   4   0   9   0   2  10  12  4
  2   8   0   7   8   5   2   8   2   0  23  5
  2   8   0  10   2   8   2   8   2   0  23  5
  2   8   2   0  10   0  13   5   5   5  15  5
  2   8   2   0  13   2   0  13   5   5  15  5
  2   8   2   5   8   5   0  10   2   0  23  5
  2   8   2   5   8   5   2   8   0   2  23  5
  2   8   2   8   0  10   2   8   2   0  23  5
  2   8   2   8   2   8   0  10   2   0  23  5
  2   8   2   8   2   8   2   0   8  10  15  5
  2   8   2   8   2   8   2   0  13   0  20  5
  2   8   2   8   2   8   2   8   0   2  23  5
  2   8   5   0   7   5   8   2   0  13  15  5
  2   8   5   0  10   2   5   8   2   0  23  5
  2   8   5   2   5   8   2   0   8  10  15  5
  2   8   5   2   5   8   2   0  13   0  20  5
  2   8   5   2   8   0   7   8   2   0  23  5
  2   8   5   2   8   2   3  10   2   0  23  5
  2   8   5   2   8   2   5   8   0   2  23  5
  2   8   5   5   0   7   5   8   2   0  23  5
  2   8   5   5   2   3   7   8   2   0  23  5
  2   8   5   5   2   5   3  10   2   0  23  5
  2   8   5   5   2   5   5   8   0   2  23  5
  2  11  11   2   0  11  19   8   8   8  24  8
  2  14   5   0  19   2   0  22   8   8  24  8
  3   0   3   2  12   4   4   4   4   4  12  4
  3   0   3   4   3   0   8   3   3   3   9  3
  3   0   3   5   0   3   7   3   3   3   9  3
  3   0   3   5   3   0   7   0   6   3   9  3
  3   0   3   5   3   0   7   3   0   6   9  3
  3   0   3   5   3   0   7   3   3   0  12  3
  3   0   3   5   4   3   3   0   5   0  13  3
  3   0   3   5   4   3   3   2   1   2  13  3
  3   0   3   6   0   5   3   0   7   3   9  3
  3   0   3   6   0   6   3   2   3   0  13  3
  3   0   3   6   1   3   0   8   3   3   9  3
  3   0   3   6   2   3   0   7   0   6   9  3
  3   0   3   6   2   3   0   7   3   0  12  3
  3   0   3   6   2   4   3   0   5   0  13  3
  3   0   3   6   2   4   3   2   1   2  13  3
  3   0   3   6   3   1   3   0   8   3   9  3
  3   0   3   6   3   2   3   0   4   6   9  3
  3   0   3   6   3   2   3   0   7   0  12  3
  3   0   3  10   0   8   0   8   4   4  12  4
  3   0   3  10   0   8   4   0   8   4  12  4
  3   0   3  10   0   8   4   4   0   8  12  4
  3   0   3  10   0   8   4   4   4   0  16  4
  3   0   3  10   4   0   8   0   8   4  12  4
  3   0   3  10   4   0   8   4   0   8  12  4
  3   0   3  10   4   0   8   4   4   0  16  4
  3   0   3  10   4   4   0   8   0   8  12  4
  3   0   3  10   4   4   0   8   4   0  16  4
  3   0   3  10   4   4   4   0   4   8  12  4
  3   0   3  10   4   4   4   0   8   0  16  4
  3   0   3  10   4   4   4   4   0   4  16  4
  3   0   4   0   3   8   3   3   3   3   9  3
  3   0   4   3   0   8   0   6   3   3   9  3
  3   0   4   3   0   8   3   0   6   3   9  3
  3   0   4   3   0   8   3   3   0   6   9  3
  3   0   4   3   0   8   3   3   3   0  12  3
  3   0   4   4   4   3   1   3   0   8   9  3
  3   0   4   5   3   0   4   0   8   3   9  3
  3   0   4   5   3   1   2   1   8   3   9  3
  3   0   5   0   3   7   0   6   3   3   9  3
  3   0   5   0   3   7   3   0   6   3   9  3
  3   0   5   0   3   7   3   3   0   6   9  3
  3   0   5   0   3   7   3   3   3   0  12  3
  3   0   5   3   0   7   0   3   6   3   9  3
  3   0   5   3   0   7   0   6   0   6   9  3
  3   0   5   3   0   7   0   6   3   0  12  3
  3   0   5   3   0   7   3   0   3   6   9  3
  3   0   5   3   0   7   3   0   6   0  12  3
  3   0   5   3   0   7   3   2   3   0  13  3
  3   0   5   3   0   7   3   3   0   3  12  3
  3   0   5   3   4   3   2   3   0   3  13  3
  3   0   5   3   4   3   3   0   3   2  13  3
  3   0   5   4   0   3   1   8   3   3   9  3
  3   0   5   4   0   3   5   0   7   3   9  3
  3   0   5   4   0   6   3   0   5   0  13  3
  3   0   5   4   0   6   3   2   1   2  13  3
  3   0   5   4   2   4   3   0   3   2  13  3
  3   0   5   4   3   0   5   0   4   6   9  3
  3   0   5   4   3   0   5   0   7   0  12  3
  3   0   5   4   3   2   1   2   4   6   9  3
  3   0   5   4   3   2   1   2   7   0  12  3
  3   0   6   0   3   5   3   0   7   3   9  3
  3   0   6   0   3   6   2   3   0   7   9  3
  3   0   6   0   5   4   0   5   0   7   9  3
  3   0   6   0   5   4   2   1   2   7   9  3
  3   0   6   0   6   0   6   2   3   0  13  3
  3   0   6   0   6   1   3   0   8   3   9  3
  3   0   6   0   6   2   3   0   4   6   9  3
  3   0   6   0   6   2   3   0   7   0  12  3
  3   0   6   0   6   2   4   0   5   0  13  3
  3   0   6   0   6   2   4   2   1   2  13  3
  3   0   6   1   3   0   5   6   3   3   9  3
  3   0   6   1   3   0   8   0   6   3   9  3
  3   0   6   1   3   0   8   3   0   6   9  3
  3   0   6   1   3   0   8   3   3   0  12  3
  3   0   6   1   5   0   4   0   8   3   9  3
  3   0   6   1   5   1   2   1   8   3   9  3
  3   0   6   2   1   5   1   2   7   3   9  3
  3   0   6   2   2   5   1   3   0   8   9  3
  3   0   6   2   3   0   4   6   0   6   9  3
  3   0   6   2   3   0   4   6   3   0  12  3
  3   0   6   2   3   0   6   3   0   7   9  3
  3   0   6   2   3   0   7   0   3   6   9  3
  3   0   6   2   3   0   7   0   6   0  12  3
  3   0   6   2   3   0   7   3   0   3  12  3
  3   0   6   2   3   3   3   0   3   7   9  3
  3   0   6   2   4   0   5   0   4   6   9  3
  3   0   6   2   4   0   5   0   7   0  12  3
  3   0   6   2   4   0   6   0   5   0  13  3
  3   0   6   2   4   0   6   2   1   2  13  3
  3   0   6   2   4   2   1   2   4   6   9  3
  3   0   6   2   4   2   1   2   7   0  12  3
  3   0   6   2   4   2   3   0   6   0  13  3
  3   0   6   2   4   2   4   0   3   2  13  3
  3   0   6   3   0   3   6   2   3   0  13  3
  3   0   6   3   0   5   4   0   5   0  13  3
  3   0   6   3   0   5   4   2   1   2  13  3
  3   0   6   3   2   1   6   0   5   0  13  3
  3   0   6   3   2   1   6   2   1   2  13  3
  3   0   6   3   2   3   4   0   3   2  13  3
  3   0   7   6   4   3   0   3  10   4  12  4
  3   0   8   5   0   8   0   3   9   4  12  4
  3   0   8   5   0   8   4   4   0   3  17  4
  3   0   8   5   3   5   3   0   8   0  17  4
  3   0   8   5   4   4   0   3   5   8  12  4
  3   0   8   5   4   4   0   3   9   0  16  4
  3   0   9   0   7   5   4   0   3   9  12  4
  3   0   9   0   8   0   8   4   3   0  17  4
  3   0   9   0   8   3   5   4   0   3  17  4
  3   0   9   0   8   4   3   0   5   8  12  4
  3   0   9   0   8   4   3   0   9   0  16  4
  3   0   9   3   0   9   0   8   0   8  12  4
  3   0   9   3   0   9   0   8   4   0  16  4
  3   0   9   3   0   9   4   0   8   0  16  4
  3   0   9   3   0   9   4   4   0   4  16  4
  3   0   9   3   5   0   8   4   0   3  17  4
  3   0   9   3   5   4   0   3   5   8  12  4
  3   0   9   3   5   4   0   3   9   0  16  4
  3   0   9   4   0   7   5   4   0   3  17  4
  3   0   9   4   3   0   5   4   8   4  12  4
  3   0   9   4   3   0   5   8   0   8  12  4
  3   0   9   4   3   0   5   8   4   0  16  4
  3   0   9   4   3   0   9   0   4   8  12  4
  3   0   9   4   3   0   9   0   8   0  16  4
  3   0  10   5   7   5   5   5   0   3  22  5
  3   0  10   7   0  10   3   0  12   5  15  5
  3   0  10   7   0  10   5   5   3   0  22  5
  3   0  10   7   3   7   5   5   0   3  22  5
  3   0  10   7   5   5   3   0   7  10  15  5
  3   0  10   7   5   5   3   0  12   0  20  5
  3   0  11   0  11   3   0  12   5   5  15  5
  3   0  11   6   5   3   0   6  11   5  15  5
  3   0  12   0   8   7   5   3   0  12  15  5
  3   0  12   0  10   3   7   5   3   0  22  5
  3   0  12   3   7   0  10   5   3   0  22  5
  3   0  12   3   7   3   7   5   0   3  22  5
  3   0  12   3   7   5   3   0   7  10  15  5
  3   0  12   3   7   5   3   0  12   0  20  5
  3   0  12   4   0  11   5   3   0  12  15  5
  3   0  12   5   0   8   7   5   3   0  22  5
  3   0  12   5   3   5   7   5   0   3  22  5
  3   0  16   9   7   0   3  18   7   7  21  7
  3   1   2   5   4   3   1   3   0   8   9  3
  3   1   2   6   0   4   0   8   3   3   9  3
  3   1   2   6   1   2   1   8   3   3   9  3
  3   1   2   6   3   0   4   0   8   3   9  3
  3   1   2   6   3   1   2   1   8   3   9  3
  3   1   3   0   8   0   3   6   3   3   9  3
  3   1   3   0   8   0   6   0   6   3   9  3
  3   1   3   0   8   0   6   3   0   6   9  3
  3   1   3   0   8   0   6   3   3   0  12  3
  3   1   3   0   8   3   0   3   6   3   9  3
  3   1   3   0   8   3   0   6   0   6   9  3
  3   1   3   0   8   3   0   6   3   0  12  3
  3   1   3   0   8   3   3   0   3   6   9  3
  3   1   3   0   8   3   3   0   6   0  12  3
  3   1   3   0   8   3   3   3   0   3  12  3
  3   1   3   3   5   3   3   1   3   0  14  3
  3   1   3   4   4   3   0   4   0   8   9  3
  3   1   3   4   4   3   1   2   1   8   9  3
  3   1   3   5   1   5   3   1   3   0  14  3
  3   1   3   5   3   0   3   1   8   3   9  3
  3   1   4   4   1   3   0   8   0   6   9  3
  3   1   4   4   1   3   0   8   3   0  12  3
  3   1   5   0   4   0   5   6   3   3   9  3
  3   1   5   0   4   0   8   0   6   3   9  3
  3   1   5   0   4   0   8   3   0   6   9  3
  3   1   5   0   4   0   8   3   3   0  12  3
  3   1   5   0   6   0   4   0   8   3   9  3
  3   1   5   0   6   1   2   1   8   3   9  3
  3   1   5   1   2   1   5   6   3   3   9  3
  3   1   5   1   2   1   8   0   6   3   9  3
  3   1   5   1   2   1   8   3   0   6   9  3
  3   1   5   1   2   1   8   3   3   0  12  3
  3   1   5   1   5   0   3   1   8   3   9  3
  3   1   5   1   5   1   5   1   3   0  14  3
  3   1   5   2   1   6   1   3   0   8   9  3
  3   1   5   2   2   5   0   4   0   8   9  3
  3   1   5   2   2   5   1   2   1   8   9  3
  3   1   5   3   1   3   5   1   3   0  14  3
  3   2   1   5   4   3   2   3   0   3  13  3
  3   2   1   5   4   3   3   0   3   2  13  3
  3   2   1   6   0   5   0   7   0   6   9  3
  3   2   1   6   0   5   0   7   3   0  12  3
  3   2   1   6   0   6   3   0   5   0  13  3
  3   2   1   6   0   6   3   2   1   2  13  3
  3   2   1   6   2   1   2   7   0   6   9  3
  3   2   1   6   2   1   2   7   3   0  12  3
  3   2   1   6   2   4   3   0   3   2  13  3
  3   2   1   6   3   0   5   0   4   6   9  3
  3   2   1   6   3   0   5   0   7   0  12  3
  3   2   1   6   3   2   1   2   4   6   9  3
  3   2   1   6   3   2   1   2   7   0  12  3
  3   2   2   1   2   8   0   6   3   3   9  3
  3   2   2   1   2   8   3   0   6   3   9  3
  3   2   2   1   2   8   3   3   0   6   9  3
  3   2   2   1   2   8   3   3   3   0  12  3
  3   2   2   3   0   3   8   3   3   3   9  3
  3   2   2   5   2   2   1   2   8   3   9  3
  3   2   3   0   3   2   8   3   3   3   9  3
  3   2   3   0   5   3   0   8   3   3   9  3
  3   2   3   0   7   0   3   6   0   6   9  3
  3   2   3   0   7   0   3   6   3   0  12  3
  3   2   3   0   7   0   5   3   0   7   9  3
  3   2   3   0   7   0   6   0   3   6   9  3
  3   2   3   0   7   0   6   0   6   0  12  3
  3   2   3   0   7   0   6   2   3   0  13  3
  3   2   3   0   7   0   6   3   0   3  12  3
  3   2   3   0   7   2   3   0   7   0  12  3
  3   2   3   0   7   3   0   3   6   0  12  3
  3   2   3   0   7   3   0   5   3   0  13  3
  3   2   3   0   7   3   0   6   0   3  12  3
  3   2   3   3   0   7   3   0   5   0  13  3
  3   2   3   3   0   7   3   2   1   2  13  3
  3   2   3   3   4   3   0   5   0   3  13  3
  3   2   3   3   4   3   2   1   2   3  13  3
  3   2   3   4   0   6   3   0   3   2  13  3
  3   2   3   4   2   3   0   3   4   6   9  3
  3   2   3   4   2   3   0   3   7   0  12  3
  3   2   3   4   3   0   3   2   4   6   9  3
  3   2   3   4   3   0   3   2   7   0  12  3
  3   2   4   0   3   6   0   5   0   7   9  3
  3   2   4   0   3   6   2   1   2   7   9  3
  3   2   4   0   5   0   4   6   0   6   9  3
  3   2   4   0   5   0   4   6   3   0  12  3
  3   2   4   0   5   0   6   3   0   7   9  3
  3   2   4   0   5   0   7   0   3   6   9  3
  3   2   4   0   5   0   7   0   6   0  12  3
  3   2   4   0   5   0   7   2   3   0  13  3
  3   2   4   0   5   0   7   3   0   3  12  3
  3   2   4   0   5   4   0   3   2   7   9  3
  3   2   4   0   6   0   5   0   4   6   9  3
  3   2   4   0   6   0   5   0   7   0  12  3
  3   2   4   0   6   0   6   0   5   0  13  3
  3   2   4   0   6   0   6   2   1   2  13  3
  3   2   4   0   6   2   1   2   4   6   9  3
  3   2   4   0   6   2   1   2   7   0  12  3
  3   2   4   0   6   2   3   0   6   0  13  3
  3   2   4   0   6   2   4   0   3   2  13  3
  3   2   4   1   4   0   5   0   8   3   9  3
  3   2   4   2   1   2   4   6   0   6   9  3
  3   2   4   2   1   2   4   6   3   0  12  3
  3   2   4   2   1   2   7   0   3   6   9  3
  3   2   4   2   1   2   7   0   6   0  12  3
  3   2   4   2   1   2   7   2   3   0  13  3
  3   2   4   2   1   2   7   3   0   3  12  3
  3   2   4   2   3   0   4   5   0   7   9  3
  3   2   4   2   3   0   6   0   7   0  12  3
  3   2   4   2   3   0   7   0   5   0  13  3
  3   2   4   2   3   0   7   2   1   2  13  3
  3   2   4   2   4   0   3   2   4   6   9  3
  3   2   4   2   4   0   3   2   7   0  12  3
  3   2   4   2   4   0   5   0   6   0  13  3
  3   2   4   2   4   0   6   0   3   2  13  3
  3   2   4   2   4   2   1   2   6   0  13  3
  3   2   4   2   4   2   3   0   4   2  13  3
  3   2   4   3   0   3   6   0   5   0  13  3
  3   2   4   3   0   3   6   2   1   2  13  3
  3   2   4   3   0   5   4   0   3   2  13  3
  3   2   4   3   2   1   6   0   3   2  13  3
  3   3   0   3   3   5   3   0   7   3   9  3
  3   3   0   3   4   3   0   8   3   3   9  3
  3   3   0   3   5   0   3   7   3   3   9  3
  3   3   0   3   5   3   0   7   0   6   9  3
  3   3   0   3   5   3   0   7   3   0  12  3
  3   3   0   3   6   0   5   3   0   7   9  3
  3   3   0   3   6   2   1   5   0   7   9  3
  3   3   0   3   6   2   3   1   2   7   9  3
  3   3   0   3   6   3   0   5   3   0  13  3
  3   3   0   3   6   3   2   1   5   0  13  3
  3   3   0   3   6   3   2   3   1   2  13  3
  3   3   0   3  11   0   8   4   4   4  12  4
  3   3   0   3  11   4   0   8   4   4  12  4
  3   3   0   3  11   4   4   0   8   4  12  4
  3   3   0   3  11   4   4   4   0   8  12  4
  3   3   0   3  11   4   4   4   4   0  16  4
  3   3   0   4   2   4   0   8   3   3   9  3
  3   3   0   4   3   0   8   0   6   3   9  3
  3   3   0   4   3   0   8   3   0   6   9  3
  3   3   0   4   3   0   8   3   3   0  12  3
  3   3   0   4  15   5   5   5   5   5  15  5
  3   3   0   5   1   2   3   7   3   3   9  3
  3   3   0   5   1   5   0   7   0   6   9  3
  3   3   0   5   1   5   0   7   3   0  12  3
  3   3   0   5   3   0   7   0   3   6   9  3
  3   3   0   5   3   0   7   0   6   0  12  3
  3   3   0   5   3   0   7   3   0   3  12  3
  3   3   0   5   3   3   0   6   0   7   9  3
  3   3   0   5   4   1   3   3   0   8   9  3
  3   3   0   5   4   2   3   3   0   3  13  3
  3   3   0   5   4   3   0   3   5   0  13  3
  3   3   0   5   4   3   0   5   1   2  13  3
  3   3   0   5   4   3   2   1   3   2  13  3
  3   3   0   6   0   4   3   0   8   3   9  3
  3   3   0   6   0   5   3   0   4   6   9  3
  3   3   0   6   0   5   3   0   7   0  12  3
  3   3   0   6   0   6   0   5   3   0  13  3
  3   3   0   6   0   6   2   1   5   0  13  3
  3   3   0   6   0   6   2   3   1   2  13  3
  3   3   0   6   1   2   4   0   8   3   9  3
  3   3   0   6   1   3   2   1   8   3   9  3
  3   3   0   6   2   1   5   0   4   6   9  3
  3   3   0   6   2   1   5   0   7   0  12  3
  3   3   0   6   2   3   1   2   4   6   9  3
  3   3   0   6   2   3   1   2   7   0  12  3
  3   3   0   6   2   3   3   0   6   0  13  3
  3   3   0   6   2   4   0   3   5   0  13  3
  3   3   0   6   2   4   0   5   1   2  13  3
  3   3   0   6   2   4   2   1   3   2  13  3
  3   3   0   8   6   4   4   3   3   0  18  4
  3   3   0   9   5   0   8   4   3   0  17  4
  3   3   0   9   5   4   0   8   3   0  17  4
  3   3   0  10   2   6   4   3   3   0  18  4
  3   3   0  10   3   5   0   8   3   0  17  4
  3   3   0  13   6   5   5   3   0  12  15  5
  3   3   0  14   0  10   0  10   5   5  15  5
  3   3   0  14   0  10   5   0  10   5  15  5
  3   3   0  14   0  10   5   5   0  10  15  5
  3   3   0  14   0  10   5   5   5   0  20  5
  3   3   0  14   5   0  10   0  10   5  15  5
  3   3   0  14   5   0  10   5   0  10  15  5
  3   3   0  14   5   0  10   5   5   0  20  5
  3   3   0  14   5   5   0  10   0  10  15  5
  3   3   0  14   5   5   0  10   5   0  20  5
  3   3   0  14   5   5   5   0   5  10  15  5
  3   3   0  14   5   5   5   0  10   0  20  5
  3   3   0  14   5   5   5   5   0   5  20  5
  3   3   0  17   7   6   6   6   5   0  25  6
  3   3   0  18   5   7   6   6   5   0  25  6
  3   3   0  24   8   8   9   9   8   8  24  8
  3   3   0  24   8  10   7   7  10   8  24  8
  3   3   0  24  10   6   9   9   6  10  24  8
  3   3   0  24  10   8   7   7   8  10  24  8
  3   3   0  26   6   8   9   9   8   6  26  8
  3   3   0  26   6  10   7   7  10   6  26  8
  3   3   0  26   8   6   9   9   6   8  26  8
  3   3   0  26   8   8   7   7   8   8  26  8
  3   3   1   2   4   0   8   0   6   3   9  3
  3   3   1   2   4   0   8   3   0   6   9  3
  3   3   1   2   4   0   8   3   3   0  12  3
  3   3   1   3   2   1   8   0   6   3   9  3
  3   3   1   3   2   1   8   3   0   6   9  3
  3   3   1   3   2   1   8   3   3   0  12  3
  3   3   1   3   5   3   1   3   3   0  14  3
  3   3   1   4   4   0   4   3   0   8   9  3
  3   3   1   4   4   1   2   4   0   8   9  3
  3   3   1   4   4   1   3   2   1   8   9  3
  3   3   1   5   0   3   4   0   8   3   9  3
  3   3   1   5   0   4   2   1   8   3   9  3
  3   3   1   5   1   2   3   1   8   3   9  3
  3   3   1   5   1   5   1   3   3   0  14  3
  3   3   2   1   4   1   2   8   3   3   9  3
  3   3   2   1   5   0   7   0   3   6   9  3
  3   3   2   1   5   0   7   0   6   0  12  3
  3   3   2   1   5   0   7   3   0   3  12  3
  3   3   2   1   6   0   3   5   0   7   9  3
  3   3   2   1   6   0   5   1   2   7   9  3
  3   3   2   1   6   2   1   3   2   7   9  3
  3   3   2   1   6   2   3   3   0   3  13  3
  3   3   2   1   6   3   0   3   5   0  13  3
  3   3   2   1   6   3   0   5   1   2  13  3
  3   3   2   1   6   3   2   1   3   2  13  3
  3   3   2   2   2   2   2   8   3   3   9  3
  3   3   2   2   3   3   0   8   0   6   9  3
  3   3   2   2   3   3   0   8   3   0  12  3
  3   3   2   3   1   2   7   0   3   6   9  3
  3   3   2   3   1   2   7   0   6   0  12  3
  3   3   2   3   1   2   7   3   0   3  12  3
  3   3   2   3   2   1   5   0   8   3   9  3
  3   3   2   3   3   0   3   3   7   3   9  3
  3   3   2   3   3   0   6   0   7   0  12  3
  3   3   2   3   4   0   5   3   0   3  13  3
  3   3   2   3   4   2   1   5   0   3  13  3
  3   3   2   3   4   2   3   1   2   3  13  3
  3   3   2   3   4   3   0   3   3   2  13  3
  3   3   2   4   0   3   5   0   4   6   9  3
  3   3   2   4   0   3   5   0   7   0  12  3
  3   3   2   4   0   5   1   2   4   6   9  3
  3   3   2   4   0   5   1   2   7   0  12  3
  3   3   2   4   0   5   3   0   6   0  13  3
  3   3   2   4   0   6   0   3   5   0  13  3
  3   3   2   4   0   6   0   5   1   2  13  3
  3   3   2   4   0   6   2   1   3   2  13  3
  3   3   2   4   2   1   3   2   4   6   9  3
  3   3   2   4   2   1   3   2   7   0  12  3
  3   3   2   4   2   1   5   0   6   0  13  3
  3   3   2   4   2   3   1   2   6   0  13  3
  3   3   2   4   2   3   3   0   4   2  13  3
  3   3   2   4   2   4   0   3   3   2  13  3
  3   3   3   0   3   3   5   3   0   7   9  3
  3   3   3   0   3   4   3   0   8   3   9  3
  3   3   3   0   3   5   1   5   0   7   9  3
  3   3   3   0   3   5   3   0   7   0  12  3
  3   3   3   0   4   2   4   0   8   3   9  3
  3   3   3   0   4   3   2   1   8   3   9  3
  3   3   3   0   5   1   3   5   0   7   9  3
  3   3   3   0   5   1   5   0   7   0  12  3
  3   3   3   0   5   3   1   2   7   0  12  3
  3   3   3   0   5   3   3   0   6   0  13  3
  3   3   3   0   5   3   3   3   0   3  13  3
  3   3   3   0   6   0   3   5   3   0  13  3
  3   3   3   0   6   0   5   1   5   0  13  3
  3   3   3   0   6   0   5   3   1   2  13  3
  3   3   3   0   6   2   1   3   5   0  13  3
  3   3   3   0   6   2   1   5   1   2  13  3
  3   3   3   0   6   2   3   1   3   2  13  3
  3   3   3   1   2   3   4   0   8   3   9  3
  3   3   3   1   2   4   2   1   8   3   9  3
  3   3   3   1   3   2   3   1   8   3   9  3
  3   3   3   1   5   1   3   3   3   0  14  3
  3   3   3   2   1   3   5   0   7   0  12  3
  3   3   3   2   1   4   3   3   0   8   9  3
  3   3   3   2   1   5   1   2   7   0  12  3
  3   3   3   2   1   5   3   0   6   0  13  3
  3   3   3   2   2   2   4   3   0   8   9  3
  3   3   3   2   2   3   2   4   0   8   9  3
  3   3   3   2   3   1   3   2   7   0  12  3
  3   3   3   2   3   1   5   0   6   0  13  3
  3   3   3   2   3   3   1   2   6   0  13  3
  3   3   3   2   4   0   3   3   5   0  13  3
  3   3   3   2   4   0   3   5   1   2  13  3
  3   3   3   2   4   0   5   1   3   2  13  3
  3   3   3   2   4   2   1   3   3   2  13  3
  3   3   3   3   0   3   3   5   3   0  13  3
  3   3   3   3   0   3   5   1   5   0  13  3
  3   3   3   3   0   3   5   3   1   2  13  3
  3   3   3   3   0   5   1   3   5   0  13  3
  3   3   3   3   0   5   1   5   1   2  13  3
  3   3   3   3   0   5   3   1   3   2  13  3
  3   3   3   3   1   3   3   3   3   0  14  3
  3   3   3   3   2   1   3   3   5   0  13  3
  3   3   3   3   2   1   3   5   1   2  13  3
  3   3   3   3   2   1   5   1   3   2  13  3
  3   3   3   3   2   3   1   3   3   2  13  3
  3   3   5   5   3   0   3  10   0   8  12  4
  3   3   5   5   3   0   3  10   4   0  16  4
  3   4   0   9   0   8   4   4   0   3  17  4
  3   4   0   9   4   0   3   9   0   8  12  4
  3   4   0   9   4   0   3   9   4   0  16  4
  3   4   0   9   4   4   0   3   5   8  12  4
  3   4   0   9   4   4   0   3   9   0  16  4
  3   4   3   0  10   0   8   4   3   0  17  4
  3   4   3   0  10   4   3   0   9   0  16  4
  3   4   3   4   6   4   3   0   7   0  18  4
  3   4   4   0   3  10   4   3   0   9  12  4
  3   4   4   0   3  10   4   4   3   0  17  4
  3   4   4   3   0  10   4   0   3   9  12  4
  3   4   4   3   0  10   4   4   0   3  17  4
  3   4   4   4   5   4   3   0   4   4  17  4
  3   4   4   5   4   4   0   3   5   4  16  4
  3   4   5   0   3   9   4   0   3   9  12  4
  3   4   5   0   7   5   4   0   3   5  16  4
  3   4   5   0   8   4   3   0   5   4  16  4
  3   4   5   3   5   4   0   3   5   4  16  4
  3   4   5   4   0   3   9   4   0   3  17  4
  3   4   5   4   3   0   5   4   4   8  12  4
  3   4   5   4   3   0   5   4   8   0  16  4
  3   5   0   3   5   8   3   0   9   4  12  4
  3   5   0   3   8   5   0   3   9   4  12  4
  3   5   0   3   9   0   8   3   0   9  12  4
  3   5   0   3   9   3   0   5   8   4  12  4
  3   5   0   3   9   3   0   9   0   8  12  4
  3   5   0   3   9   3   0   9   4   0  16  4
  3   5   0   3   9   3   5   0   3   9  12  4
  3   5   0   3   9   4   0   8   3   0  17  4
  3   5   0   3   9   4   3   5   0   3  17  4
  3   5   0   7   5   0   7   5   0   3  17  4
  3   5   0   7   5   3   0   5   8   0  16  4
  3   5   0   8   3   0   5   3   9   4  12  4
  3   5   0  10   7   5   5   5   0   3  22  5
  3   5   0  12   0  10   5   5   3   0  22  5
  3   5   0  12   3   7   5   5   0   3  22  5
  3   5   0  12   5   3   0  12   0  10  15  5
  3   5   0  12   5   3   0  12   5   0  20  5
  3   5   0  12   5   5   3   0   7  10  15  5
  3   5   0  12   5   5   3   0  12   0  20  5
  3   5   2   5   5   2   5   3   0   5  17  4
  3   5   3   0   5   3   9   0   8   4  12  4
  3   5   3   0   5   3   9   4   0   8  12  4
  3   5   3   0   5   3   9   4   4   0  16  4
  3   5   3   0   5   8   0   3   9   4  12  4
  3   5   3   0   8   0   8   5   3   0  17  4
  3   5   3   0   8   3   0  10   0   8  12  4
  3   5   3   0   8   3   0  10   4   0  16  4
  3   5   3   0   8   5   3   0   8   0  17  4
  3   5   3   0   9   0   3   5   8   4  12  4
  3   5   3   0   9   0   3   9   0   8  12  4
  3   5   3   0   9   0   3   9   4   0  16  4
  3   5   3   0   9   0   8   0   3   9  12  4
  3   5   3   0   9   4   0   8   0   3  17  4
  3   5   3   3   5   0   3  10   0   8  12  4
  3   5   3   3   5   0   3  10   4   0  16  4
  3   5   3   4   5   3   0   8   0   4  17  4
  3   5   3   5   0   3   5   3   9   4  12  4
  3   5   3   5   3   0   8   0   8   0  17  4
  3   5   3   5   3   0   9   0   4   4  16  4
  3   5   4   0   4   4   7   5   3   0  17  4
  3   5   4   0   4   7   1   8   3   0  17  4
  3   5   4   0   4   7   4   5   0   3  17  4
  3   5   4   0   4   7   5   3   0   5  16  4
  3   5   4   0   7   1   8   3   0   5  16  4
  3   5   4   0   7   4   5   0   3   5  16  4
  3   5   4   0   7   5   3   0   5   4  16  4
  3   5   4   3   1   6   5   0   3  10  12  4
  3   5   4   3   1   8   3   0   5   4  16  4
  3   5   4   3   3   2   7   0   3  10  12  4
  3   5   4   3   4   5   0   3   5   4  16  4
  3   5   5   0  12   5   5   0   3  12  15  5
  3   5   5   0  12   5   5   5   0   3  22  5
  3   5   5   6   6   5   5   0   3   6  21  5
  3   5   5   7   5   0   3   5  12   5  15  5
  3   5   5   7   5   5   3   0   7   5  20  5
  3   5   6   5   6   5   0   3  11   0  21  5
  3   5   6   6   5   3   0   6   6  10  15  5
  3   5   6   6   5   3   0   6  11   0  20  5
  3   5   7   0   3  12   5   3   0  12  15  5
  3   5   7   0   8   7   5   3   0   7  20  5
  3   5   7   3   0  12   5   0   3  12  15  5
  3   5   7   3   7   5   3   0   7   5  20  5
  3   5   7   4   0  11   5   3   0   7  20  5
  3   5   7   5   0   3  12   5   3   0  22  5
  3   5   7   5   3   0  12   5   0   3  22  5
  3   6   4   6   6   4   6   0   3   6  21  5
  3   6   6   0   3  11   6   3   0  12  15  5
  3   6   6   0   3  12   0  10   0  10  15  5
  3   6   6   0   3  12   0  10   5   0  20  5
  3   6   6   0   3  12   5   0  10   0  20  5
  3   6   6   0   3  12   5   5   0   5  20  5
  3   6   6   3   0   6  11   5   4   0  21  5
  3   6   6   3   0  11   6   0   3  12  15  5
  3   6   6   3   0  11   6   0   9   0  21  5
  3   6   6   4   4   6   6   0   3   6  21  5
  3   7   0   3  10   7   3   0  12   5  15  5
  3   7   0   3  12   3   7   3   0  12  15  5
  3   7   0   3  12   5   3   7   3   0  22  5
  3   7   0   8   7   0   8   7   3   0  22  5
  3   7   0   9   6   0  10   0   3  12  15  5
  3   7   0  10   3   0  10   0  12   5  15  5
  3   7   3   0   7  10   3   0  12   5  15  5
  3   7   3   0  10   0  12   0  10   5  15  5
  3   7   3   0  10   0  12   5   0  10  15  5
  3   7   3   0  10   0  12   5   5   0  20  5
  3   7   3   0  10   7   0   3  12   5  15  5
  3   7   3   0  12   0  10   3   0  12  15  5
  3   7   3   0  12   3   0   7  10   5  15  5
  3   7   3   0  12   3   0  12   0  10  15  5
  3   7   3   0  12   3   0  12   5   0  20  5
  3   7   3   0  12   3   7   0   3  12  15  5
  3   7   3   0  12   5   0  10   3   0  22  5
  3   7   3   0  12   5   3   7   0   3  22  5
  3   7   3   7   0   3  10   0  12   5  15  5
  3   7   3   7   3   0   7   3  12   5  15  5
  3   7   4   0  10   0  11   3   0  12  15  5
  3   7   4   0  11   3   0  11   0  11  15  5
  3   7   4   4   7   3   0   7   4  11  15  5
  3   7   4   5   5   0  11   3   0   7  20  5
  3   7   5   0   5   8   5   7   3   0  22  5
  3   7   5   0   8   5   7   3   0   7  20  5
  3   7   5   3   5   7   3   0   7   5  20  5
  3   7   5   4   1   5  10   0   3  12  15  5
  3   7   9   9   7   0   3  18   0  14  21  7
  3   7   9   9   7   0   3  18   7   0  28  7
  3   8   8   8   8   3   0   8  17   7  21  7
  3   9   9   0   3  18   7   5   0  16  21  7
  3   9   9   3   0  18   0  14   0  14  21  7
  3   9   9   3   0  18   0  14   7   0  28  7
  3   9   9   3   0  18   7   0  14   0  28  7
  3   9   9   3   0  18   7   7   0   7  28  7
  3  11   0  12   9   0  14   3   0  18  21  7
  3  11   0  12   9   3  11   0   3  18  21  7
  3  11   3   9   9   0  14   0   3  18  21  7
  3  11   5   5  11   0   3  11  14   7  21  7
  3  11   5   5  11   0   3  18   0  14  21  7
  3  11   5   5  11   0   3  18   7   0  28  7
  3  11   7   5   2   7  14   3   0  18  21  7
  3  11   7   5   2  10  11   0   3  18  21  7
  3  11   7   5   5   4  14   0   3  18  21  7
  3  11  11  15  15  11  11   3   0  30  33 11
  3  11  19   7   7  19  11   3   0  30  33 11
  3  19   3  15  15   3  19   3   0  30  33 11
  3  19  11   7   7  11  19   3   0  30  33 11
  4   0   4   7   4   0   4   9   4   4  12  4
  4   0   4   7   5   0   8   3   4   0  17  4
  4   0   4   7   5   4   0   7   4   0  17  4
  4   0   4   8   3   1   8   3   4   0  17  4
  4   0   4   8   3   4   0   4   9   4  12  4
  4   0   4   8   3   5   0   7   4   0  17  4
  4   0   4  12   0   4  11   5   5   5  15  5
  4   0   4  12   5   0   4  11   5   5  15  5
  4   0   4  12   5   5   0   4  11   5  15  5
  4   0   5   7   4   1   4   0  11   4  12  4
  4   0   7   0   7   4   0  10   4   4  12  4
  4   0   7   0   9   4   0   7   0   9  12  4
  4   0   7   0   9   4   3   1   3   9  12  4
  4   0   7   0   9   4   4   0   7   0  17  4
  4   0   7   0   9   4   4   3   1   3  17  4
  4   0   7   4   0   4   9   0   8   4  12  4
  4   0   7   4   0   4   9   4   0   8  12  4
  4   0   7   4   0   4   9   4   4   0  16  4
  4   0   7   4   5   4   0   4   7   0  17  4
  4   0   7   5   0   7   0   4   9   4  12  4
  4   0   7   5   0   7   4   0   5   8  12  4
  4   0   7   5   0   7   4   0   9   0  16  4
  4   0   7   5   0   8   0   7   4   0  17  4
  4   0   7   5   2   4   0   5   9   4  12  4
  4   0   7   5   3   5   0   4   7   0  17  4
  4   0   7   5   3   5   0   7   1   3  17  4
  4   0   7   5   4   3   4   0   5   4  16  4
  4   0   8   0   4   7   5   3   4   0  17  4
  4   0   8   0   7   5   3   4   0   5  16  4
  4   0   8   0   8   3   1   7   4   0  17  4
  4   0   8   1   7   1   4   0  11   4  12  4
  4   0   8   3   1   3   8   0   9   4  12  4
  4   0   8   3   1   7   4   0   9   0  16  4
  4   0   8   3   4   0   5   3   9   4  12  4
  4   0   8   3   5   0   4   7   4   0  17  4
  4   0   8   3   5   3   1   7   1   3  17  4
  4   0   8   4   0   7   1   7   4   0  17  4
  4   0   8   4   3   1   4   7   4   0  17  4
  4   0   8   4   3   4   1   4   7   0  17  4
  4   0   8   4   3   4   1   7   1   3  17  4
  4   0   9   5   7   5   5   4   0   4  22  5
  4   0  10   0  11   5   5   0   4  11  15  5
  4   0  10   0  11   5   5   5   0   4  21  5
  4   0  10   4   7   4   6   4   0   4  22  5
  4   0  10   5   6   5   0  10   0   4  21  5
  4   0  10   6   0  10   0  10   4   0  21  5
  4   0  10   6   0  10   4   0   6  10  15  5
  4   0  10   6   0  10   4   0  11   0  20  5
  4   0  10   6   4   4   0  12   4   0  21  5
  4   0  10   6   4   6   0  10   0   4  21  5
  4   0  10   6   5   5   4   0   6   5  20  5
  4   0  11   0   4  11   4   0  11   5  15  5
  4   0  11   0   4  11   5   4   0  11  15  5
  4   0  11   0   9   6   5   4   0   6  20  5
  4   0  11   0  10   4   1  10   4   0  21  5
  4   0  11   4   0  11   0   4  11   5  15  5
  4   0  11   4   0  11   5   0   4  11  15  5
  4   0  11   4   5   4   7   4   0   4  22  5
  4   0  11   4   6   0   5  10   4   0  21  5
  4   0  11   4   6   4   1  10   0   4  21  5
  4   0  11   4   6   5   4   0   6   5  20  5
  4   0  11   5   0   4  11   5   4   0  21  5
  4   0  11   5   0   9   1  10   4   0  21  5
  4   0  11   5   4   0  11   5   0   4  21  5
  4   0  11   5   4   5   1  10   0   4  21  5
  4   0  12   7   7   6   6   4   0   7  25  6
  4   0  13   6   7   6   4   0  13   0  25  6
  4   1   3   8   1   4   0  11   4   4  12  4
  4   1   3   8   4   1   4   0  11   4  12  4
  4   1   4   0   4  11   4   4   4   4  12  4
  4   1   4   7   4   0   5   0  11   4  12  4
  4   1   4   7   4   1   3   1  11   4  12  4
  4   1   7   0   8   1   4   0  11   4  12  4
  4   1   7   1   4   0   7   8   4   4  12  4
  4   1   7   1   4   0  11   0   8   4  12  4
  4   1   7   1   4   0  11   4   0   8  12  4
  4   1   7   1   4   0  11   4   4   0  16  4
  4   1   7   1   7   0   5   0  11   4  12  4
  4   1   7   1   7   1   3   1  11   4  12  4
  4   2   4   5   5   4   2   4   0   5  17  4
  4   2   5   5   0   6   0   5   9   4  12  4
  4   2   5   5   2   2   2   5   9   4  12  4
  4   3   1   3   3  10   0   8   4   4  12  4
  4   3   1   3   3  10   4   0   8   4  12  4
  4   3   1   3   3  10   4   4   0   8  12  4
  4   3   1   3   3  10   4   4   4   0  16  4
  4   3   1   3   9   0   7   0   9   4  12  4
  4   3   1   3   9   3   1   3   9   4  12  4
  4   3   1   3   9   4   0   7   0   9  12  4
  4   3   1   3   9   4   3   1   3   9  12  4
  4   3   1   3   9   4   4   0   7   0  17  4
  4   3   1   3   9   4   4   3   1   3  17  4
  4   3   1   6   0  10   3   4   0   9  12  4
  4   3   1   6   0  10   4   3   4   0  17  4
  4   3   1   7   5   0   8   0   7   0  17  4
  4   3   1   7   5   0   8   3   1   3  17  4
  4   3   1   7   5   3   3   1   3  10  12  4
  4   3   1   8   0   4   8   3   4   0  17  4
  4   3   1   8   0   7   0   4   9   4  12  4
  4   3   1   8   3   1   8   0   7   0  17  4
  4   3   1   8   3   1   8   3   1   3  17  4
  4   3   1   8   3   4   0   9   0   4  16  4
  4   3   1   8   4   3   4   0   5   4  16  4
  4   3   3   5   5   3   1   3   3  10  12  4
  4   3   4   0   4   7   0  10   4   4  12  4
  4   3   4   0   4   9   0   4   8   4  12  4
  4   3   4   0   4   9   0   8   0   8  12  4
  4   3   4   0   4   9   0   8   4   0  16  4
  4   3   4   0   4   9   4   0   4   8  12  4
  4   3   4   0   4   9   4   0   8   0  16  4
  4   3   4   0   4   9   4   4   0   4  16  4
  4   3   4   0   9   0   4   3   9   4  12  4
  4   3   4   0   9   4   0   4   3   9  12  4
  4   3   4   0   9   4   4   0   4   3  17  4
  4   3   4   4   0   7   0  10   0   8  12  4
  4   3   4   4   0   7   0  10   4   0  16  4
  4   3   4   4   0   9   3   4   0   4  17  4
  4   3   4   4   4   3   4   0   4  10  12  4
  4   3   4   5   3   4   0   4   8   0  17  4
  4   3   4   5   4   0   7   0   5   4  16  4
  4   3   4   5   4   3   1   3   5   4  16  4
  4   3   5   0   4   7   5   0   7   0  17  4
  4   3   5   0   4   7   5   3   1   3  17  4
  4   3   5   0   4   8   3   4   0   5  16  4
  4   3   5   0   7   5   0   7   0   5  16  4
  4   3   5   0   7   5   3   1   3   5  16  4
  4   3   5   3   1   3   5   3   9   4  12  4
  4   3   5   3   1   7   3   1   3  10  12  4
  4   3   5   3   3   5   1   3   3  10  12  4
  4   3   5   3   4   0   5   8   0   4  16  4
  4   3   5   3   4   0   8   4   0   4  17  4
  4   4   0   4   4   7   4   4   0   9  12  4
  4   4   0   4   4   8   3   4   4   0  17  4
  4   4   0   4   7   0   8   0   9   4  12  4
  4   4   0   4   7   4   0   4   9   4  12  4
  4   4   0   4   7   4   4   0   9   0  16  4
  4   4   0   4   8   0   7   4   4   0  17  4
  4   4   0   4  13   4   0  11   5   5  15  5
  4   4   0   4  13   5   4   0  11   5  15  5
  4   4   0   4  13   5   5   4   0  11  15  5
  4   4   0   4  13   5   5   5   4   0  21  5
  4   4   0   5   4   4   0  11   4   4  12  4
  4   4   0   7   1   7   0   4   9   4  12  4
  4   4   0   7   4   0   4   9   0   8  12  4
  4   4   0   7   4   0   4   9   4   0  16  4
  4   4   0   7   4   4   0   9   0   4  16  4
  4   4   0   7   5   0   4   7   4   0  17  4
  4   4   0   7   5   0   7   1   7   0  17  4
  4   4   0   8   0   4   7   4   4   0  17  4
  4   4   0   8   1   4   4   0  11   4  12  4
  4   4   0   8   3   1   4   7   4   0  17  4
  4   4   0   8   3   1   7   4   1   3  17  4
  4   4   0  11   6   4   0  11   4   0  21  5
  4   4   0  11   6   5   0   8   0  12  15  5
  4   4   0  11   6   5   4   0   4  12  15  5
  4   4   0  12   0  10   0  10   0  10  15  5
  4   4   0  12   0  10   0  10   5   0  20  5
  4   4   0  12   0  10   5   0   5  10  15  5
  4   4   0  12   0  10   5   0  10   0  20  5
  4   4   0  12   0  10   5   4   4   0  22  5
  4   4   0  12   3   7   5   4   1   3  22  5
  4   4   0  12   4   4   0  12   0  10  15  5
  4   4   0  12   4   4   0  12   5   0  20  5
  4   4   0  12   5   0  10   0   5  10  15  5
  4   4   0  12   5   0  10   0  10   0  20  5
  4   4   0  12   5   0  10   5   0   5  20  5
  4   4   0  12   5   4   4   0   7  10  15  5
  4   4   0  12   5   4   4   0  12   0  20  5
  4   4   0  12   5   5   0  10   0   5  20  5
  4   4   0  12   5   5   5   0   5   5  20  5
  4   4   0  20   4   0  17   7   7   7  21  7
  4   4   0  20   7   4   0  17   7   7  21  7
  4   4   0  20   7   7   4   0  17   7  21  7
  4   4   1   4   4   0  11   0   8   4  12  4
  4   4   1   4   4   0  11   4   0   8  12  4
  4   4   1   4   4   0  11   4   4   0  16  4
  4   4   1   7   0   5   4   0  11   4  12  4
  4   4   1   7   1   3   5   0  11   4  12  4
  4   4   1   7   1   4   3   1  11   4  12  4
  4   4   2   5   5   2   4   4   0   5  17  4
  4   4   3   1   4   3   3  10   4   4  12  4
  4   4   3   1   4   8   0   7   4   0  17  4
  4   4   3   1   4   8   3   1   7   0  17  4
  4   4   3   1   4   8   3   4   1   3  17  4
  4   4   3   1   7   0   4   9   0   8  12  4
  4   4   3   1   7   0   4   9   4   0  16  4
  4   4   3   3   4   1   3  10   0   8  12  4
  4   4   3   3   4   1   3  10   4   0  16  4
  4   4   3   4   1   3   4   9   0   8  12  4
  4   4   3   4   1   3   4   9   4   0  16  4
  4   4   3   4   3   1   4   3  10   4  12  4
  4   4   3   4   3   4   4   0   4  10  12  4
  4   4   3   4   4   0   7   4   4   0  18  4
  4   4   3   4   4   0   8   0   8   0  17  4
  4   4   3   4   4   0   9   0   4   4  16  4
  4   4   4   0   4   4   7   4   4   0  17  4
  4   4   4   0   4   7   1   7   4   0  17  4
  4   4   4   0   4   7   4   0   4   9  12  4
  4   4   4   0   5   4   4   0  11   4  12  4
  4   4   4   0   7   1   7   0   4   9  12  4
  4   4   4   0   7   4   1   3   4   9  12  4
  4   4   4   1   3   5   4   0  11   4  12  4
  4   4   4   1   4   3   5   0  11   4  12  4
  4   4   4   1   4   4   3   1  11   4  12  4
  4   4   4   3   1   4   7   0   4   9  12  4
  4   4   4   3   1   6   4   1   3  10  12  4
  4   4   4   3   1   7   1   3   4   9  12  4
  4   4   4   3   3   2   6   1   3  10  12  4
  4   4   4   3   3   4   2   3   3  10  12  4
  4   4   4   3   4   1   4   3   4   9  12  4
  4   4   6   0  11   4   6   4   0   4  22  5
  4   4   6   4   7   0  10   4   0   4  22  5
  4   4   6   6   4   0   4  12   4   0  21  5
  4   4   6   6   4   4   0  12   0   4  21  5
  4   4   7   0   9   4   7   4   0   4  22  5
  4   4   7   4   0  11   4   4   0   7  20  5
  4   4   7   4   4   7   4   0   4   7  20  5
  4   4   7   4   5   0  11   4   0   4  22  5
  4   4   9   4   9   4   0   4  16   6  18  6
  4   4  13   4   0   4  20   7   7   7  21  7
  4   5   0  10   6   0  10   5   0   4  21  5
  4   5   0  11   5   0   4   5  11   5  15  5
  4   5   0  11   5   4   0  11   0   5  20  5
  4   5   0  11   5   5   4   0   6   5  20  5
  4   5   4   0   5  12   5   4   0  11  15  5
  4   5   4   0   5  12   5   5   4   0  21  5
  4   5   5   4   0  12   5   4   0   5  21  5
  4   5   5   6   5   0   4   5   6  10  15  5
  4   5   5   6   5   0   4   5  11   0  20  5
  4   5   6   0   4  10   6   5   0   4  21  5
  4   5   6   0   4  11   5   4   0   6  20  5
  4   5   6   0   9   0  11   0   4  11  15  5
  4   5   6   0   9   0  11   5   0   4  21  5
  4   5   6   4   0  11   5   0   4   6  20  5
  4   5   6   5   0   4   6  10   4   0  21  5
  4   5   6   5   0   4  11   0   9   0  21  5
  4   5   6   5   4   0   6  10   0   4  21  5
  4   5   6   5   4   0  11   0   5   4  21  5
  4   5   9   5   5   5   9   4   0   5  27  6
  4   6   0   4   6   9   6   4   0  11  15  5
  4   6   0   4   6  10   4   6   4   0  21  5
  4   6   0   4  10   6   4   0   6  10  15  5
  4   6   0   4  10   6   4   0  11   0  20  5
  4   6   0   4  11   0   9   6   4   0  21  5
  4   6   0   4  11   4   6   4   0   6  20  5
  4   6   0   9   6   0   4  11   4   0  21  5
  4   6   0   9   6   3   6   4   0   6  21  5
  4   6   0   9   6   4   0   6   4  11  15  5
  4   6   0   9   6   4   0  11   0   4  21  5
  4   6   0  10   0   4  10   6   4   0  21  5
  4   6   0  10   0  10   4   0  10   0  21  5
  4   6   0  10   4   0   6  10   4   0  21  5
  4   6   0  10   4   0  10   0   6  10  15  5
  4   6   0  10   4   0  10   0  11   0  20  5
  4   6   0  10   4   0  10   6   0   4  21  5
  4   6   0  10   4   6   0   4  10   0  21  5
  4   6   0  10   4   6   4   0   6   4  21  5
  4   6   0  13   0  13   6   4   0  14  18  6
  4   6   0  13   7   6   6   4   0   7  25  6
  4   6   3   6   6   0   9   4   0   6  21  5
  4   6   3   6   6   3   6   1   3   6  21  5
  4   6   4   0   6   9   6   0   4  11  15  5
  4   6   4   0   6  10   0  10   4   0  21  5
  4   6   4   0   6  10   4   0   6  10  15  5
  4   6   4   0   6  10   4   0  11   0  20  5
  4   6   4   0   6  10   4   6   0   4  21  5
  4   6   4   0  10   0  10   4   0  12  15  5
  4   6   4   0  10   0  11   0  10   0  20  5
  4   6   4   0  10   0  11   5   0   5  20  5
  4   6   4   0  10   4   0  12   4   0  21  5
  4   6   4   0  10   6   0   4   6  10  15  5
  4   6   4   0  10   6   0   4  11   0  20  5
  4   6   4   0  11   0   9   6   0   4  21  5
  4   6   4   0  11   0  10   4   0   6  20  5
  4   6   4   0  11   4   0   6  10   0  20  5
  4   6   4   0  11   4   0  10   4   0  22  5
  4   6   4   0  11   4   4   6   0   4  22  5
  4   6   4   0  11   4   6   0   4   6  20  5
  4   6   4   0  11   5   0   5   9   0  21  5
  4   6   4   0  11   5   4   1   5   4  21  5
  4   6   4   4   6   0   4  12   4   0  21  5
  4   6   4   4   7   4   0  10   0   4  22  5
  4   6   4   6   0   4   6  10   4   0  21  5
  4   6   4   6   0   4  10   0   6  10  15  5
  4   6   4   6   0   4  10   0  11   0  20  5
  4   6   4   6   0   4  10   6   0   4  21  5
  4   6   4   6   0  10   0   4  10   0  21  5
  4   6   4   6   0  10   4   0   6   4  21  5
  4   6   4   6   4   0   6   4   6  10  15  5
  4   6   4   6   4   0   6   4  11   0  20  5
  4   6   4   6   4   0   6  10   0   4  21  5
  4   6   4   6   4   6   0   4   6   4  21  5
  4   6   6   7   6   7   6   0   4   6  26  6
  4   6   7   6   7   6   4   0   7   6  25  6
  4   7   7   0   4   7   7  12   6   6  18  6
  4   7   7   0   4   7  13   0  12   6  18  6
  4   7   7   0   4   7  13   6   0  12  18  6
  4   7   7   0   4   7  13   6   6   0  24  6
  4   7   7   0   4  12   7   7   4   0  26  6
  4   7   7   0   4  14   6   0   5  13  18  6
  4   7   7   4   0   7  11   0  14   6  18  6
  4   7   7   4   0   7  13   4   0  14  18  6
  4   7   7   4   0  12   7   7   0   4  26  6
  4   7   7   4   0  14   4   0   7  13  18  6
  4   7   7   7  10   7   7   4   0   7  31  7
  4   7   8   8   8   7   0   4   8  16  21  7
  4   7  10   4   0  14  10   7   4   0  31  7
  4   8   5   0  13   0   4   8  12   6  18  6
  4   8   5   0  13   0   4  14   0  12  18  6
  4   8   5   0  13   0   4  14   6   0  24  6
  4   8   5   0  13   4   0  14   4   0  26  6
  4   8   8   8   4   0   8  16   0  14  21  7
  4   8   8   8   4   0   8  16   7   0  28  7
  4  10   4   7  10   4   0  14   0  17  21  7
  4  10   4  10   4   0  14  10   4   0  31  7
  4  10   4  10   4  10   4   0  14   0  31  7
  4  10   6   5  10   5   0  16   0   4  31  7
  4  10   6   6   8   6   0  16   0   4  31  7
  4  10  13  13  10   4   0  13  23  10  30 10
  4  10  16   7   0  23  10   4   0  26  30 10
  4  11   9   6   0  15  11   0   4  20  24  8
  4  13  13   4   0  23  13  10   7   0  43 10
  4  16   7  10  10   0  23   4   0  26  30 10
  5   0   5   9   6   5   0   8   0  12  15  5
  5   0   5   9   6   5   3   2   3  12  15  5
  5   0   5   9   6   5   4   5   0   5  21  5
  5   0   5  13   7   6   6   6   0   5  25  6
  5   0   5  14   0  12   5   0  13   6  18  6
  5   0   5  14   0  12   6   6   5   0  25  6
  5   0   5  14   5   0  13   0  12   6  18  6
  5   0   5  14   5   0  13   6   0  12  18  6
  5   0   5  14   5   0  13   6   6   0  24  6
  5   0   5  14   5   7   6   6   0   5  25  6
  5   0   5  14   6   5   0  13   0  12  18  6
  5   0   5  14   6   5   0  13   6   0  24  6
  5   0   5  14   6   6   5   0   7  12  18  6
  5   0   5  14   6   6   5   0  13   0  24  6
  5   0   5  16   9   7   7   7   5   0  30  7
  5   0   5  18   5   9   7   7   5   0  30  7
  5   0   7   5   8   5   5   2   5   0  23  5
  5   0   7   8   2   8   5   2   5   0  23  5
  5   0   8   0  12   5   3   5   0  12  15  5
  5   0   8   0  12   5   5   3   5   0  22  5
  5   0   8   5   7   5   0   8   5   0  22  5
  5   0   8   6   6   5   0   5   3  12  15  5
  5   0   8   6   6   5   3   5   0   6  21  5
  5   0   8   7   0   6   0  14   5   5  15  5
  5   0   8   7   1   4   1  14   5   5  15  5
  5   0   8   7   3   5   0   5  12   5  15  5
  5   0   8   7   3   7   0   8   5   0  22  5
  5   0   9   0  11   0   9   5   0  11  15  5
  5   0   9   0  11   5   0   9   5   0  21  5
  5   0   9   5   0  11   5   0   9   0  21  5
  5   0   9   5   0  11   5   4   1   4  21  5
  5   0   9   5   4   5   0   5  12   5  15  5
  5   0   9   5   5   0   9   5   0  12  15  5
  5   0   9   5   6   5   0   9   0   5  21  5
  5   0   9   5   6   5   4   1   4   5  21  5
  5   0   9   6   0   8   0  12   0  10  15  5
  5   0   9   6   0   8   0  12   5   0  20  5
  5   0   9   6   3   2   3  12   0  10  15  5
  5   0   9   6   3   2   3  12   5   0  20  5
  5   0   9   6   3   6   5   0   9   0  22  5
  5   0   9   6   4   5   0   5   6  10  15  5
  5   0   9   6   4   5   0   5  11   0  20  5
  5   0  10   0   9   0  10   5   0  11  15  5
  5   0  10   0   9   5   5   0   5  11  15  5
  5   0  10   0  10   4   5   0  10   0  21  5
  5   0  10   2   8   2   8   2   5   0  23  5
  5   0  10   3   5   0  10   0  12   5  15  5
  5   0  10   3   7   3   2   8   5   0  22  5
  5   0  10   4   1   9   5   0   5  11  15  5
  5   0  10   4   1  10   0   8   0  12  15  5
  5   0  10   4   1  10   3   2   3  12  15  5
  5   0  10   4   4   1   9   5   0  12  15  5
  5   0  10   4   4   7   0   5   3  12  15  5
  5   0  10   4   5   0   6   9   0  11  15  5
  5   0  10   4   5   0  10   0  11   0  20  5
  5   0  10   4   6   0   9   0  10   0  21  5
  5   0  10   4   6   4   1   4  10   0  21  5
  5   0  10   4   6   4   5   0   6   4  21  5
  5   0  10   5   2   5   8   2   5   0  23  5
  5   0  10   5   3   5   2   8   5   0  22  5
  5   0  12   0  13   0  12   5   0  13  18  6
  5   0  12   0  13   6   0  12   5   0  25  6
  5   0  12   6   7   6   6   0   5   6  25  6
  5   0  13   0   5  12   7   6   5   0  25  6
  5   0  13   0  11   0  13   5   0  13  18  6
  5   0  13   5   0   5   8  12   6   6  18  6
  5   0  13   5   0   5  14   0  12   6  18  6
  5   0  13   5   0   5  14   6   0  12  18  6
  5   0  13   5   0   5  14   6   6   0  24  6
  5   0  13   5   0  12   7   6   0   5  25  6
  5   0  13   5   0  13   5   0  13   0  24  6
  5   0  13   5   0  13   6   5   0   7  24  6
  5   0  13   5   5   0  13   5   0  14  18  6
  5   0  13   6   5   0   7  12   5   0  25  6
  5   0  13   6   5   0  13   0  11   0  25  6
  5   0  14   7   9   7   7   5   0   7  30  7
  5   0  14   9   5   0   5  18   7   7  21  7
  5   0  15   8   7   0   5  16   0  14  21  7
  5   0  15   8   7   0   5  16   7   0  28  7
  5   0  16   5   0  14   9   7   5   0  30  7
  5   0  18  11  11   9   9   0   5  22  27  9
  5   0  20  11   9   5   0  22   0  18  27  9
  5   0  20  11   9   5   0  22   9   0  36  9
  5   0  22   7   7  13   9   0   5  22  27  9
  5   0  22  14  14  11  11   5   0  28  33 11
  5   0  28   8   8  17  11   5   0  28  33 11
  5   1   5   9   5   1   5   0  14   5  15  5
  5   1   7   7   0   5   1  14   5   5  15  5
  5   1   9   1   9   1   5   0  14   5  15  5
  5   2   3   7   8   5   5   2   5   0  23  5
  5   2   3  10   2   8   5   2   5   0  23  5
  5   2   5   5   8   5   5   0   7   0  23  5
  5   2   5   5   8   5   5   2   3   2  23  5
  5   2   5   8   0  10   5   2   5   0  23  5
  5   2   5   8   2   8   5   0   7   0  23  5
  5   2   5   8   2   8   5   2   3   2  23  5
  5   2   5   8   5   2   5   0   8  10  15  5
  5   2   5   8   5   2   5   0  13   0  20  5
  5   2   8   0   7   8   2   5   0  13  15  5
  5   2   8   0  10   2   8   2   5   0  23  5
  5   2   8   2   8   0  10   2   5   0  23  5
  5   2   8   2   8   2   5   0   8  10  15  5
  5   2   8   2   8   2   5   0  13   0  20  5
  5   2   8   2   8   2   8   0   7   0  23  5
  5   2   8   2   8   2   8   2   3   2  23  5
  5   2   8   5   0   7   8   2   5   0  23  5
  5   2   8   5   2   3  10   2   5   0  23  5
  5   2   8   5   2   5   8   0   7   0  23  5
  5   2   8   5   2   5   8   2   3   2  23  5
  5   3   2   3  12   3   5   0  12   5  15  5
  5   3   2   3  12   5   3   5   0  12  15  5
  5   3   2   3  12   5   5   3   5   0  22  5
  5   3   2   6   0  14   0  10   5   5  15  5
  5   3   2   6   0  14   5   0  10   5  15  5
  5   3   2   6   0  14   5   5   0  10  15  5
  5   3   2   6   0  14   5   5   5   0  20  5
  5   3   2   8   7   0  10   3   5   0  22  5
  5   3   2   9   0  11   3   5   0  12  15  5
  5   3   2   9   6   5   0   5   3  12  15  5
  5   3   2   9   6   5   3   5   0   6  21  5
  5   3   2  10   3   2  10   3   5   0  22  5
  5   3   2  10   3   5   0   5  12   5  15  5
  5   3   5   0  12   0   8   0  12   5  15  5
  5   3   5   0  12   3   2   3  12   5  15  5
  5   3   5   0  12   5   0   8   0  12  15  5
  5   3   5   0  12   5   3   2   3  12  15  5
  5   3   5   0  12   5   5   0   8   0  22  5
  5   3   5   0  12   5   5   3   2   3  22  5
  5   3   5   6   6   5   0   8   0   6  21  5
  5   3   5   6   6   5   3   2   3   6  21  5
  5   3   5   7   0   8   0   5  12   5  15  5
  5   3   5   7   5   3   5   0   7   5  20  5
  5   3   6   6   0   5   3  12   0  10  15  5
  5   3   6   6   0   5   3  12   5   0  20  5
  5   3   6   6   3   5   0   6   6  10  15  5
  5   3   6   6   3   5   0   6  11   0  20  5
  5   3   6   6   3   5   0  10   5   0  22  5
  5   3   7   0   5   8   7   3   5   0  22  5
  5   3   7   0   8   7   3   5   0   7  20  5
  5   3   7   3   2   3  10   0  12   5  15  5
  5   3   7   3   5   0   7   3  12   5  15  5
  5   3   7   4   1  10   0   5   3  12  15  5
  5   4   1   4  11   0  10   4   5   0  21  5
  5   4   1   4  11   4   5   0  11   0  20  5
  5   4   1   8   0  12   0   5  10   5  15  5
  5   4   1   8   0  12   0  10   0  10  15  5
  5   4   1   8   0  12   0  10   5   0  20  5
  5   4   1   8   0  12   5   0   5  10  15  5
  5   4   1   8   0  12   5   0  10   0  20  5
  5   4   1   8   0  12   5   5   0   5  20  5
  5   4   1   8   0  18   6   6   6   6  18  6
  5   4   1   8   7   4   5   0   9   0  22  5
  5   4   1   9   6   5   0   9   0   5  21  5
  5   4   1  10   4   1   4   4  12   5  15  5
  5   4   1  10   4   5   0   5   6  10  15  5
  5   4   1  10   4   5   0   5  11   0  20  5
  5   4   4   1  11   4   4   1   4  12  15  5
  5   4   4   1  11   5   4   4   1   4  22  5
  5   4   5   0   9   0  12   4   5   0  21  5
  5   4   5   0  11   0   5   9   0  11  15  5
  5   4   5   0  11   0   9   0  11   0  20  5
  5   4   5   0  11   0  10   0   9   0  21  5
  5   4   5   0  11   0  10   4   1   4  21  5
  5   4   5   0  11   4   1   4  11   0  20  5
  5   4   5   0  11   4   5   0   9   0  22  5
  5   4   5   0  11   4   5   4   1   4  22  5
  5   4   5   0  11   5   0   5   9   0  21  5
  5   4   5   4   5   0   5  12   0  10  15  5
  5   4   5   4   5   0   5  12   5   0  20  5
  5   4   5   4   7   4   5   0   5   4  22  5
  5   4   5   5   0   9   0   5  12   5  15  5
  5   4   5   5   0  11   5   0   5   4  21  5
  5   4   5   5   6   5   0   5   4   5  21  5
  5   4   5   6   0   9   0   5   6  10  15  5
  5   4   5   6   0   9   0   5  11   0  20  5
  5   4   6   0   5   4  11   4   5   0  21  5
  5   4   6   0   9   0   6   3  12   5  15  5
  5   4   6   0   9   0   6   9   0  11  15  5
  5   4   6   0   9   0  11   0   9   0  21  5
  5   4   6   0   9   0  11   4   1   4  21  5
  5   4   6   0  10   4   1   4  10   0  21  5
  5   4   6   0  10   4   5   0   6   4  21  5
  5   4   6   3   6   0   9   0   6  11  15  5
  5   4   6   4   1   4  10   0  11   0  20  5
  5   4   6   4   1   4  11   0   9   0  21  5
  5   4   6   4   1   4  11   4   1   4  21  5
  5   4   6   4   4   1   9   1   4  12  15  5
  5   4   6   4   5   0   6   4  11   0  20  5
  5   4   6   4   5   0   6   8   5   0  22  5
  5   4   6   4   5   0  10   0   9   0  22  5
  5   4   6   4   5   0  10   4   1   4  22  5
  5   4   6   4   5   0  11   0   5   4  21  5
  5   4   6   4   5   4   6   0   5   4  22  5
  5   4   6   4   6   0   5   4  10   0  21  5
  5   4   6   4   6   0   9   0   6   4  21  5
  5   4   6   4   6   4   1   4   6   4  21  5
  5   5   0   5   5  16   6   6   6   6  18  6
  5   5   0   5   9   5   0  10   0  11  15  5
  5   5   0   5   9   5   5   0   5  11  15  5
  5   5   0   5  10   4   5   5   0   5  21  5
  5   5   0   7   8   5   2   5   5   0  23  5
  5   5   0   8   5   0  10   0  12   5  15  5
  5   5   0   8   5   5   0   5  12   5  15  5
  5   5   0   8   7   0   8   5   5   0  22  5
  5   5   0   9   1   9   0  10   0  11  15  5
  5   5   0   9   5   0   5   5  11   5  15  5
  5   5   0   9   5   0  10   0  11   0  20  5
  5   5   0   9   5   5   0   5  11   0  20  5
  5   5   0   9   5   5   0   9   5   0  22  5
  5   5   0   9   6   0   5   8   0  12  15  5
  5   5   0   9   6   0   8   2   3  12  15  5
  5   5   0   9   6   0   9   5   0   5  21  5
  5   5   0   9   6   3   2   5   3  12  15  5
  5   5   0   9   6   3   5   5   0   6  21  5
  5   5   0   9   6   4   1   9   0   5  21  5
  5   5   0   9   6   4   5   1   4   5  21  5
  5   5   0  10   0   9   5   0  10   0  21  5
  5   5   0  10   2   8   2   5   5   0  23  5
  5   5   0  10   3   2   8   5   5   0  22  5
  5   5   0  10   4   1   9   0  10   0  21  5
  5   5   0  10   4   5   1   4  10   0  21  5
  5   5   0  10   4   5   5   0   6   4  21  5
  5   5   0  12   8   0  12   5   5   0  26  6
  5   5   0  13   0  13   5   5   0  14  18  6
  5   5   0  13   7   6   5   5   0   7  25  6
  5   5   0  14   0   5  13   0  12   6  18  6
  5   5   0  14   0   5  13   6   0  12  18  6
  5   5   0  14   0   5  13   6   6   0  24  6
  5   5   0  14   0  12   0   5  13   6  18  6
  5   5   0  14   0  12   6   6   0   5  25  6
  5   5   0  14   5   5   0  14   5   0  25  6
  5   5   0  14   6   0   5  13   0  12  18  6
  5   5   0  14   6   0   5  13   6   0  24  6
  5   5   0  14   6   6   0   5   7  12  18  6
  5   5   0  14   6   6   0   5  13   0  24  6
  5   5   0  16   9   7   7   7   0   5  30  7
  5   5   0  18   0  14   5   0  16   7  21  7
  5   5   0  18   0  14   7   7   5   0  30  7
  5   5   0  18   5   0  16   0  14   7  21  7
  5   5   0  18   5   0  16   7   0  14  21  7
  5   5   0  18   5   0  16   7   7   0  28  7
  5   5   0  18   5   9   7   7   0   5  30  7
  5   5   0  18   7   5   0  16   0  14  21  7
  5   5   0  18   7   5   0  16   7   0  28  7
  5   5   0  18   7   7   5   0   9  14  21  7
  5   5   0  18   7   7   5   0  16   0  28  7
  5   5   0  19  11   8   8   8   5   0  35  8
  5   5   0  22   5  11   8   8   5   0  35  8
  5   5   0  29  11  10  10   8   0  22  30 10
  5   5   0  33  11  12   0  21  12  11  33 11
  5   5   0  33  12  11   0  21  11  12  33 11
  5   5   0  34  10  12   0  21  12  10  34 11
  5   5   0  34  11  11   0  21  11  11  34 11
  5   5   1   9   1   5   5   0  14   5  15  5
  5   5   2   3  10   2   5   5   0  13  15  5
  5   5   2   3  10   5   2   5   5   0  23  5
  5   5   2   5   5   0   5  13   5   5  15  5
  5   5   2   5   8   5   0   7   5   0  23  5
  5   5   2   5   8   5   2   3   7   0  23  5
  5   5   2   5   8   5   2   5   3   2  23  5
  5   5   2   8   0  10   2   5   5   0  23  5
  5   5   2   8   2   5   5   0   8  10  15  5
  5   5   2   8   2   5   5   0  13   0  20  5
  5   5   2   8   2   8   0   7   5   0  23  5
  5   5   2   8   2   8   2   3   7   0  23  5
  5   5   2   8   2   8   2   5   3   2  23  5
  5   5   3   2   5   6   0  14   5   5  15  5
  5   5   3   2   5  10   3   5   5   0  22  5
  5   5   3   2   8   0  10   0  12   5  15  5
  5   5   3   5   5   0   5  12   0  10  15  5
  5   5   3   5   5   0   5  12   5   0  20  5
  5   5   3   6   6   0   5   5   3  12  15  5
  5   5   3   6   6   0   8   5   0   6  21  5
  5   5   3   6   6   3   2   8   0   6  21  5
  5   5   3   6   6   3   5   2   3   6  21  5
  5   5   4   1   5   8   0  12   0  10  15  5
  5   5   4   1   5   8   0  12   5   0  20  5
  5   5   4   1   9   0   5   5  11   5  15  5
  5   5   4   1   9   0  10   0  11   0  20  5
  5   5   4   1  10   0   9   5   0   5  21  5
  5   5   4   1  10   4   1   9   0   5  21  5
  5   5   4   1  10   4   5   1   4   5  21  5
  5   5   4   4   5   1   4   5  12   5  15  5
  5   5   4   5   1   8   5   0   5  12  15  5
  5   5   4   5   5   0   5  11   0   5  20  5
  5   5   4   5   5   5   0   5   9   0  22  5
  5   5   4   5   5   5   0   9   1   4  22  5
  5   5   4   5   6   0   5   9   0   5  21  5
  5   5   4   5   6   0   9   1   4   5  21  5
  5   5   4   6   0   5   9   0  10   0  21  5
  5   5   4   6   0   9   5   0   6   4  21  5
  5   5   4   6   4   1   5   4  10   0  21  5
  5   5   4   6   4   1   9   0   6   4  21  5
  5   5   4   6   4   5   1   4   6   4  21  5
  5   5   5   0   5   8   5   5   5   0  22  5
  5   5   5   0   5   9   5   0  10   0  21  5
  5   5   5   0   5   9   5   5   0   5  21  5
  5   5   5   0   7   5   5   5   0  13  15  5
  5   5   5   0   8   5   5   0   5  12  15  5
  5   5   5   0   9   1   9   0  10   0  21  5
  5   5   5   0   9   1   9   5   0   5  21  5
  5   5   5   0   9   5   1   4  10   0  21  5
  5   5   5   0   9   5   1   9   0   5  21  5
  5   5   5   0  10   2   5   5   5   0  23  5
  5   5   5   1   5   5   5   0  14   5  15  5
  5   5   5   2   5   5   5   0  13   0  20  5
  5   5   5   2   8   0   7   5   5   0  23  5
  5   5   5   2   8   2   3   7   5   0  23  5
  5   5   5   2   8   2   5   3   7   0  23  5
  5   5   5   2   8   2   5   5   3   2  23  5
  5   5   5   3   2   8   5   0   5  12  15  5
  5   5   5   3   5   2   8   0   5  12  15  5
  5   5   5   3   5   5   2   3   5  12  15  5
  5   5   5   4   1   5   5   8   0  12  15  5
  5   5   5   4   1   5   9   0  10   0  21  5
  5   5   5   4   1   9   1   4  10   0  21  5
  5   5   5   4   5   4   5   1   5   4  22  5
  5   5   5   5   0   7   5   5   5   0  23  5
  5   5   5   5   2   3   7   5   5   0  23  5
  5   5   5   5   2   5   3   7   5   0  23  5
  5   5   5   5   2   5   5   3   7   0  23  5
  5   5   5   5   2   5   5   5   3   2  23  5
  5   5   8   5   0   5  13   5   0  14  18  6
  5   5   8   5   0   5  14   5   5   0  26  6
  5   5   8   5   5   0   8  10   0  14  18  6
  5   5   8   5   5   0  13   0   5  14  18  6
  5   5   8   5   5   0  14   5   0   5  26  6
  5   5  11   5   0   5  11  14   7   7  21  7
  5   5  11   5   0   5  18   0  14   7  21  7
  5   5  11   5   0   5  18   7   0  14  21  7
  5   5  11   5   0   5  18   7   7   0  28  7
  5   5  11  11   5   0   5  22   8   8  24  8
  5   6   0   5  14   6   0   5  13   6  18  6
  5   6   0   5  14   6   6   0   5  13  18  6
  5   6   0   5  14   6   6   6   0   5  25  6
  5   6   0  12   7   6   6   0   5   6  25  6
  5   6   0  13   0   5  13   6   5   0  25  6
  5   6   0  13   5   0  13   6   0   5  25  6
  5   6   0  13   6   5   0   6   7  12  18  6
  5   6   0  13   6   5   0   6  13   0  24  6
  5   6   5   0  14   6   5   0  11   0  26  6
  5   6   6   0  13   6   0   5   6  13  18  6
  5   6   6   0  13   6   6   0   5   6  25  6
  5   6   6   7   6   5   0   6   7   6  24  6
  5   6   7   0   5   6  13   6   5   0  25  6
  5   6   7   5   0   6  13   6   0   5  25  6
  5   6   7   6   5   0   7   6  11   0  25  6
  5   6  10   6   0   5  17   5   0  16  21  7
  5   6  10   6   5   0  17   0   5  16  21  7
  5   7   0   5  13   5   0  12   0  13  18  6
  5   7   0   5  13   5   0  13   5   0  25  6
  5   7   0   5  18   7   5   0  16   7  21  7
  5   7   0   5  18   7   7   5   0  16  21  7
  5   7   0   5  18   7   7   7   5   0  30  7
  5   7   0  11   7   5   0   7  11   0  25  6
  5   7   0  14   9   7   7   5   0   7  30  7
  5   7   0  15   7   8   7   5   0   7  30  7
  5   7   0  16   5   0  16   7   5   0  30  7
  5   7   4   7   7   4   1  11   0   7  25  6
  5   7   5   0   7   5   5  14   6   6  18  6
  5   7   5   0   7   5  13   5   0  13  18  6
  5   7   5   0   7  11   7   5   0   7  24  6
  5   7   5   0  12   0  13   0   5  13  18  6
  5   7   5   0  12   5   0  12   0  14  18  6
  5   7   5   0  13   0   5  12   0  13  18  6
  5   7   5   0  13   0   5  13   5   0  25  6
  5   7   5   0  13   5   0   7   5  13  18  6
  5   7   5   0  13   5   0  13   0   5  25  6
  5   7   5   0  18   7   0   5  16   7  21  7
  5   7   5   0  18   7   7   0   5  16  21  7
  5   7   5   0  18   7   7   7   0   5  30  7
  5   7   5   5   7   0   5  12   0  14  18  6
  5   7   5   5   7   5   0   7   5  14  18  6
  5   7   6   5   1   6  11   0   5  14  18  6
  5   7   7   0  16   7   5   0   7  16  21  7
  5   7   7   0  16   7   7   5   0   7  30  7
  5   7   7   8   0  15   7   5   0   7  30  7
  5   7   7   8   8   7   5   0   7   8  29  7
  5   7   8   8   7   0   5  16   0   7  28  7
  5   7   9   5   0   7  16   7   5   0  30  7
  5   8   5   0  22   8   5   0  19   8  24  8
  5   8   5   0  22   8   8   5   0  19  24  8
  5   8   5   0  22   8   8   8   5   0  35  8
  5   8   8   0   5  15   8   7   0   6  29  7
  5   8   8   0   5  16   0   5  16   7  21  7
  5   8   8   0   5  16   0  13   0  15  21  7
  5   8   8   0   5  16   7   6   0   8  28  7
  5   8   8   0  13   8   0   5   8  15  21  7
  5   8   8   5   0  16   0  14   0   7  28  7
  5   9   0  13   1  12   9   0   5  16  21  7
  5   9   0  13   8   0  14   5   0   9  28  7
  5   9   0  13   8   5   9   0   5   9  28  7
  5   9   0  20  11   9   9   0   5  22  27  9
  5   9   4   9   5   0  17   0   5  16  21  7
  5   9   5   0   9  10   0  18   7   7  21  7
  5   9   5   0  14   0   5  18   7   7  21  7
  5   9   5   0  14   0  14   0  16   7  21  7
  5   9   5   0  14   0  16   5   0  16  21  7
  5   9   5   0  16   5   0  14   0  16  21  7
  5   9   5   0  16   5   0  16   5   0  30  7
  5   9   5   8   8   0  14   0   5   9  28  7
  5   9   6   6   9   0   5   9  14   0  28  7
  5   9   7   6   1   7  14   5   0   9  28  7
  5   9   7   6   1  12   9   0   5   9  28  7
  5   9   7   6   6   2  14   0   5   9  28  7
  5   9   9   9   0  14   0  18   5   0  35  8
  5   9   9   9   5   9   0  18   0   5  35  8
  5   9  11  11   9   5   0  22   0   9  36  9
  5   9  13   7   7  13   9   0   5  13  36  9
  5  10   5  10  10   5   0  15   0  20  24  8
  5  10  10  10  10   0   5  20   0  20  27  9
  5  11   0  25  14  11  11   5   0  28  33 11
  5  11   5   0  16   5   0  22   8   8  24  8
  5  11   5   5  11   0   5  22   8   8  24  8
  5  11   7   7   2  14   0  18   5   0  35  8
  5  11   7   7   9   0   7  18   5   0  35  8
  5  11  11   0   5  22   5   0  22   9  27  9
  5  11  11   0  16  11   5   0  11  20  27  9
  5  11  11   5   0  20  11   9   0   7  38  9
  5  11  11   5   0  22   0   5  22   9  27  9
  5  11  11   5   0  22   0  16   0  20  27  9
  5  11  11   5   0  22   9   7   0  11  36  9
  5  11  11   5  11  11   0   5  11  20  27  9
  5  11  17   8   8  17  11   5   0  17  44 11
  5  12  10   7   0  10  19   5   0  22  27  9
  5  13   0  16   2  14  13   5   0  22  27  9
  5  13   0  16  11   5  13   5   0  13  36  9
  5  13   5  11  11   0  18   5   0  13  36  9
  5  13   5  11  11   5  13   0   5  13  36  9
  5  13   7   7  13   0   5  20   0  20  27  9
  5  13   7   7  13   5   0  13  18   0  36  9
  5  13   9   7   2  14  13   5   0  13  36  9
  5  13   9   7   7   4  18   5   0  13  36  9
  5  13   9   7   7   9  13   0   5  13  36  9
  5  13  13  13   0   5  13  26  11  11  33 11
  5  14  14   5   0  28   5   0  28  11  33 11
  5  14  14   5  14  14   5   0  14  25  33 11
  5  17   5  14  14   5  17   5   0  17  44 11
  5  17   8   8  17   5   0  25   0  25  33 11
  5  17  11   8   8  11  17   5   0  17  44 11
  5  17  17  17   5   0  17  34  14  14  42 14
  6   0   6  12   5   6   0  12   6   0  25  6
  6   0   6  15   8   0  14   7   6   0  29  7
  6   0   6  15   8   7   0  14   6   0  29  7
  6   0   6  16   6   8   0  14   6   0  29  7
  6   0  10   7   6   7   4   6   0   6  26  6
  6   0  11   0   6  13   6   5   6   0  25  6
  6   0  11   0  13   5   6   0   6  13  18  6
  6   0  11   0  13   6   5   6   0   6  25  6
  6   0  11   6   0   6   5  14   6   6  18  6
  6   0  11   6   0  13   0  11   6   0  25  6
  6   0  11   6   6   6   5   6   0   6  26  6
  6   0  11   6   7   0  11   6   0   6  25  6
  6   0  11   7   0  10   0   7  13   6  18  6
  6   0  11   7   4   2   4   7  13   6  18  6
  6   0  12   0  11   6   6   6   0   6  25  6
  6   0  12   5   1  11   6   0  12   0  25  6
  6   0  12   5   6   0  12   0   6  13  18  6
  6   0  14   0  15   7   7   6   0   7  29  7
  6   0  14   8   0  14   6   0  14   0  29  7
  6   0  14   8   6   0   6  16   0  14  21  7
  6   0  14   8   6   0   6  16   7   0  28  7
  6   0  14   8   6   8   0   6  14   0  29  7
  6   0  14   8   6   8   6   0   8   6  29  7
  6   0  15   6   0  14   1  14   6   0  29  7
  6   0  17   0  17   0   6  18   8   8  24  8
  6   0  17   6  11   6   0   6  20   8  24  8
  6   0  17   9   8   0   6   9  17   8  24  8
  6   0  18   7   0  17   8   0   6  18  24  8
  6   4   2  11   6   7   4   6   0   6  26  6
  6   4   6   7   6   7   0  10   0   6  26  6
  6   4   7   6   0  13   4   6   0   7  25  6
  6   4   7   7   0   6   4   7  13   6  18  6
  6   5   1   5  13   5   6   0   6  13  18  6
  6   5   1   5  13   6   5   6   0   6  25  6
  6   5   1  11   7   5   1   5   5  14  18  6
  6   5   1  12   5   1   5  12   6   0  25  6
  6   5   1  12   5   6   0  12   1   5  25  6
  6   5   5   1   5  14   0   6  12   6  18  6
  6   5   5   1   5  14   0  12   0  12  18  6
  6   5   5   1   5  14   0  12   6   0  24  6
  6   5   5   1   5  14   6   0   6  12  18  6
  6   5   5   1   5  14   6   0  12   0  24  6
  6   5   5   1   5  14   6   6   0   6  24  6
  6   5   5   6   0   6   5  15   6   6  18  6
  6   5   5   6   0   6  14   5   6   0  25  6
  6   5   5   6   0  14   5   1  10   0  26  6
  6   5   6   0   6   5  14   0  12   6  18  6
  6   5   6   0   6   5  14   6   0  12  18  6
  6   5   6   0   6   5  14   6   6   0  24  6
  6   5   6   0   6  13   0  11   0  13  18  6
  6   5   6   0   6  13   5   1   5  13  18  6
  6   5   6   0   6  13   6   0  11   0  25  6
  6   5   6   0   6  13   6   5   1   5  25  6
  6   5   6   0  13   0  11   0   6  13  18  6
  6   5   6   0  13   5   1   5   6  13  18  6
  6   5   6   0  13   6   0  11   0   6  25  6
  6   5   6   0  13   6   5   1   5   6  25  6
  6   5   6   6   0  11   0  12   0  14  18  6
  6   5   6   6   5   6   0  11   6   0  27  6
  6   5   6   6   6   6   0  11   0   6  26  6
  6   5   7   0  11   0  12   0   6  13  18  6
  6   5   7   5   1   5  12   0   6  13  18  6
  6   5   7   5   1  11   1   5   5  14  18  6
  6   5   7   5   6   0   7   5   6  13  18  6
  6   6   0   6  11   6   6   0  12   0  25  6
  6   6   0  11   6   0  12   0   6  13  18  6
  6   6   0  11   6   5   6   6   0   6  26  6
  6   6   0  11   6   6   0   6   6  13  18  6
  6   6   0  15   8   0  14   7   0   6  29  7
  6   6   0  15   8   7   0  14   0   6  29  7
  6   6   0  16   0  14   0  14   6   0  29  7
  6   6   0  16   0  14   6   0   8  14  21  7
  6   6   0  16   0  14   6   0  15   0  28  7
  6   6   0  16   6   0  15   0   7  14  21  7
  6   6   0  16   6   0  15   0  14   0  28  7
  6   6   0  16   6   8   0  14   0   6  29  7
  6   6   0  16   7   6   0  15   0   7  28  7
  6   6   0  16   7   7   6   0   8   7  28  7
  6   6   0  19   0  17   8   6   0  18  24  8
  6   6   0  19   9   8   8   6   0   9  33  8
  6   6   0  39  13  13   0  27  13  13  39 13
  6   6   0  39  14  12   0  27  12  14  39 13
  6   6   0  40  12  13   0  27  13  12  40 13
  6   6   0  40  13  12   0  27  12  13  40 13
  6   6   5   1  10   1   5  14   0  12  18  6
  6   6   5   1  10   1   5  14   6   0  24  6
  6   6   5   1  11   0  12   0   6  13  18  6
  6   6   5   5   2   5   5  14   0  12  18  6
  6   6   5   5   2   5   5  14   6   0  24  6
  6   6   5   5   5   2   5   5  15   6  18  6
  6   6   5   5   6   6   0  11   6   0  27  6
  6   6   5   6   1   5   6   5  14   6  18  6
  6   6   5   6   6   0   6   6  13   0  24  6
  6   6   5   6   6   0  11   6   0   6  26  6
  6   6   5   6   6   5   1  11   0   6  26  6
  6   6   5   6   6   5   6   1   5   6  26  6
  6   6   6   0  11   6   6   0   6   6  25  6
  6   6   6   5   1   6  10   1   5  14  18  6
  6   6   6   5   1  10   2   5   5  14  18  6
  6   6   6   5   1  11   6   0   6   6  25  6
  6   6   6   5   5   2   6   5   5  14  18  6
  6   6   6   5   5   6   6   1   5   6  26  6
  6   6   6   5   6   1  11   0   6   6  25  6
  6   6   6   5   6   6   1   5   6   6  25  6
  6   6   6  10   6   6   0   6  10  14  21  7
  6   6   6  10   6   6   0   6  17   0  28  7
  6   6   9   6   0   6   9  14   0  14  21  7
  6   6   9   6   0   6   9  14   7   0  28  7
  6   6   9   6   0   6  16   0  14   0  28  7
  6   6  11   0  17   6   0   6  20   8  24  8
  6   7   0   6  16   0  14   7   6   0  29  7
  6   7   0   6  16   7   6   0  15   0  28  7
  6   7   0  15   6   0  15   0  13   0  29  7
  6   7   6   0  13   0  17   7   6   0  29  7
  6   7   6   0  16   0  14   7   0   6  29  7
  6   7   6   0  16   7   0   6  15   0  28  7
  6   7   7   0   6  16   7   0   6  15  21  7
  6   7   7   0   6  16   7   7   0   6  29  7
  6   7   7   7   8   7   0   6   7   7  29  7
  6   7   8   0  13   0  15   6   0   7  29  7
  6   7  11   7   7   7  11   0   6   7  35  8
  6   8   0   6  14   8   6   0  14   0  29  7
  6   8   0  13   8   0   6  13   0  16  21  7
  6   8   0  13   8   5   1   8   5  16  21  7
  6   8   0  13   8   6   0  14   0   7  29  7
  6   8   0  14   6   0  14   0  14   0  29  7
  6   8   5   8   8   0   6   8   5  16  21  7
  6   8   6   0   8   6  14   8   6   0  29  7
  6   8   6   0   8  12   0  16   0  14  21  7
  6   8   6   0   8  12   0  16   7   0  28  7
  6   8   6   0   8  14   6   0  14   0  29  7
  6   8   6   0  14   0   6  16   0  14  21  7
  6   8   6   0  14   0   6  16   7   0  28  7
  6   8   6   0  14   0  14   0  15   0  28  7
  6   8   6   0  14   0  14   8   0   6  29  7
  6   8   6   0  14   0  15   6   0   8  28  7
  6   8   6   0  14   8   0   6  14   0  29  7
  6   8   6   0  14   8   6   0   8   6  29  7
  6   8   6   6   6   6   8   0   6  18  21  7
  6   8   6   6   6   8   0   6  17   0  28  7
  6   8   6   7   8   6   0   8   6   7  29  7
  6   8   6   8   0   6  14   0  14   0  29  7
  6   8   6   8   6   0   8   6  14   0  29  7
  6   8   6   8   6   0  14   0   8   6  29  7
  6   8   7   6   6   2  11   8   0   6  31  7
  6   8   7   6   6   6   3  12   0   6  31  7
  6   8   9   9   8   0   6   9   9  16  24  8
  6   8   9   9   8   0   6   9  17   0  32  8
  6   8  10   7   0  17   8   0   6  10  32  8
  6   9   9   0   6   9  17   8   7   0  33  8
  6   9   9   0   6  17   9   0   6  18  24  8
  6   9   9   0   6  17   9   0  15   0  33  8
  6   9   9   6   0   9   9  16   0  16  24  8
  6   9   9   6   0   9   9  16   8   0  32  8
  6   9   9   6   0   9  17   0  16   0  32  8
  6   9   9   6   0  18   8   0   7   9  32  8
  6   9  10  10  10   9   6   0  10  10  37  9
  6  10   5  10   6   0  19   6   0  10  32  8
  6  10   7   0  16   0  17   0   6  18  24  8
  6  10   7   0  17   0   6  17   0  17  24  8
  6  10   7   0  17   6   0  10  16   0  32  8
  6  10   7   6  11   6   0  10  13   0  35  8
  6  10   7   7  10   0   6  10   7  17  24  8
  6  10   7   8   8   0  17   0   6  10  32  8
  7   0   7  12   9   7   3   7   0  18  21  7
  7   0   7  13   8   0  12   7   0  16  21  7
  7   0   7  18   7   0   7  18   8   8  24  8
  7   0   7  18   7   0  17   8   7   0  33  8
  7   0   7  18   8   7   0   7  18   8  24  8
  7   0  10   9   9   7   0  10   0  18  21  7
  7   0  10   9   9   7   3   4   3  18  21  7
  7   0  11  10   1   7   0  20   7   7  21  7
  7   0  12   7   0  12   0  18   7   7  21  7
  7   0  12   8   8   0   7  12   0  16  21  7
  7   0  12   8   8   4   7   0   8  16  21  7
  7   0  12   9   3   7   0  18   0  14  21  7
  7   0  12   9   3   7   0  18   7   0  28  7
  7   0  13   0   7  13   0  16   7   7  21  7
  7   0  13   7   0  13   0  16   0  14  21  7
  7   0  13   7   0  13   0  16   7   0  28  7
  7   0  13   7   0  15   0  12   0  16  21  7
  7   0  13   7   0  15   5   2   5  16  21  7
  7   0  13   7   0  15   6   7   0   7  29  7
  7   0  13   8   5   7   0  16   0   7  28  7
  7   0  13   8   6   7   0   7  14   0  29  7
  7   0  14   5   2  14   3   7   0  18  21  7
  7   0  14   5   5  11   0  10   0  18  21  7
  7   0  14   5   5  11   3   4   3  18  21  7
  7   0  14   6   1  13   6   1   6  16  21  7
  7   0  14   6   1  14   5   7   0   9  28  7
  7   0  14   6   6   8   1   6   6  16  21  7
  7   0  14   6   6   9   0  12   0   9  28  7
  7   0  14   6   6   9   5   2   5   9  28  7
  7   0  14   6   7   0  14   7   0   7  29  7
  7   0  14   6   7   0  15   0  12   0  30  7
  7   0  14   6   7   0  15   5   2   5  30  7
  7   0  14   6   7   7   7   0   7   7  29  7
  7   0  15  10   8   7   0   7  10  16  24  8
  7   0  15  10   8   7   0   7  18   0  32  8
  7   0  16   0   7  18   8   8   7   0  33  8
  7   0  16   7   0  18   8   8   0   7  33  8
  7   0  16   9   7   0   7   9  17   8  24  8
  7   0  16  11  11   9   7   0   7  22  27  9
  7   0  17   0  14  10   7   0   7  18  24  8
  7   0  17   7   0   7  17   0  17   8  24  8
  7   0  17   7   0   7  18   7   0  17  24  8
  7   0  17   7   0   7  18   8   7   0  33  8
  7   0  17   7   0  17   0  14   0  18  24  8
  7   0  17   7   0  17   7   0   7  18  24  8
  7   0  17   7   7   7  10   7   0   7  35  8
  7   0  17   7   7  10   0   7   7  18  24  8
  7   0  18   7   0  22   9   9   7   0  38  9
  7   0  18  10  10   0  18   0   7  20  27  9
  7   0  19  10   9   7   0  20   0   9  36  9
  7   0  20   7   0  20   7   7   0  22  27  9
  7   0  20   7   7  13   7   0   7  22  27  9
  7   0  20   8   8  11   9   0   7  11  36  9
  7   0  22   8  13   8   0  22   7   0  43 10
  7   0  22  11   7  11   0  22   7   0  43 10
  7   0  22  13  13   0  22   7   0  26  33 11
  7   0  26   9   9  15  11   7   0  15  44 11
  7   1  10  10   0   8   0  20   7   7  21  7
  7   1  10  10   1   6   1  20   7   7  21  7
  7   3   4  12   9   7   0  10   0  18  21  7
  7   3   4  12   9   7   3   4   3  18  21  7
  7   3   7   9   9   7   0   7   3  18  21  7
  7   3   9   9   0  10   0  18   0  14  21  7
  7   3   9   9   0  10   0  18   7   0  28  7
  7   3   9   9   3   4   3  18   0  14  21  7
  7   3   9   9   3   4   3  18   7   0  28  7
  7   3  11   5   2  14   0  10   0  18  21  7
  7   3  11   5   2  14   3   4   3  18  21  7
  7   3  11   5   5  11   0   7   3  18  21  7
  7   4   4   7   0  20   0  14   7   7  21  7
  7   4   4   7   0  20   7   0  14   7  21  7
  7   4   4   7   0  20   7   7   0  14  21  7
  7   4   4   7   0  20   7   7   7   0  28  7
  7   4   7   0  11   0  20   7   7   7  21  7
  7   4   7   7   0  17   7   4   7   0  31  7
  7   4   7   7  10   7   4   7   0   7  31  7
  7   4   8   8   8   0  11   0   8  16  21  7
  7   4   8   8   8   4   3   4   8  16  21  7
  7   4  10   4   7   0  14   7   0  17  21  7
  7   4  10   4   7   0  17   4   7   0  31  7
  7   4  10   4  10   4   7   0  14   0  31  7
  7   5   2  10   0   7  18   7   7   7  21  7
  7   5   2  14   5   5   2   5  18   7  21  7
  7   5   2  14   5   7   0  14   7   0  30  7
  7   5   5   7   0  18   0   7  14   7  21  7
  7   5   5   7   0  18   0  14   0  14  21  7
  7   5   5   7   0  18   0  14   7   0  28  7
  7   5   5   7   0  18   7   0   7  14  21  7
  7   5   5   7   0  18   7   0  14   0  28  7
  7   5   5   7   0  18   7   7   0   7  28  7
  7   5   5  11   5   2   5   5  18   7  21  7
  7   5   7   0   7  16   5   7   0  16  21  7
  7   5   7   0   7  16   7   5   7   0  30  7
  7   5   7   0  12   0  18   0  14   7  21  7
  7   5   7   0  12   0  18   7   0  14  21  7
  7   5   7   0  12   0  18   7   7   0  28  7
  7   5   7   0  16   5   7   0   7  16  21  7
  7   5   7   0  16   7   5   7   0   7  30  7
  7   5   7   7   0   7   5  18   7   7  21  7
  7   5   7   8   0  15   5   7   0   7  30  7
  7   5   7   8   8   5   7   0   7   8  29  7
  7   5   8   7   0  15   0   7   5  16  21  7
  7   5   8   8   0  12   0  16   0   7  28  7
  7   5   8   8   5   2   5  16   0   7  28  7
  7   5   8   8   5   7   0   8  13   0  30  7
  7   5   9   0  12   0  12   0  18   7  21  7
  7   5   9   3   9   0   9   3  18   7  21  7
  7   5   9   5   7   0  14   0   7  16  21  7
  7   5   9   6   1  14   0  12   0   9  28  7
  7   5   9   6   1  14   5   2   5   9  28  7
  7   5   9   6   6   9   0   7   5   9  28  7
  7   5   9   6   7   0  15   0   7   5  30  7
  7   6   1   6   6  16   6   7   0  15  21  7
  7   6   1   6   6  16   7   6   7   0  29  7
  7   6   1  12   0   7  16   0  14   7  21  7
  7   6   1  12   0   7  16   7   0  14  21  7
  7   6   1  12   0   7  16   7   7   0  28  7
  7   6   1  12   0  16   0  13   0  15  21  7
  7   6   1  12   0  16   6   1   6  15  21  7
  7   6   1  12   0  16   7   0  13   0  29  7
  7   6   1  12   0  16   7   6   1   6  29  7
  7   6   1  12   9   7   6   1   6   6  30  7
  7   6   1  14   6   6   1   6   9  14  21  7
  7   6   1  14   6   6   1   6  16   0  28  7
  7   6   1  14   6   7   0   7  14   0  29  7
  7   6   6   1   6  12   0  18   7   7  21  7
  7   6   6   6   1   6  17   6   7   0  29  7
  7   6   6   7   0  16   0   7  14   0  28  7
  7   6   6   7   0  16   0  14   0   7  28  7
  7   6   6   9   6   1   6   6   9  14  21  7
  7   6   6   9   6   1   6   6  16   0  28  7
  7   6   7   0   7  15   0  13   7   0  29  7
  7   6   7   0  13   0  16   0   7  14  21  7
  7   6   7   0  13   0  16   0  14   0  28  7
  7   6   7   0  13   0  16   7   0   7  28  7
  7   6   7   0  15   0  13   7   0   7  29  7
  7   6   7   6   7   0  13   0  17   0  28  7
  7   6   7   7   0   7   6  16   0  14  21  7
  7   6   7   7   0   7   6  16   7   0  28  7
  7   6   7   7   0  15   0  13   0   7  29  7
  7   6   7   7   7   6   7   0   7   7  30  7
  7   6   7   8   0  13   7   0   8   5  30  7
  7   6   7   8   6   7   0   7   8   6  29  7
  7   6   8   0  13   0  13   0  16   0  28  7
  7   6   8   0  13   0  14   7   0   7  29  7
  7   6   8   0  14   0  13   0  13   0  30  7
  7   6   8   0  14   5   8   0   8   5  30  7
  7   6   8   5   8   0   8   5  16   0  28  7
  7   6   8   5   9   0  13   0   8   5  30  7
  7   6   8   6   1   6   8  12   0  16  21  7
  7   6   8   6   7   0   8  13   0   7  29  7
  7   7   0   7  19   0  16   0  16   8  24  8
  7   7   0   7  19   0  16   8   0  16  24  8
  7   7   0   7  19   0  16   8   8   0  32  8
  7   7   0   7  19   8   0  16   0  16  24  8
  7   7   0   7  19   8   0  16   8   0  32  8
  7   7   0   7  19   8   8   0  16   0  32  8
  7   7   0  12   9   0  10   7   0  18  21  7
  7   7   0  12   9   3   4  10   0  18  21  7
  7   7   0  12   9   3   7   4   3  18  21  7
  7   7   0  13   7   0  14   0  14   0  29  7
  7   7   0  13   7   7   0  14   0   7  29  7
  7   7   0  15  11   8   7   0  14   0  35  8
  7   7   0  15  11   8   7   7   0   7  35  8
  7   7   0  17   7  10   7   7   0   7  35  8
  7   7   0  18   0   7   7  18   8   8  24  8
  7   7   0  18   0   7  17   8   7   0  33  8
  7   7   0  18   0  16   8   7   1   6  34  8
  7   7   0  18   5  11   7   0  14   0  35  8
  7   7   0  18   7   0  17   8   0   7  33  8
  7   7   0  18   8   0   7   7  18   8  24  8
  7   7   0  22   0  14   0  22   9   9  27  9
  7   7   0  22   7   0   7  22   9   9  27  9
  7   7   0  22   7   0  20   9   7   0  38  9
  7   7   0  22   9   0  14   0  22   9  27  9
  7   7   0  22   9   7   0   7  22   9  27  9
  7   7   0  26   7   7   0  26  10  10  30 10
  7   7   0  26  10   7   7   0  26  10  30 10
  7   7   3   9   9   0   7  10   0  18  21  7
  7   7   3   9   9   0  10   4   3  18  21  7
  7   7   3   9   9   3   4   7   3  18  21  7
  7   7   4   3   8   7   0  20   7   7  21  7
  7   7   4   4   6   8   0  20   7   7  21  7
  7   7   4   7  10   4   7   7   0   7  31  7
  7   7   4  10   4   7   7   0  14   0  31  7
  7   7   5   2  10   7   0  18   0  14  21  7
  7   7   5   2  10   7   0  18   7   0  28  7
  7   7   5   5   4  10   0  18   0  14  21  7
  7   7   5   5   4  10   0  18   7   0  28  7
  7   7   5   7   2   5  12   0  18   7  21  7
  7   7   5   7   7   0  14   0   7  16  21  7
  7   7   6   1   7  12   0   7  16   7  21  7
  7   7   6   1  12   6   1  13   0  17  21  7
  7   7   6   1  12   7   0  16   0   7  28  7
  7   7   6   1  13   0  14   0  14   0  29  7
  7   7   6   1  14   6   1  12   1   6  30  7
  7   7   6   1  14   6   6   2   6   6  30  7
  7   7   6   6   2  12   0  16   0   7  28  7
  7   7   6   6   6   6   7   1   6  18  21  7
  7   7   6   6   6   7   1   6  17   0  28  7
  7   7   6   6   7   1   6  13   0  17  21  7
  7   7   6   6   9   6   1   7   6   6  30  7
  7   7   6   7   1   6  13   0  16   0  28  7
  7   7   6   7   6   7   7   0   7   7  30  7
  7   7   6   8   0  13   1   6  13   0  30  7
  7   7   6   8   0  13   6   1   8   5  30  7
  7   7   6   8   5   8   1   6   8   5  30  7
  7   7   7   4   7   7   7   0  14   0  31  7
  7   7   7   5   2   7  10   7   0  18  21  7
  7   7   7   5   2  10   4  10   0  18  21  7
  7   7   7   5   5   4   7  10   0  18  21  7
  7   7   7   5   7   7   7   0   7   7  30  7
  7   7   7   6   6   2  11   7   1   6  31  7
  7   7   7   6   6   6   3  11   1   6  31  7
  7   7   7   6   7   1   7   6  13   0  30  7
  7   7   7   8  11   8   7   0   7   7  35  8
  7   7   7  10   0  17   7   7   0   7  35  8
  7   7   7  10   7  10   7   0   7   7  35  8
  7   7   7  11   7   7   0   7  18   0  33  8
  7   7   9  13   9   7   0   7  13  18  27  9
  7   7   9  13   9   7   0   7  22   0  36  9
  7   7  10   0   7  17   7   0   7  18  24  8
  7   7  10   7   0   7  10   7  17   8  24  8
  7   7  10   7   0   7  18   0   7  17  24  8
  7   7  10   7   0   7  18   8   0   7  33  8
  7   7  10   7   0  14  10   7   0   7  35  8
  7   7  10   7   0  17   0   7   7  18  24  8
  7   7  10   7   7   0  17   7   0   7  35  8
  7   7  10   7   7   7  10   0   7   7  35  8
  7   7  10  13  13  10   7   0   7  26  30 10
  7   7  11  11   7   0   7  11  20   9  27  9
  7   7  12   7  12   7   0   7  22   0  36  9
  7   7  13   0  14  13   7   0   7  22  27  9
  7   7  13   7   0   7  20   0  20   9  27  9
  7   7  13   7   0   7  22   7   0  20  27  9
  7   7  13   7   0   7  22   9   7   0  38  9
  7   7  13   7   0  20   0  14   0  22  27  9
  7   7  13   7   0  20   7   0   7  22  27  9
  7   7  13   7   7  13   0   7   7  22  27  9
  7   7  16   7   0  23   7   7   0  26  30 10
  7   7  16   7   7  16   7   0   7  26  30 10
  7   8   0   7  18   8   7   0   8  17  24  8
  7   8   0   7  18   8   8   7   0   8  33  8
  7   8   0  15   0  18   8   0   7  17  24  8
  7   8   0  15   0  18   8   8   0   7  33  8
  7   8   7   0  18   8   0   7   8  17  24  8
  7   8   7   0  18   8   8   0   7   8  33  8
  7   8   8   0   7  18   0  16   7   0  33  8
  7   8   8   0   7  18   8   0  15   0  33  8
  7   8   8   0  17   8   7   0   8   8  33  8
  7   8   8   7   0  18   0  16   0   7  33  8
  7   9   0  15   9   0  15   7   0   9  33  8
  7   9   0  15   9   6   9   1   6   9  33  8
  7   9   0  16   0  22   9   7   0  20  27  9
  7   9   0  16   0  22   9   9   7   0  38  9
  7   9   6   9   9   0  15   1   6   9  33  8
  7   9   7   0  16   0   7   9  17   8  24  8
  7   9   7   0  16   7   0  16   7   0  35  8
  7   9   7   0  22   9   7   0   9  20  27  9
  7   9   7   0  22   9   9   7   0   9  38  9
  7   9   7   7   7   9   0   7   9  18  24  8
  7   9   7   7   9   0   7  16   7   0  35  8
  7   9   7   7   9   7   0   9  14   0  35  8
  7   9   7   7   9   7   0  16   0   7  35  8
  7   9   9   7   0  22   0  18   7   0  38  9
  7   9   9   7   0  22   9   0  16   0  38  9
  7  10   0  18  10   8  10   0   7  10  37  9
  7  10   8  10  10   0  18   0   7  10  37  9
  7  10  10   0   7  20   7   0  20   0  36  9
  7  10  10   0  16  10  10   0   7  10  37  9
  7  10  10   0  17  10   7   0  10  10  36  9
  7  10  10   7   0  10  17   7   0  22  27  9
  7  10  10   7   0  10  19   9   0   8  37  9
  7  10  10   7   0  17   3  14   0  22  27  9
  7  10  10   7   0  17  10   0   7  22  27  9
  7  10  10   7   0  20   0   7  20   0  36  9
  7  10  10   7   0  20   0  17   0  10  36  9
  7  10  10   7  10  10   0   7  10  10  36  9
  7  10  10   8   0  18  10   0   7  10  37  9
  7  11   0  16  11   5   2  16   0  22  27  9
  7  11   0  17   1  16  11   7   0  11  36  9
  7  11   5  11  11   0   7  16   0  22  27  9
  7  11   5  11  11   5   2  11   5  22  27  9
  7  11   7   0  18   7   0  11  20   9  27  9
  7  11   7   7  11   0   7  11  20   9  27  9
  7  11   7   9   9   0  18   0   7  22  27  9
  7  11   8   0  19   7   0  11   8  19  27  9
  7  11   8   8  11   0   7  20   0   7  38  9
  7  11  11  11   7   0  11  22   7   0  43 10
  7  11  11  13  13  11   0   7  11  26  33 11
  7  11  15   9   9   0  26   0   7  26  33 11
  7  13   0  22  13   9  13   7   0  13  46 11
  7  13   9  13  13   0  22   7   0  13  46 11
  7  13  10   7   7  10  13   0   7  26  30 10
  7  13  13   0  18  13  13   7   0  13  46 11
  7  13  13   7   0  26   7   0  26   0  44 11
  7  13  13   7  13  13   7   0  13  13  44 11
  7  13  13   9   0  22  13   7   0  13  46 11
  7  13  13  13  13  13   0   7  13  28  36 12
  7  13  13  16  16  13   7   0  13  32  39 13
  7  13  19  10  10   0  32   7   0  32  39 13
  7  15   9   9  15   0   7  26   7   0  48 11
  7  15   9   9  15   7   0  26   0   7  48 11
  7  19  10  10  19   7   0  32   7   0  58 13
  8   0   8  15   0  17   6   8   0  18  24  8
  8   0   8  15   9   8   6   8   0   9  33  8
  8   0   8  19  10   8   0  19   8   0  37  9
  8   0   8  19  10   9   8   0   8  20  27  9
  8   0  14   9   9   8   0  14   0   9  33  8
  8   0  14   9   9   8   6   2   6   9  33  8
  8   0  15   0  15   0   8  18   8   8  24  8
  8   0  15   0  15   8   0  18   0  16  24  8
  8   0  15   0  15   8   0  18   8   0  32  8
  8   0  15   8   0   8  15   0  18   8  24  8
  8   0  15   9   0  15   8   0  15   0  34  8
  8   0  15   9   6   8   0   9   9  16  24  8
  8   0  15   9   6   8   0   9  17   0  32  8
  8   0  15   9   6   9   8   0   9   6  34  8
  8   0  16   7   1   7  15   8   0  18  24  8
  8   0  16   7   7   1   9  14   0  18  24  8
  8   0  16   7   7   7   9   7   1   7  35  8
  8   0  18   0  19   8  10   8   0   8  38  9
  8   0  18   8   0  20   0  18   8   0  37  9
  8   0  18   8  11   0  18   8   0   8  38  9
  8   0  18  10   8   0   8  20   8   0  37  9
  8   0  18  10   8   8   0  20   0   8  37  9
  8   0  18  13   8  13  10   8   0   8  44 10
  8   0  19   0  17   8  11   8   0   8  38  9
  8   0  19   8   0  19   8   8   0  11  36  9
  8   0  19   8   8  11   8   0   8  11  36  9
  8   0  19   8   9   0  19   8   0   8  38  9
  8   0  20  11  11  10  10   0   8  11  41 10
  8   0  21   0  21   8   0  22   0  20  30 10
  8   0  21   0  21   8   0  22  10   0  40 10
  8   0  21  10  11  10   0   8  21   0  41 10
  8   0  21  11  10   8   0  11  11  20  30 10
  8   0  21  11  10   8   0  11  21   0  40 10
  8   0  22   9   0  21  10   8   0  12  40 10
  8   0  22   9   8   9  14   8   0   8  44 10
  8   5   8   8   0  13   0  22   8   8  24  8
  8   6   2  15   0  17   0  14   0  18  24  8
  8   6   2  15   0  17   6   2   6  18  24  8
  8   6   2  15   9   8   0  14   0   9  33  8
  8   6   2  15   9   8   6   2   6   9  33  8
  8   6   8   9   9   8   0   8   6   9  33  8
  8   6   9   9   0  14   0   9   9  16  24  8
  8   6   9   9   0  14   0   9  17   0  32  8
  8   6   9   9   0  14   0  15   8   0  35  8
  8   6   9   9   5   9   0  15   3   5  35  8
  8   6   9   9   6   2   6   9   9  16  24  8
  8   6   9   9   6   2   6   9  17   0  32  8
  8   7   1   7  17   7   7   1   7  18  24  8
  8   7   1   7  17   8   7   7   1   7  34  8
  8   7   7   1   7  18   0  15   0  17  24  8
  8   7   7   1   7  18   7   1   7  17  24  8
  8   7   7   1   7  18   8   0  15   0  33  8
  8   7   7   1   7  18   8   7   1   7  33  8
  8   7   7   1  17   7   1   7   7  18  24  8
  8   7   7   1  17   8   7   1   7   7  34  8
  8   7   7   7   1  14   0  20   0  16  24  8
  8   7   7   7   1  14   0  20   8   0  32  8
  8   7   7   7   7   7   1   7  21   8  24  8
  8   7   7   8   0  15   0   8  19   8  24  8
  8   7   7   8   0  18   0   8   7  17  24  8
  8   7   7   8   0  18   8   0   8   7  33  8
  8   7   8   0   8   7   8  18   8   8  24  8
  8   7   8   0   8  15   0  18   0  16  24  8
  8   7   8   0   8  15   0  18   8   0  32  8
  8   7   8   0   8  17   7   8   0   8  33  8
  8   7   8   0  15   0  15   8   0  19  24  8
  8   7   8   7   8   0   8  15   0  19  24  8
  8   7   8   8   0  15   0  18   0   8  32  8
  8   7   8   8   0  15   8   0  15   0  35  8
  8   7   8   8   7   8   8   0   8   7  35  8
  8   7   9   0  15   0  15   0   9  17  24  8
  8   7   9   6   9   0   9   6   9  17  24  8
  8   7   9   7   1   7  15   1   7  18  24  8
  8   7   9   7   7   1   9   7   7  18  24  8
  8   8   0   8  21   0   8  19   9   9  27  9
  8   8   0   8  21   9   0   8  19   9  27  9
  8   8   0   8  21   9   9   0   8  19  27  9
  8   8   0   8  21   9   9   9   0   8  37  9
  8   8   0  15   1   7  15   8   0  18  24  8
  8   8   0  15   1  14   1  15   0  18  24  8
  8   8   0  15   8   0   8  15   0  18  24  8
  8   8   0  15   8   0  15   1   7  18  24  8
  8   8   0  15   8   7   1   8   7  18  24  8
  8   8   0  15   9   0  14   8   0   9  33  8
  8   8   0  15   9   6   2  14   0   9  33  8
  8   8   0  15   9   6   8   2   6   9  33  8
  8   8   0  16   0   8  23   9   9   9  27  9
  8   8   0  16   0  22   8   8   0  20  27  9
  8   8   0  16   0  22   9   8   8   0  38  9
  8   8   0  19  10   0   8  19   8   0  37  9
  8   8   0  19  10   8   0  19   0   8  37  9
  8   8   0  19  10   9   0   8   8  20  27  9
  8   8   0  20   0  16   0  20   0  18  27  9
  8   8   0  20   0  16   0  20   9   0  36  9
  8   8   0  20   0  18   9   0  16   0  38  9
  8   8   0  20   7  11   9   0   9   7  38  9
  8   8   0  20   8   0   8  20   0  18  27  9
  8   8   0  20   8   0   8  20   9   0  36  9
  8   8   0  20   8   0  19   0  17   0  37  9
  8   8   0  20   9   0  16   0  11  18  27  9
  8   8   0  20   9   0  16   0  20   0  36  9
  8   8   0  20   9   8   0   8  11  18  27  9
  8   8   0  20   9   8   0   8  20   0  36  9
  8   8   0  25  14  11   8   8   0  28  33 11
  8   8   5   5   8   3   5  22   8   8  24  8
  8   8   6   9   9   0   8  14   0   9  33  8
  8   8   6   9   9   0  14   2   6   9  33  8
  8   8   6   9   9   6   2   8   6   9  33  8
  8   8   7   1  14   1   7   8  18   8  24  8
  8   8   7   1  14   8   0  15   8   0  35  8
  8   8   7   1  15   0   8  15   0  18  24  8
  8   8   7   1  15   0  15   1   7  18  24  8
  8   8   7   7   2  14   0  15   8   0  35  8
  8   8   7   7   8   1   7  18   0   8  32  8
  8   8   7   8   1   7   8  15   0  18  24  8
  8   8   7   8   7   1   8   7  18   0  32  8
  8   8   7   8   7   1  14   1  15   0  35  8
  8   8   7   8   7   8   7   1   8   7  35  8
  8   8   7   8   8   0   8   8   7  18  24  8
  8   8   7   8   8   0  16   0   8   8  33  8
  8   8   8   0   8   8  23   9   9   9  27  9
  8   8   8   0   8  22   8   8   0  20  27  9
  8   8   8   0   8  22   9   8   8   0  38  9
  8   8   8   7   8   1  14   1   8   7  34  8
  8   8   8   7   8   7   2   7   8   7  34  8
  8   8   8   8   0  22   8   0   8  20  27  9
  8   8   8   8   0  22   9   8   0   8  38  9
  8   8   9  11   9   8   0   8  11   9  36  9
  8   8  10   0  19   0  18   8   0   8  38  9
  8   8  10  10   8   0   8  10  10  18  27  9
  8   8  10  10   8   0   8  10  19   0  36  9
  8   8  10  10   8   0   8  20   0   8  37  9
  8   8  10  13   0  21  10   8   0   8  44 10
  8   8  11   0  16  11   8   0   8  11  36  9
  8   8  11   0  17   0  19   8   0   8  38  9
  8   8  11   8   0   8  11  18   8   0  37  9
  8   8  11   8   0   8  19   0  19   0  36  9
  8   8  11   8   0  19   0  16   0  11  36  9
  8   8  11   8   0  19   8   0   8  11  36  9
  8   8  11   8   8  11   0   8   8  11  36  9
  8   8  11  11  17  11  11   8   0   8  50 11
  8   8  14   8  17   8  14   8   0   8  50 11
  8   8  14   9   0  17  14   8   0   8  44 10
  8   8  14  14   8   8   0  28   8   0  47 11
  8   8  17   8  11   8  17   8   0   8  50 11
  8   9   0   8   9  20   9   8   0  19  27  9
  8   9   0   8   9  20   9   9   8   0  37  9
  8   9   8   0   9  20   9   0   8  19  27  9
  8   9   8   0   9  20   9   9   0   8  37  9
  8   9   9   0   8  20   9   8   0   9  37  9
  8   9   9   8   0  20   9   0   8   9  37  9
  8  10   0  16  11   8   0  18   0   8  38  9
  8  10   0  21   0  21  10   0   8  22  30 10
  8  10   0  21  11  10  10   0   8  11  41 10
  8  10   8   0  10  16   0  20   8   0  37  9
  8  10   8   0  18   0   8  20   8   0  37  9
  8  10   8   0  18   0  18   0   8  20  27  9
  8  10   8   0  18   0  18   0  18   0  37  9
  8  10   8   0  18   8   0  10  19   0  36  9
  8  10   8   0  18   8   0  20   0   8  37  9
  8  10   8   0  19   0  16  10   0   8  38  9
  8  10   8   0  19   8   0  10  16   0  38  9
  8  10   8   0  19   8   0  18   0   8  38  9
  8  10   8   0  19   8   8   2   8   8  38  9
  8  10   8   8   8   2  16   0   8  22  27  9
  8  10   8   8  10   0   8  10  19   0  36  9
  8  10   8   8  10   0   8  20   0   8  37  9
  8  10   8   8  11   8   0  10   8   8  38  9
  8  10   9   8   1  16  10   0   8  10  37  9
  8  10   9   8   8   2  17   0   8  10  37  9
  8  10  11  10  11  10   0   8  11  10  41 10
  8  10  11  11  10   8   0  11  11  10  40 10
  8  11   0  20  11   0  20   8   0  11  41 10
  8  11  11   0   8  11  21   8   0  22  30 10
  8  11  11   0   8  20  11  11   0   8  42 10
  8  11  11   0   8  22   8   0  11  21  30 10
  8  11  11   8   0  11  11   8  22  10  30 10
  8  11  11   8   0  11  21   0   8  22  30 10
  8  11  11   8   0  11  21   0  19   0  41 10
  8  11  11   8   0  19  11   0  19   0  43 10
  8  11  11   8   0  22   0   8  11  21  30 10
  8  12   0  19   1   7  23   8   0  22  30 10
  8  12   9   0  20   0  21   8   0  12  40 10
  8  12   9   0  21   0   8  22   8   0  42 10
  8  12   9   0  21   8   0  22   0   8  42 10
  8  12  12  12   0   8  12  24   0  22  33 11
  8  12  12  12   0   8  12  24  11   0  44 11
  8  14   5  14  14   5   3  19   0  28  33 11
  8  14   8   8  17   8   8  14   0   8  50 11
  8  14  14  17  14  17  14   8   0  14  62 14
  8  17  17   8   0  28  17  17   8   0  62 14
  8  17  20  20  20  17   8   0  20  40  51 17
  8  26  14  11  26  11   0  40   8   0  77 17
  8  26  14  14  20  14   0  40   8   0  77 17
  8  29  23  14   0  37  29   8   0  52  60 20
  9   0   9  17   9   0  17   9   0  20  27  9
  9   0   9  17   9   0  19   7   9   0  38  9
  9   0   9  17  10   7   9   0   9  20  27  9
  9   0   9  20  12  10  10   9   0   9  42 10
  9   0   9  25  12  11  11   0   9  24  33 11
  9   0   9  32  15  13  13   9   0  30  39 13
  9   0   9  66  22  22  24  24  22  22  66 22
  9   0   9  66  22  26  20  20  26  22  66 22
  9   0   9  66  26  18  24  24  18  26  66 22
  9   0   9  66  26  22  20  20  22  26  66 22
  9   0   9  70  18  22  24  24  22  18  70 22
  9   0   9  70  18  26  20  20  26  18  70 22
  9   0   9  70  22  18  24  24  18  22  70 22
  9   0   9  70  22  22  20  20  22  22  70 22
  9   0  14  11  11   0  14   9   0  22  27  9
  9   0  16   7   9   0   9  22   9   9  27  9
  9   0  16   9   0  16   9   0  22   9  27  9
  9   0  16   9   0  20   5   9   0  22  27  9
  9   0  16  10  10   0  16   0   9  20  27  9
  9   0  17   8   9   0   9  20   0  18  27  9
  9   0  17   8   9   0   9  20   9   0  36  9
  9   0  17   8  11   8   9   0   9   8  38  9
  9   0  17   9   0  17   0   9  20   9  27  9
  9   0  17   9   0  17   9   0  20   0  36  9
  9   0  17   9   9   0   9  17   0  20  27  9
  9   0  18   7   7  11   7   2   7  22  27  9
  9   0  18   7   7  13   5   9   0  13  36  9
  9   0  18   7   9   0  20   5   9   0  40  9
  9   0  18   8   8   1  17   1   8  20  27  9
  9   0  18   8   9   0  10  16   9   0  38  9
  9   0  18   8   9   0  18   0  17   0  38  9
  9   0  18   8   9   0  18   8   1   8  38  9
  9   0  18   8   9   8  10   0   9   8  38  9
  9   0  19   0  22  10   9   0   9  22  30 10
  9   0  19   0  22  10  10   9   0   9  42 10
  9   0  19  11  11  10   9   0   9  11  41 10
  9   0  21   9   0  19  12   9   0   9  42 10
  9   0  24  10  10   0  24   0   9  24  33 11
  9   0  30  11  11   0  30   9   0  30  39 13
  9   1  13  13   1   9   0  26   9   9  27  9
  9   5  11   9   0  20   0  14   0  22  27  9
  9   5  11   9   0  20   5   4   5  22  27  9
  9   5  11  11   5   9   0  22   0   9  36  9
  9   5  13   7   2  18   5   9   0  13  36  9
  9   5  13   7   7  13   0  14   0  13  36  9
  9   5  13   7   7  13   5   4   5  13  36  9
  9   5  13   7   9   0  20   0  14   0  40  9
  9   5  13   7   9   0  20   5   4   5  40  9
  9   6  10  10  10   6   9   0  10  10  37  9
  9   7   2  14  13   9   7   7   2   7  40  9
  9   7   2  17   7  12   7   7   2   7  40  9
  9   7   2  17   9   0  19   0  16   0  38  9
  9   7   2  17   9   0  19   7   2   7  38  9
  9   7   2  17  10   0  16   0   9  20  27  9
  9   7   7   2   7   7  24   9   9   9  27  9
  9   7   7   2   7  22   7   9   0  20  27  9
  9   7   7   2   7  22   9   7   9   0  38  9
  9   7   7   9   0   9  22   0  18   9  27  9
  9   7   7   9   0   9  22   9   0  18  27  9
  9   7   7   9   0   9  22   9   9   0  36  9
  9   7   7   9   0  22   0  16   0  20  27  9
  9   7   7   9   0  22   7   2   7  20  27  9
  9   7   7   9   0  22   9   0  16   0  38  9
  9   7   7   9   0  22   9   7   2   7  38  9
  9   7   7   9  13   9   7   2   7   7  40  9
  9   7   7  12   7  12   7   2   7   7  40  9
  9   7   7  13   7   7   2   7  13  18  27  9
  9   7   7  13   7   7   2   7  22   0  36  9
  9   7   9   0  16   0   9  22   9   9  27  9
  9   7   9   0  16   9   0  22   0  18  27  9
  9   7   9   0  16   9   0  22   9   0  36  9
  9   7   9  11   0  16   9   0  16   0  40  9
  9   7   9  11   5  11   9   0  11   5  40  9
  9   7  11   0  18   5  11   0  16   0  40  9
  9   7  11   5  11   0  16   0  22   0  36  9
  9   7  11   5  13   0  16   0  16   0  40  9
  9   7  11   5  13   5  11   0  11   5  40  9
  9   7  11   7   2   7  16   9   0  22  27  9
  9   7  11   7   7   2  11  14   0  22  27  9
  9   8   1   8  19   8   9   0  17   0  38  9
  9   8   1  16   0  20   8   9   0   9  37  9
  9   8   1  16  11   0  17   0  17   0  38  9
  9   8   1  16  11   8   9   0   9   8  38  9
  9   8   1  17  10   8   8   1   8  10  37  9
  9   8   1  18   8   8   1   8  19   0  37  9
  9   8   8   1   8   8  21   0  18   9  27  9
  9   8   8   1   8   8  21   9   0  18  27  9
  9   8   8   1   8   8  21   9   9   0  36  9
  9   8   8   9   0   9  20   0   9  18  27  9
  9   8   8   9   0   9  20   0  18   0  36  9
  9   8   8   9   0   9  20   9   0   9  36  9
  9   8   8   9   0  16   1   8  22   9  27  9
  9   8   8  10  10   8   1   8   8  10  37  9
  9   8   8  11   8   1   8   8  19   0  37  9
  9   8   9   0   9   8  20   8   9   0  37  9
  9   8   9   0  17   0   9  20   0  18  27  9
  9   8   9   0  17   0   9  20   9   0  36  9
  9   8   9   0  17   0  20   0  17   0  37  9
  9   8   9   0  17   0  20   8   1   8  37  9
  9   8   9   0  17   9   0  17   9   0  39  9
  9   8   9   0  17   9   0  20   0   9  36  9
  9   8   9   0  19   0  17   0  17   0  38  9
  9   8   9   0  19   0  17   8   1   8  38  9
  9   8   9   0  19   8   1   8  17   0  38  9
  9   8   9   0  19   8   9   0   9   8  38  9
  9   8   9   8  11   0  17   0   9   8  38  9
  9   8   9   9   0   9   8   9  20   9  27  9
  9   8   9  10   0  17   0   9  17   0  38  9
  9   8   9  10   7  10   0   9  10   7  38  9
  9   8  10   0  17   0  18   8   1   8  38  9
  9   8  10   8   1   8  18   0  17   0  38  9
  9   8  10   8   1  17   8   1   8  10  37  9
  9   8  10   8   8  10   1   8   8  10  37  9
  9   8  10   8   9   0  10   8  17   0  38  9
  9   8  10   8   9   0  10  16   1   8  38  9
  9   8  10   8   9   0  18   0   9   8  38  9
  9   9   0   9  23   0  20   9   0  21  30 10
  9   9   0   9  23   0  20  10   9   0  41 10
  9   9   0   9  23   9   0  21   0  20  30 10
  9   9   0   9  23   9   0  21  10   0  40 10
  9   9   0   9  23  10   0  20   9   0  41 10
  9   9   0   9  23  10   9   0  21   0  40 10
  9   9   0  16   2  14   9   9   0  22  27  9
  9   9   0  16   9   0  16   9   0  22  27  9
  9   9   0  16   9   7   2  16   0  22  27  9
  9   9   0  17   1  16   9   0   9  20  27  9
  9   9   0  17   9   9   0   9  17   0  38  9
  9   9   0  17   9   9   0  17   1   8  38  9
  9   9   0  20  12  10  10   0   9   9  42 10
  9   9   0  22  10   9   9   0  12  10  40 10
  9   9   0  22  15  11  11   0  18   0  48 11
  9   9   0  22  15  11  11   9   0   9  48 11
  9   9   0  25   9  14  11   9   0   9  48 11
  9   9   0  26   7  15  11   0  18   0  48 11
  9   9   0  32  15  13  13   0   9  30  39 13
  9   9   0  60  22   0  39  21  18  22  60 20
  9   9   0  60  22  18  21  21   0  40  60 20
  9   9   0  62   0  38  21  21  20  18  62 20
  9   9   0  62   0  40  19  19  22  18  62 20
  9   9   0  62  18  20  21  21  20   0  80 20
  9   9   0  62  18  22  19  19  22   0  80 20
  9   9   0  62  20   0  39  21  18  20  62 20
  9   9   0  62  20  18  21  21   0  38  62 20
  9   9   0  62  20  18  21  21  18   2  80 20
  9   9   0  62  20  20  19  19   2  38  62 20
  9   9   0  62  20  20  19  19  20   2  80 20
  9   9   5   5   9   9   0  26   9   9  27  9
  9   9   7   2  14   9   0   9  22   9  27  9
  9   9   7   2  16   0  16   9   0  22  27  9
  9   9   7   2  18   7   7   9   2   7  40  9
  9   9   7   7   4  14   0   9  22   9  27  9
  9   9   7   7   9   9   0  22   0   9  36  9
  9   9   7   7  13   7   2  14   2   7  40  9
  9   9   7   7  13   7   7   4   7   7  40  9
  9   9   7   9   2   7  16   9   0  22  27  9
  9   9   7   9   7   2  16   0  22   0  36  9
  9   9   7   9   9   0   9  16   0  22  27  9
  9   9   7   9   9   0  16   2   7  22  27  9
  9   9   7   9   9   7   2   9   7  22  27  9
  9   9   7  11   0  16   7   2  16   0  40  9
  9   9   7  11   5  11   2   7  16   0  40  9
  9   9   7  11   5  11   7   2  11   5  40  9
  9   9   8   1   9  16   0  18   0  20  27  9
  9   9   8   1  16   9   0   9  20   0  36  9
  9   9   8   8   2   8   8   8  21   9  27  9
  9   9   8   8   2  16   0   9  20   0  36  9
  9   9   8   8   8   2  15   1   8  22  27  9
  9   9   8   9   1   8  17   0   9  20  27  9
  9   9   8   9   1  16   1   8   9  20  27  9
  9   9   8   9   9   9   0   9   9   8  38  9
  9   9   9   7   9   2  14   2  16   0  40  9
  9   9   9   7   9   7   4   7  16   0  40  9
  9   9   9   8   1   9  16   9   0   9  38  9
  9   9   9   8   1  16   2  16   0   9  38  9
  9   9   9   8   8   2   9  16   0   9  38  9
  9   9  11   0  26  11   9   0   9  26  33 11
  9   9  11   0  26  11  11   9   0   9  48 11
  9   9  11  13  13  11   9   0   9  13  46 11
  9   9  12   0   9  19  12   9   0   9  42 10
  9   9  15   9   0  20  15   9   0   9  48 11
  9  10   0  19   0  22  10   9   0  10  41 10
  9  10   0  19  12  10   9   0  10   9  42 10
  9  10  10   0   9  10  22  10   9   0  41 10
  9  10  10   9   0  10  22  10   0   9  41 10
  9  11   0  19  11   8   1  19   0  11  41 10
  9  11   0  20  15  11   9   0  20   0  48 11
  9  11   0  23  12  11   0   9  11  24  33 11
  9  11   8  11  11   0   9  19   0  11  41 10
  9  11   8  11  11   8   1  11   8  11  41 10
  9  11   9   0  11  18   0   9  23  10  30 10
  9  11   9   9   9  11   0   9  20   0  43 10
  9  11   9  10  10   0  20   0   9  11  41 10
  9  11   9  11  15  11   9   0  11   9  48 11
  9  11  11   9   0  11  26  11   9   0  46 11
  9  12  12   0   9  12  22  12   9   0  46 11
  9  12  12   0   9  22   2  22   9   0  46 11
  9  12  12   0   9  23  12   9   0  12  45 11
  9  12  12   9   0  12  22  12   0   9  46 11
  9  12  12   9   0  22   2  22   0   9  46 11
  9  12  12   9   0  23  12   0   9  12  45 11
  9  13   0  21   9   0  25   0   9  24  33 11
  9  13   0  28  15  13   9   0  13  30  39 13
  9  13   8  13   1   8  25   0   9  24  33 11
  9  13   9   9   4  18   0   9  28  11  33 11
  9  13  10  10  13   0   9  13  20   0  46 11
  9  13  10  10  13   0   9  23   0  10  46 11
  9  13  11   9   9  11  13   0   9  13  46 11
  9  13  13   9   0  26   0  26   9   0  51 12
  9  13  13  13   0   9  13  13  25  12  36 12
  9  15  11   0  25  10   0  26   0   9  51 12
  9  15  15   9   0  15  26  15   9   0  56 13
  9  15  15   9   0  26   4  26   9   0  56 13
  9  15  15   9   0  28  15   9   0  15  54 13
  9  17   0  24   9   0  32   9   0  30  39 13
  9  17   7  17   2   7  32   9   0  30  39 13
  9  17  11  11  17   9   0  17  22   0  56 13
  9  17  11  11  17   9   0  28   0  11  56 13
  9  17  17  17   9   0  17  17  32  15  45 15
  9  19  19  19  19   0   9  19  40  17  51 17
  9  21  13   0  32  11   0  34   9   0  66 15
 10   0  10  19  10  11   8  10   0  10  42 10
 10   0  10  24  10  10   0  24  10   0  45 11
 10   0  18  11  10  11   0  18   0  10  42 10
 10   0  18  11  11   0  18  10   0  11  41 10
 10   0  19   0  19  10   0  10  22  10  30 10
 10   0  19  10   0  10  19  10   0  22  30 10
 10   0  19  10   0  21   8  10   0  11  41 10
 10   0  19  10   9  10   0  10  22   0  40 10
 10   0  19  10  10   0  19   0  10  22  30 10
 10   0  19  11   8  11   0  10  19   0  42 10
 10   0  20   9   9  11   9   1   9  11  41 10
 10   0  23  10   0  10  23  10   0  24  33 11
 10   0  23  10  10   0  13  20   0  24  33 11
 10   0  23  10  10   0  23   0  10  24  33 11
 10   0  24  13  13   0  24  10   0  13  49 12
 10   0  25   0  25  10   0  25   0  25  36 12
 10   0  25  12  13  12  10   0  13  12  49 12
 10   4  13  13   4  10   0  13  23  10  30 10
 10   7   7  10   0  26   7  10   0  23  30 10
 10   7   7  10   0  26  10   7  10   0  43 10
 10   7   7  13  13   7   7   3   7  26  30 10
 10   7  10   7  10   0  10  26  10  10  30 10
 10   7  13   7   7  13   7   3   7  26  30 10
 10   8   2  19  10  11   0  18   0  10  42 10
 10   8   8  13   0  21   8   8   2   8  44 10
 10   8  11  10   0  21   0  18   0  11  41 10
 10   8  11  10   0  21   8   2   8  11  41 10
 10   9   1  18   0  10   9  23  10  10  30 10
 10   9   1  18   0  10  22   9  10   0  41 10
 10   9   1  18   0  19   9  10   0  24  30 10
 10   9   1  18   9  10   0  19   0  24  30 10
 10   9   1  19  10   0  19   0  10  22  30 10
 10   9   9   1   9  22   9  10   0  10  41 10
 10   9   9   9   1  18   0  10  24  10  30 10
 10   9   9  10   0  22   0  19   0  10  41 10
 10   9   9  12   9   9   1   9  12   9  41 10
 10   9  10   0  10  19   0  10  22  10  30 10
 10   9  10   9  10   0  10  22   0  10  40 10
 10   9  10  10   0  19   0  10  22   0  40 10
 10   9  10  10  10   0  10   9  10  22  30 10
 10  10   0  19   9   1  19   0  10  22  30 10
 10  10   0  19   9  10   1   9  10  22  30 10
 10  10   0  19  10   0  10  19  10   0  42 10
 10  10   0  19  10   0  19   1  19   0  42 10
 10  10   0  20   0  38  13  13  13  13  39 13
 10  10   0  20  15  10  10   0  20   0  48 11
 10  10   0  22  13   0  22   0  20   0  46 11
 10  10   0  22  13   0  22  10   0  10  46 11
 10  10   0  23   0  23   0  20   0  24  33 11
 10  10   0  23   0  23  10   0  10  24  33 11
 10  10   0  23  12  11   0  20   0  12  45 11
 10  10   0  23  12  11  10   0  10  12  45 11
 10  10   0  24   0  10  23  10  10   0  46 11
 10  10   0  24   0  20   0  24  10   0  45 11
 10  10   0  24   9   1  23  10   1   9  46 11
 10  10   0  24  10   0  10  24  10   0  45 11
 10  10   0  24  10  10   0  24   0  10  45 11
 10  10   0  66  22  24  21   0  45  22  66 22
 10  10   0  66  24  22  21   0  43  24  66 22
 10  10   0  68  20  24  21   0  45  20  68 22
 10  10   0  68  21  21  23  23  21   0  89 22
 10  10   0  68  21  23  21  21  23   0  89 22
 10  10   0  68  22  22  21   0  43  22  68 22
 10  10   7  10  10   0  17  10   0  26  30 10
 10  10   7  10  10   7   3  17   0  26  30 10
 10  10   9   9  10   1   9  10  22   0  40 10
 10  10   9   9  10   1   9  18  10   0  44 10
 10  10   9   9  10   9   1  10  18   0  44 10
 10  10   9  10   9   1  10   9  10  22  30 10
 10  10   9  10  10   0  10  10  19   0  42 10
 10  10  10   0  10  26  10  10  10   0  47 11
 10  10  10   0  10  38  13  13  13  13  39 13
 10  10  10   0  25  10  10  10   0  10  48 11
 10  10  10   7   7  10  10   3   7  26  30 10
 10  10  10   9   1  18  10   1   9  10  42 10
 10  10  10   9   9   2  18   1   9  10  42 10
 10  10  10   9   9  10   2   9   9  10  42 10
 10  10  10  10   0  26  10   0  20   0  47 11
 10  10  10  10   0  26  10  10   0  10  47 11
 10  10  10  10  15  10  10   0  10  10  48 11
 10  10  12  12  10   0  10  12  22   0  45 11
 10  10  13   0  20   0  24  10   0  10  46 11
 10  10  13  10   0  10  13  20   0  24  33 11
 10  10  13  10   0  10  23   0  10  24  33 11
 10  10  13  10   0  10  24   0  20   0  46 11
 10  10  13  10   0  10  24  10   0  10  46 11
 10  10  13  10  10   0  13  10  10  24  33 11
 10  10  15  10  15  10   0  10  25   0  51 12
 10  10  19  10  10   0  29  10   0  32  39 13
 10  11   0  10  24  11  10   0  21   0  46 11
 10  11  10   0  11  24  11  10   0  11  45 11
 10  11  10   0  24  11   0  10  21   0  46 11
 10  11  10   0  24  11  10   0  11  10  46 11
 10  11  15  11   0  10  27   0  10  26  36 12
 10  12   0  25  12  13  12   0  10  12  50 12
 10  12   8  12  10   0  22   0  10  26  33 11
 10  12  10   0  12  20   0  22   0  24  33 11
 10  12  10   0  22   0  10  22   0  24  33 11
 10  12  10   0  22   0  22  10   0  12  45 11
 10  12  10   0  22  10   0  12  10  24  33 11
 10  12  10  10   2  20   0  10  25   0  44 11
 10  12  10  10  12   0  10  12  10  24  33 11
 10  12  11  10  10   2  11  20   0  10  47 11
 10  12  12  13   0  25  12   0  10  12  50 12
 10  12  12  13  13  12   0  10  12  13  49 12
 10  13  13  10   0  13  13  24  10   0  50 12
 10  13  13  10   0  13  23   0  26   0  48 12
 10  13  13  10   0  26  10   0  13  13  48 12
 10  13  25  13  10   0  41  10   0  38  48 16
 10  14  11  11  14  10   0  14  11  11  50 12
 10  14  14  14   0  24   0  28   0  10  55 13
 10  15  10  15  15  10   0  25   0  15  54 13
 10  16  10  10  16  10   0  26   0  32  39 13
 10  16  12  12   2  24   0  28   0  10  55 13
 10  16  12  12  14   0  12  28   0  10  55 13
 10  17  10  17   0  10  34  10   0  32  42 14
 10  17  15  12   0  15  29   0  10  32  42 14
 10  17  17  17  17  17  17   0  10  17  69 16
 10  22   7  22  10   0  41  10   0  38  48 16
 10  22  22  22  10  22   0  44  10   0  85 19
 10  25  25  25  25  10   0  50   0  50  66 22
 11   0  11   0  36  12  12  14  12  12  36 12
 11   0  11   0  36  12  14  10  14  12  36 12
 11   0  11   0  36  14  10  14  10  14  36 12
 11   0  11   0  36  14  12  10  12  14  36 12
 11   0  11   0  38  10  12  14  12  10  38 12
 11   0  11   0  38  10  14  10  14  10  38 12
 11   0  11   0  38  12  10  14  10  12  38 12
 11   0  11   0  38  12  12  10  12  12  38 12
 11   0  11  29  14   0  26  11   0  28  39 13
 11   0  18  13  13   7  11   0  11  26  33 11
 11   0  20  11  11   9  11   0  11  26  33 11
 11   0  20  12  12   0  19   0  12  24  33 11
 11   0  20  12  12   8   3   8  12  24  33 11
 11   0  21  11   0  21   0  22   0  24  33 11
 11   0  21  11   0  21  11   0  11  24  33 11
 11   0  21  11  11  11   0  21   0  11  46 11
 11   0  21  12   9   2   9  22  11   0  46 11
 11   0  21  12   9  11   0  22   2   9  46 11
 11   0  22  10   1  20  11  11   0  11  46 11
 11   0  22  10  10  11   2  20   0  11  46 11
 11   0  23  12  14  12  11   0  11  12  50 12
 11   0  27  12  15   0  11  28  11   0  54 13
 11   0  27  12  15  11   0  28   0  11  54 13
 11   0  28  12   0  11  29  11   0  28  39 13
 11   0  28  12  11   0  29   0  11  28  39 13
 11   0  29  15  15  14   0  11  15  30  42 14
 11   0  32  13  19  11   0  34  11   0  64 15
 11   0  34  13  11   0  36  11   0  34  45 15
 11   0  36  19  19  17  11   0  19  38  51 17
 11   3  11  15  15  11   3  11   0  30  33 11
 11   3  19   7   7  19   3  11   0  30  33 11
 11   5  14  11   0  25   5  11   0  28  33 11
 11   5  17   8   8  17   5  11   0  17  44 11
 11   5  17   8  11   0  25   5  11   0  50 11
 11   7   4  20  11   0  24   7  11   0  48 11
 11   7   4  20  13   7  11   0  11  26  33 11
 11   7  11  13  13   0  18   0  11  26  33 11
 11   8   8   8   3   8  31  11  11  11  33 11
 11   8   8  11  17  11   8   8   3   8  50 11
 11   8  11   8  17   8  11   0  19   0  50 11
 11   8  11  11   8  11   0  11  28  11  33 11
 11   8  11  14   5  14  11   0  19   0  50 11
 11   8  12  12  12   0  11   8  12  24  33 11
 11   8  14   5  17   5  14   0  19   0  50 11
 11   8  14   8   8   3  19  11   0  28  33 11
 11   8  14   8  11   0  22   8  11   0  50 11
 11   9   2  18   0  20   0  28  11  11  33 11
 11   9   9   9   2   9  28   0  22  11  33 11
 11   9   9   9   2   9  28  11   0  22  33 11
 11   9   9   9   2   9  28  11  11   0  44 11
 11   9   9  11   0  26   9  11   0  11  46 11
 11   9   9  13  13   9   9   2   9  13  46 11
 11   9   9  15   9   9   2   9  24   0  46 11
 11   9  11   0  20  11   0  11  26  11  33 11
 11   9  11  11   9  11   0  11  26   0  44 11
 11   9  11  11  11   0  20   0  11  26  33 11
 11   9  11  13   7  13   0  11  20   0  48 11
 11   9  12  12   9   2   9  22   2   9  46 11
 11   9  13   9   9  13   9   2   9  13  46 11
 11  10   1  20   0  21   0  25   0  22  33 11
 11  10   1  20   0  21   0  25  11   0  44 11
 11  10   1  20   0  24  10  10   1  10  46 11
 11  10   1  21  11  11   0  21   0  11  46 11
 11  10  10   1  10  24  10   1  20   0  46 11
 11  10  10  10   1  10  25   0  11  22  33 11
 11  10  10  10   1  10  25   0  22   0  44 11
 11  10  10  10   1  10  25  11   0  11  44 11
 11  10  10  10   1  19   1  10  27  11  33 11
 11  10  10  10  10   1  10  10  27  11  33 11
 11  10  10  11   0  11  24   0  21   0  45 11
 11  10  10  11   0  11  24  10   1  10  45 11
 11  10  10  11   0  24   0  11  20   0  46 11
 11  10  10  11   0  24  10   1  10  10  46 11
 11  10  11   0  21  11   0  11  24   0  44 11
 11  10  11  10  11   0  11  20  11   0  48 11
 11  10  11  10  11   0  21   0  21   0  48 11
 11  10  11  10  11  10  11   0  11  10  48 11
 11  10  11  11   0  11  10  22   0  24  33 11
 11  10  11  11  11  11   0  11  10  11  46 11
 11  10  12  10   1  10  21  11   0  11  46 11
 11  10  12  10  10   1  12  20   0  11  46 11
 11  11   0  11  11  28   0  24  12  12  36 12
 11  11   0  11  11  28  12   0  24  12  36 12
 11  11   0  11  11  28  12  12   0  24  36 12
 11  11   0  11  11  28  12  12  12   0  48 12
 11  11   0  11  27   0  22   0  26  12  36 12
 11  11   0  11  27  11   0  11  26  12  36 12
 11  11   0  11  27  11   0  25  11   0  49 12
 11  11   0  11  27  12   0  22   0  26  36 12
 11  11   0  11  27  12  11   0  11  26  36 12
 11  11   0  11  27  12  12   0  22   0  50 12
 11  11   0  11  27  12  12  11   0  11  50 12
 11  11   0  11  32  11  11   0  30  13  39 13
 11  11   0  11  32  13  11  11   0  30  39 13
 11  11   0  11  32  13  13  11  11   0  56 13
 11  11   0  11  51  17  17  18  17  17  51 17
 11  11   0  11  51  17  18  16  18  17  51 17
 11  11   0  11  51  18  16  18  16  18  51 17
 11  11   0  11  51  18  17  16  17  18  51 17
 11  11   0  11  52  16  17  18  17  16  52 17
 11  11   0  11  52  16  18  16  18  16  52 17
 11  11   0  11  52  17  16  18  16  17  52 17
 11  11   0  11  52  17  17  16  17  17  52 17
 11  11   0  20   9  11  11   0  11  26  33 11
 11  11   0  20  11   0  20  11  11   0  48 11
 11  11   0  21   1  20  11  11   0  11  46 11
 11  11   0  21  11   0  21  11   0  11  46 11
 11  11   0  21  11  10   1  21   0  11  46 11
 11  11   0  21  11  10  11   1  10  11  46 11
 11  11   0  22   0  34   0  26  13  13  39 13
 11  11   0  22   0  34  13   0  26  13  39 13
 11  11   0  22   0  34  13  13   0  26  39 13
 11  11   0  22   0  34  13  13  13   0  52 13
 11  11   0  26   0  22   0  11  27  12  36 12
 11  11   0  26  10   1  25   0  22   0  50 12
 11  11   0  26  11   0  11  11  27  12  36 12
 11  11   0  29  14   0  26   0  11  28  39 13
 11  11   0  30   9   2  28  11  11   0  56 13
 11  11   0  30  11   0  22   0  32  13  39 13
 11  11   0  30  11  11   0  11  32  13  39 13
 11  11   0  36  17   0  30  11   0  34  45 15
 11  11   0  72   0  48  25  25  24  24  72 24
 11  11   0  72   0  50  23  23  26  24  72 24
 11  11   0  72  24   0  49  25  24  24  72 24
 11  11   0  72  26  24  23  23   0  50  72 24
 11  11   0  73  25  24  23  23   0  49  73 24
 11  11   0  74  22   0  49  25  24  22  74 24
 11  11   3  15  15   3  11  11   0  30  33 11
 11  11   8   8  11  11   0  11  28  11  33 11
 11  11   8   8  17   8   8  11   3   8  50 11
 11  11   8  11  11  11   0  19  11   0  50 11
 11  11   8  14   5  14   8   3  19   0  50 11
 11  11   9   2  18  11   0  22   0  26  33 11
 11  11   9   9   4  16   2   9  28  11  33 11
 11  11   9   9   4  18   0  22   0  26  33 11
 11  11   9   9  11  11   0  11  26   0  44 11
 11  11   9  11   9   2  20   0  11  26  33 11
 11  11   9  11   9  11   2   9  11  26  33 11
 11  11   9  11  11   0  11  20  11   0  48 11
 11  11   9  11  11   0  20   2  20   0  48 11
 11  11  10   1  20  11   0  11  11  24  33 11
 11  11  10   1  21   0  21  11   0  11  46 11
 11  11  10  10   2  19   1  10  25   0  44 11
 11  11  10  10   2  20   0  11  11  24  33 11
 11  11  10  10  10  11   1  10  21   0  48 11
 11  11  10  11   1  10  21   0  22   0  46 11
 11  11  10  11   1  10  21  11   0  11  46 11
 11  11  10  11  11   0  11  21   0  11  46 11
 11  11  10  11  11   0  21   1  10  11  46 11
 11  11  10  11  11  10   1  11  10  11  46 11
 11  11  11   0  11  34   0  26  13  13  39 13
 11  11  11   0  11  34  13   0  26  13  39 13
 11  11  11   0  11  34  13  13   0  26  39 13
 11  11  11   0  11  34  13  13  13   0  52 13
 11  11  11   0  32  11   0  11  30  13  39 13
 11  11  11   0  32  13  11   0  11  30  39 13
 11  11  11   0  32  13  13  11   0  11  56 13
 11  11  11   7   7  11  11  11   0  30  33 11
 11  11  11   8  11   8  11   3  19   0  50 11
 11  11  11   9   2  18  11  11   0  11  48 11
 11  11  11   9   9   4  18  11   0  11  48 11
 11  11  11   9   9  11   4  18   0  11  48 11
 11  11  11  10  10   2  11  19   1  10  47 11
 11  11  11  11   0  11  29  11  11   0  50 12
 11  11  11  19  11   0  11  11  32  13  39 13
 11  11  11  23  11  11   0  11  37  14  42 14
 11  11  13  13  17  13  11   0  11  13  56 13
 11  12   0  23   0  11  27  12  11   0  49 12
 11  12  11  12   0  11  27  12   0  11  49 12
 11  13  11  11  11  11  13   0  11  13  51 12
 11  13  11  13   0  11  32  13  11   0  54 13
 11  13  15  12  12   0  28   0  11  13  54 13
 11  14  14  11   0  14  27  11   0  14  53 13
 11  15   0  25  11   0  29  11   0  15  52 13
 11  15  10  15   1  10  29  11   0  15  52 13
 11  15  11   0  22  15   0  11  32  13  39 13
 11  15  12   0  27  11   0  27   0  11  55 13
 11  15  12  11  16   0  11  27   0  11  55 13
 11  15  19  13  13   0  34  11   0  15  64 15
 11  17  11  11  11  17   0  11  37  14  42 14
 11  17  17  17  17  17  11   0  17  17  67 16
 11  19  13   0  32  11   0  32  11   0  66 15
 11  19  13  11  21  11   0  32   0  11  66 15
 11  23  14  11  26  11   0  37  11   0  77 17
 12   0  12  31   0  29  14  12   0  30  42 14
 12   0  12  31  15  14  14  12   0  15  57 14
 12   0  22  13   0  25  10  12   0  12  50 12
 12   0  22  13  13  10  12   0  12  13  49 12
 12   0  23  11  12   0  12  11  27  12  36 12
 12   0  23  12   0  24  11  12   0  12  50 12
 12   0  23  12  11  12   0  12  12  26  36 12
 12   0  23  12  12   0  23  12   0  12  50 12
 12   0  23  13  10  12   0  13  23   0  50 12
 12   0  24  11  11   1  23  12   0  12  50 12
 12   0  29   0  29  12   0  12  32  14  42 14
 12   0  29   0  29  12   0  30  12   0  58 14
 12  10   2  23   0  25  10  12   0  12  50 12
 12  10   2  23  13  10  12   0  12  13  49 12
 12  10  12  13   0  25   0  22   0  12  50 12
 12  10  12  13  13   0  22   0  12  13  49 12
 12  10  13  13  10   2  10  13  23   0  50 12
 12  10  13  13  10  12   0  13  13  10  50 12
 12  11  11   1  11  11  27  11  12   0  49 12
 12  11  11   1  11  26   0  22  12   0  50 12
 12  11  11   1  11  26  11  11   1  11  50 12
 12  11  11  11  11  11   1  11  29   0  48 12
 12  11  11  12   0  12  11  27   0  24  36 12
 12  11  11  12   0  12  11  27  12   0  48 12
 12  11  11  12   0  26   0  22   1  11  50 12
 12  11  12   0  23   0  12  11  27  12  36 12
 12  11  12  12   0  23   0  12  12  26  36 12
 12  11  12  12   0  24   0  23   0  12  50 12
 12  12   0  12  29   0  26  12  12   0  54 13
 12  12   0  12  29  12  12   0  28   0  52 13
 12  12   0  24   0  30   0  26   0  26  39 13
 12  12   0  24   0  30   0  26  13   0  52 13
 12  12   0  24   0  30  13   0  26   0  52 13
 12  12   0  28   0  26  12   0  24   0  55 13
 12  12   0  28  10  16  12   0  14  10  55 13
 12  12   0  28  12   0  24   0  16  26  39 13
 12  12   0  28  12   0  24   0  29   0  52 13
 12  12   0  28  12  12   0  12  16  26  39 13
 12  12   0  28  12  12   0  12  29   0  52 13
 12  12   0  31   0  29  14   0  12  30  42 14
 12  12   0  31  15  14  14   0  12  15  57 14
 12  12  11   1  22   1  11  23   0  27  36 12
 12  12  11  11  11   2  11  11  27   0  48 12
 12  12  11  11  11  11   2  22   0  12  52 12
 12  12  11  12   1  22  12   0  12  12  50 12
 12  12  12   0  12  30   0  26   0  26  39 13
 12  12  12   0  12  30   0  26  13   0  52 13
 12  12  12   0  12  30  13   0  26   0  52 13
 12  12  12   0  29   0  26  12   0  12  54 13
 12  12  12   0  29  12   0  12  28   0  52 13
 12  12  12  11  11   2  21   2  11  11  51 12
 12  12  12  11  11  11   3  11  11  11  51 12
 12  12  12  12   0  24   0  32   0  26  39 13
 12  12  12  12   0  24   0  32  13   0  52 13
 12  12  12  12  12   0  12  32   0  26  39 13
 12  12  12  12  12   0  12  32  13   0  52 13
 12  12  12  16  12   0  12  12  16  26  39 13
 12  12  12  16  12   0  12  12  29   0  52 13
 12  12  13   0  28  13  12   0  12  13  54 13
 12  13  12   0  13  12  29  13  12   0  53 13
 12  13  12   0  25   0  29  13   0  12  53 13
 12  14   0  29   0  29  14  12   0  14  58 14
 12  14   0  29  15  14  12   0  14  15  57 14
 12  14  12   0  24  14   0  12  29   0  52 13
 12  14  12  12   2  24   0  12  14  28  39 13
 12  14  12  12  12  12   2  24   0  12  57 13
 12  15  16  16  16  15   0  12  16  16  61 15
 12  16  11  16  12   0  31   0  12  16  56 14
 12  16  13   0  29  12   0  16  25   0  59 14
 12  16  13  12  17  12   0  16  13  12  59 14
 12  16  16  16  12   0  16  16  16  30  45 15
 12  16  16  16  12   0  16  16  31   0  60 15
 12  18  14   0  16  28   0  32  12   0  63 15
 13   0  24  15   9  13   0  26  13   0  56 13
 13   0  25  13  13  12  13   0  13  13  54 13
 13   0  26  11  11  13  13  13   0  13  56 13
 13   0  27  13   0  31  14  13   0  13  58 14
 13   0  32  14  14  14  18   0  13  14  63 15
 13   0  38  15  15  15  23  13   0  15  74 17
 13   7  13  16  16   7  13   0  13  32  39 13
 13   9  15  15   9   4   9  26  13   0  56 13
 13   9  15  15   9  13   0  26   4   9  56 13
 13  10  10  13   0  23   0  35  13  13  39 13
 13  10  13  13  13  13  10  13   0  13  58 13
 13  11  11   2  11  30  11  11  13   0  56 13
 13  11  11  13   0  24   0  32   0  26  39 13
 13  11  11  13   0  24   0  32  13   0  52 13
 13  11  11  13   0  30   0  22  13   0  56 13
 13  11  11  13   0  30  11  11   2  11  56 13
 13  11  13   0  24   0  24   0  32  13  39 13
 13  11  13   0  24  11   2  11  32  13  39 13
 13  11  13  11  13   0  13  11  32  13  39 13
 13  11  13  13   0  26  11  13   0  13  56 13
 13  11  13  13  11  13   0  13  13  30  39 13
 13  11  14  14   0  24   0  25   3  10  55 13
 13  11  15  11  11   2  24  13   0  13  56 13
 13  12   1  23  16  12  12   1  12  12  55 13
 13  12  12   1  12  12  12  30  13  13  39 13
 13  12  12   1  27  12  12   1  12  12  55 13
 13  12  12  12   1  12  29   0  25   0  53 13
 13  12  12  12   1  12  29  12   1  12  53 13
 13  12  12  12   1  24   0  25   0  31  39 13
 13  12  12  12  16  12   1  12  12  12  55 13
 13  12  12  13   0  25   0  29   0  13  52 13
 13  12  12  13   0  25  12  13   0  13  56 13
 13  12  13   0  25   0  25   0  29   0  52 13
 13  12  13   0  25  12   1  12  29   0  52 13
 13  12  13  12  13   0  13  12  29   0  52 13
 13  12  13  13  13   0  25   0  13  13  54 13
 13  12  14   0  25   0  25   0  25   0  55 13
 13  12  14  11  14   0  14  11  25   0  55 13
 13  12  14  11  14   0  25   0  14  11  55 13
 13  12  14  12   1  12  25  12   1  12  55 13
 13  12  14  12  12   1  14  23   1  12  55 13
 13  12  14  12  12   1  25   1  12  12  55 13
 13  13   0  13  13  32  13   0  29  14  42 14
 13  13   0  13  13  32  14  13   0  29  42 14
 13  13   0  13  13  32  14  14  13   0  57 14
 13  13   0  25  12  13  13   0  13  13  54 13
 13  13   0  26   0  32   0  13  29  14  42 14
 13  13   0  26   0  32  14   0  13  29  42 14
 13  13   0  26   0  32  14  14   0  13  57 14
 13  13   0  26   0  38  13   0  32  15  45 15
 13  13   0  26   0  38  15  13   0  32  45 15
 13  13   0  26   0  38  15  15  13   0  62 15
 13  13   0  84  30  26  29  29  26   0 114 28
 13  13   0  84  30  28  27  27  28   0 114 28
 13  13  10  10  13  13   0  26   0  32  39 13
 13  13  10  13  13  10  13  13   0  13  58 13
 13  13  11  11  13  13   0  13  13  30  39 13
 13  13  11  13  11   2  24   0  26   0  56 13
 13  13  12   1  24  12   1  13  12  29  39 13
 13  13  12   1  24  13   0  26   0  13  54 13
 13  13  12  12   2  24   0  26   0  13  54 13
 13  13  12  12  12  12   2  23   1  12  57 13
 13  13  12  12  13   1  12  13  12  29  39 13
 13  13  12  13  12   1  25   0  13  13  54 13
 13  13  13   0  13  32   0  13  29  14  42 14
 13  13  13   0  13  32  14   0  13  29  42 14
 13  13  13   0  13  32  14  14   0  13  57 14
 13  13  13   0  13  38  13   0  32  15  45 15
 13  13  13   0  13  38  15  13   0  32  45 15
 13  13  13   0  13  38  15  15  13   0  62 15
 13  13  13  10  10  13  13  13   0  13  58 13
 13  13  13  13   0  26   0  34  13   0  57 14
 13  13  13  13  13   0  13  34  13   0  57 14
 13  13  14   0  13  31  14  13   0  13  58 14
 13  13  15  13   0  36  15  13   0  13  64 15
 13  14  18  14  14   0  32   0  13  14  63 15
 13  15  23  15  15   0  38  13   0  15  74 17
 13  18  18  18  18   0  13  18  37   0  68 17
 13  20   0  33   0  33  20   0  13  38  51 17
 13  20  18  15   0  33  20   0  13  20  69 17
 13  21  23  23  23  23  21   0  13  23  90 21
 13  23  23  23  23  13   0  23  48   0  84 21
 13  25  28  28  28  28  25  13   0  28 109 25
 13  27   0  40   0  40  27  13   0  50  63 21
 13  27  23  17   0  40  27  13   0  27  86 21
 14   0  27   0  27  14   0  27   0  31  42 14
 14   0  27  15   0  26   0  27  14   0  59 14
 14   0  27  15  11  15   0  27   3  11  59 14
 14   0  28  13  13   1  27  13   1  13  59 14
 14   0  28  13  13  13   3  25   1  13  59 14
 14   0  28  13  13  13  15   1  13  13  59 14
 14   0  31  14   0  28  17  14   0  14  63 15
 14   0  31  14  14   0  31  14   0  14  63 15
 14   0  31  14  14  14   3  28   0  14  63 15
 14   0  31  14  14  14  17   0  14  14  63 15
 14   0  33  14  19  14   0  14  36   0  64 16
 14   0  34  15  15   0  34  14   0  15  67 16
 14   0  36  15  20  15   0  36   0  14  71 17
 14   0  36  18   0  32   0  36  14   0  71 17
 14   0  36  18  14  18   0  36   0  14  71 17
 14   8  14  17  14  17   8  14   0  14  62 14
 14  11  11  14   0  34  11  11  14   0  62 14
 14  11  14  11  14   0  25   0  37  14  42 14
 14  12   2  27  12  17  12   2  12  12  60 14
 14  12  15  15   0  26   0  15  26   0  59 14
 14  12  15  15  11  15   0  15  15  11  59 14
 14  13   1  26   0  27   0  14  31  14  42 14
 14  13  13   1  13  26   0  32   0  28  42 14
 14  13  13   1  13  26   0  32  14   0  56 14
 14  13  13  14   0  27   0  26  14   0  61 14
 14  13  13  14   0  27  13  13   1  13  61 14
 14  13  13  14  13  14   0  26   1  13  61 14
 14  13  14   0  14  27   0  27   0  31  42 14
 14  13  14   0  27  14   0  14  13  31  42 14
 14  13  14  14   0  27   0  28   0  14  58 14
 14  14   0  28   0  34   0  30  14   0  61 15
 14  14   0  28   0  34  14   0  31   0  60 15
 14  14   0  29  18  15   0  28   0  14  63 15
 14  14   0  29  18  15  14   0  14  14  63 15
 14  14   0  31   0  31  14  14   0  14  63 15
 14  14   0  31  14  17   0  28   0  14  63 15
 14  14   0  31  14  17  14   0  14  14  63 15
 14  14   0  32  14   0  28   0  32   0  61 15
 14  14   0  32  14  14   0  14  32   0  61 15
 14  14   0  35  17   0  32  14   0  17  65 16
 14  14  11  11  11  14   3  11  37  14  42 14
 14  14  13   1  14  26   0  27  14   0  59 14
 14  14  13  13   2  13  13  26   0  32  42 14
 14  14  13  13   2  25   1  13  14  31  42 14
 14  14  13  14   1  26  13   1  14  13  59 14
 14  14  13  14  13   1  14  13  27   0  59 14
 14  14  13  14  13  14   1  13  14  13  59 14
 14  14  14   0  14  34   0  30  14   0  61 15
 14  14  14   0  14  34  14   0  31   0  60 15
 14  14  14  17   0  31  14   0  14  14  63 15
 14  14  14  17  26  17  14  14   0  14  77 17
 14  14  14  18  14   0  14  14  32   0  61 15
 14  14  14  18  14  14   0  14  18  14  61 15
 14  14  14  23  14  23  14  14   0  14  77 17
 14  14  17   0  28   0  31  14   0  14  63 15
 14  14  17  14   0  14  31   0  28   0  63 15
 14  14  17  14   0  14  31  14   0  14  63 15
 14  14  17  14  14   0  17  28   0  14  63 15
 14  14  17  14  14   0  31   0  14  14  63 15
 14  14  19   0  33  14   0  14  36   0  64 16
 14  14  23  14  14  14  23  14   0  14  77 17
 14  16   0  28  16  14   0  30   0  14  63 15
 14  16  14   0  16  28   0  30  14   0  63 15
 14  16  14   0  28  16   0  14  16  32  45 15
 14  16  14   0  30   0  28  16   0  14  63 15
 14  16  14   0  30  14   0  16  28   0  63 15
 14  16  14   0  30  14   0  30   0  14  63 15
 14  16  14  14   2  28   0  30   0  14  63 15
 14  16  14  14  16   0  14  16  28   0  63 15
 14  16  14  14  16   0  14  30   0  14  63 15
 14  16  14  14  16  14   0  16  14  14  63 15
 14  17  17  14   0  17  17  28   0  36  48 16
 14  17  17  14   0  17  31   0  14  36  48 16
 14  17  17  14   0  28  17  17   0  14  70 16
 14  17  17  14   0  31   3  14  14  36  48 16
 14  18  18  18   0  14  18  36  14   0  71 17
 14  18  18  18  14   0  18  36   0  14  71 17
 14  20  14  14  20  14   0  34  14   0  77 17
 14  20  17  14  14  14  17  20   0  14  77 17
 14  23  23  14   0  37  23  14   0  52  60 20
 14  32  32  32  32  32  14   0  32  70  87 29
 15   0  28  16  16  12  15   0  16  16  61 15
 15   0  29  14  15   0  15  29   0  33  45 15
 15   0  29  15   0  29  15   0  29   0  63 15
 15   0  29  15  14  15  15   0  15  14  63 15
 15   0  29  16  12  16   0  16  28   0  63 15
 15   0  35   0  35  15   0  35  15   0  71 17
 15   0  35  15  20  15   0  15  20  35  51 17
 15   0  35  15  20  15   0  35   0  15  71 17
 15   0  37  19  19  18  15   0  19  19  73 18
 15   0  38   0  37  16   0  38  15   0  75 18
 15   0  40  15  25  15   0  40  15   0  82 19
 15   0  40  20  20   0  15  40   0  40  57 19
 15   0  50  25  25  15   0  50   0  50  69 23
 15  12  16  16  16   0  27   0  16  16  61 15
 15  12  16  16  16  12   3  12  16  16  61 15
 15  13  13   2  32  13  13  13   2  13  66 15
 15  13  13  13   2  13  13  38  15  15  45 15
 15  13  13  13  21  13  13   2  13  13  66 15
 15  13  15   0  28  15   0  28   0  36  45 15
 15  13  17  11  17   0  28   0  28   0  66 15
 15  13  17  11  17  11  17   0  17  11  66 15
 15  13  17  13  13   2  28  13   2  13  66 15
 15  13  17  13  13  13  17   2  13  13  66 15
 15  14  14  14   1  14  14  34   0  30  45 15
 15  14  14  14   1  14  14  34  15   0  60 15
 15  14  14  14   1  27  14   1  14  36  45 15
 15  14  14  14  14   1  27   1  14  36  45 15
 15  14  14  14  14  14   1  14  14  36  45 15
 15  14  15   0  29   0  15  29   0  33  45 15
 15  14  15  15   0  29  15   0  15  14  63 15
 15  15   0  15  35  15   0  30   0  35  48 16
 15  15   0  15  35  15  15   0  15  35  48 16
 15  15   0  15  35  16  15   0  30   0  67 16
 15  15   0  15  35  16  15  15   0  15  67 16
 15  15   0  29  14  15  14   1  15  14  63 15
 15  15   0  96  34  32  31  29   0  68  96 32
 15  15  13  13  15  13   2  15  13  36  45 15
 15  15  13  13  15  15   0  30   0  15  64 15
 15  15  13  15  13  15   2  13  28   0  66 15
 15  15  14   1  28  15   0  15  29   0  63 15
 15  15  14   1  28  15   0  29   1  14  63 15
 15  15  14  14   2  28   0  15  29   0  63 15
 15  15  14  14   2  28   0  29   1  14  63 15
 15  15  14  15  14   1  28   1  15  14  63 15
 15  15  15   0  35  15   0  15  15  35  48 16
 15  15  15   0  35  16  15   0  15  15  67 16
 15  15  15   0  40  15  15   0  15  40  51 17
 15  15  15   0  40  17  15  15   0  15  74 17
 15  15  15  13  13  13  15   4  13  13  66 15
 15  15  15  20  20  15  15   0  15  20  71 17
 15  15  20   0  35  15   0  15  20  35  51 17
 15  15  25  15  25  15   0  15  25  40  57 19
 15  16  20  16   0  15  37  15   0  16  71 17
 15  16  20  16  15   0  37   0  15  16  71 17
 15  17  25  17  15   0  44  15   0  17  82 19
 15  20   0  35  20  15   0  20  15  40  54 18
 15  20   0  35  20  15  20   0  15  20  74 18
 15  20  15  20  20   0  35   0  15  20  74 18
 15  20  20  20  20   0  15  20  20  40  57 19
 15  20  20  20  20   0  15  20  40   0  77 19
 15  20  20  20  20   0  15  40   0  20  77 19
 15  22  20  17   0  20  39  15   0  22  77 19
 15  25   0  40  25  15   0  40   0  50  63 21
 15  25  15  25  25  15   0  25  15  50  63 21
 15  25  15  25  25  15  25   0  15  25  88 21
 15  25  25  25  25  15   0  25  25  50  69 23
 15  25  25  25  25  15   0  25  50   0  94 23
 15  25  25  25  25  15   0  50   0  25  94 23
 16   0  31  16   0  31   0  31  16   0  67 16
 16   0  31  16  15  16   0  16  31   0  67 16
 16   0  31  16  15  16   0  31   1  15  67 16
 16   0  34  21   0  37  18  16   0  16  76 18
 16   0  38  17   0  33  22  16   0  16  76 18
 16  13  13  13   3  26   0  44  16  16  48 16
 16  14   2  31   0  33  14  14   2  14  68 16
 16  14  14  19   0  33  14   2  14  14  68 16
 16  15  15  15   1  30   0  36   0  16  64 16
 16  15  15  16   0  16  15  15  36  16  48 16
 16  15  15  16   0  30  15   1  30   0  70 16
 16  15  15  16   0  31   0  16  35   0  64 16
 16  15  16   0  31   0  31   0  16  35  48 16
 16  15  16   0  31  15   1  15  16  35  48 16
 16  15  16  15  16   0  16  15  16  35  48 16
 16  15  16  16   0  31   0  16  31   0  67 16
 16  15  16  16   0  31   0  31   1  15  67 16
 16  15  16  16  15  16   0  16  16  15  67 16
 16  16   0  16  16  38  16  16   0  36  51 17
 16  16   0  16  16  38  17  16  16   0  70 17
 16  16   0  32   0  38   0  32   0  36  51 17
 16  16   0  32   0  38  16   0  16  36  51 17
 16  16   0  32   0  38  17   0  32   0  70 17
 16  16   0  32   0  38  17  16   0  16  70 17
 16  16  13  13  16  13   3  29   0  41  48 16
 16  16  15  15   2  28   2  15  15  36  48 16
 16  16  15  15  15   2  15  15  15  36  48 16
 16  16  15  15  16  16   0  16  16  15  67 16
 16  16  16   0  16  38   0  32   0  36  51 17
 16  16  16   0  16  38  16   0  16  36  51 17
 16  16  16   0  16  38  17   0  32   0  70 17
 16  16  16   0  16  38  17  16   0  16  70 17
 16  16  16  16   0  16  53  19  19  19  57 19
 16  16  16  16  16  16   0  16  41   0  68 17
 16  16  22  31  16  31  22  16   0  16 100 22
 16  16  34  19  16  19  34  16   0  16 100 22
 16  18  16  16   2  32   0  16  34   0  71 17
 16  19  19  16   0  19  35   0  35   0  75 18
 17   0  17  41  17   0  41  17   0  40  57 19
 17   0  31  18  18  18   0  30   0  18  71 17
 17   0  31  18  18  18  13   4  13  18  71 17
 17   0  32  17  15  17   0  32  17   0  74 17
 17   0  32  19  11  19   0  32  17   0  74 17
 17   0  33   0  33  17   0  33  17   0  71 17
 17   0  40  18  17   0  41  17   0  17  80 19
 17   0  43  22  22  22  21   0  17  22  87 21
 17   0  52  27  27  27  25  17   0  27 106 25
 17   8  20  20  20   8  17   0  20  40  51 17
 17  13  18  18  18  18   0  17  13  18  71 17
 17  13  19  19  11  19   0  19  30   0  74 17
 17  14  14  14  14   3  14  46  17  17  51 17
 17  14  14  14  26  14  14  14   3  14  77 17
 17  14  20  11  20  11  20   0  31   0  77 17
 17  14  20  14  14  14  20  14   3  14  77 17
 17  15  15  15  15   2  15  42   0  34  51 17
 17  15  15  15  15   2  15  42  17   0  68 17
 17  15  15  17   0  17  30   0  42  17  51 17
 17  15  17  15  17   0  32   0  17  40  51 17
 17  15  17  17   0  32   0  32  17   0  74 17
 17  15  17  17  15  17   0  17  32   0  74 17
 17  15  17  17  15  17   0  32   2  15  74 17
 17  16  16  16   1  32   0  32  17   0  74 17
 17  16  16  16  16   1  16  38   0  17  68 17
 17  16  16  17   0  17  32   0  38   0  68 17
 17  16  17   0  17  33   0  33  17   0  71 17
 17  16  17   0  33  17   0  17  33   0  71 17
 17  17   0  34   0  17  41   0  36  18  54 18
 17  17   0  34   0  17  41  18   0  36  54 18
 17  17   0  34   0  17  41  18  18   0  72 18
 17  17   0  41   0  17  41  17   0  40  57 19
 17  17   0  41  17   0  41   0  17  40  57 19
 17  17   0  48  17   0  48  17   0  46  63 21
 17  17  14  17  14  17  14   3  31   0  77 17
 17  17  15  15   4  26   4  30   0  42  51 17
 17  17  15  15  15   4  15  30   0  42  51 17
 17  17  15  15  15  17   2  15  17  40  51 17
 17  17  15  15  17  17   0  17  32   0  74 17
 17  17  15  15  17  17   0  32   2  15  74 17
 17  17  16   1  32  16   1  33   0  17  71 17
 17  17  16  16  17   1  16  33   0  17  71 17
 17  17  17   0  17  17  41   0  36  18  54 18
 17  17  17   0  17  17  41  18   0  36  54 18
 17  17  17   0  17  17  41  18  18   0  72 18
 17  17  17  14  14  14  17  17   3  14  77 17
 17  17  17  17   0  17  48   0  38  19  57 19
 17  17  17  17   0  17  48  19   0  38  57 19
 17  17  17  17   0  17  48  19  19   0  76 19
 17  17  23  18   0  17  41  17   0  17  80 19
 17  17  23  18  17   0  41   0  17  17  80 19
 17  17  29  19  17   0  48  17   0  17  92 21
 17  33  25  25   0  50   0  58  17   0 113 26
 18   0  18  43  18  23  20  18   0  18  84 20
 18  17  17   1  17  34   0  18  40  18  54 18
 18  17  17  18   0  34   1  17  40   0  72 18
 18  17  18   0  35  18   0  35   0  18  75 18
 18  18   0  43   0  41  20  18   0  18  84 20
 18  18   0  43  18  23  20   0  18  18  84 20
 18  18  17  17  18   1  17  18  34   0  76 18
 18  18  18  18   0  18  43   0  38   0  76 19
 18  20   0  36  18   0  38   0  18  42  57 19
 18  20  18   0  36  20   0  18  38   0  79 19
 18  20  18  18  18  20   0  18  20  18  79 19
 18  22  22   0  18  44   0  44  18   0  87 21
 18  22  22  18   0  44   0  44   0  18  87 21
 18  22  22  22  18   0  22  22  40   0  87 21
 18  25   0  43   0  43  25  18   0  25  89 22
 19   0  41  22  22  22  19   0  19  22  87 21
 19  13  22  22  10  22   0  35  19   0  85 19
 19  16  16  19   0  32  19   0  50  19  57 19
 19  17  17  19   0  34  19   0  46   0  76 19
 19  18   1  36   0  19  36  19   0  42  57 19
 19  18   1  36   0  37   0  37   0  42  57 19
 19  18   1  36   0  37  18   1  18  42  57 19
 19  18   1  36  18  19   0  19  18  42  57 19
 19  18  18  18  18   1  18  35  19   0  83 19
 19  18  18  18  18  18   1  18  36   0  83 19
 19  18  19   0  37   0  37  19   0  19  79 19
 19  18  19  18  19   0  19  37   0  19  79 19
 19  19   0  38   0  19  45  19   0  41  60 20
 19  19   0  38   0  19  45  20  19   0  81 20
 19  19  17  17  17  17   4  17  17  46  57 19
 19  19  17  17  19  17   2  36   0  19  82 19
 19  19  18   1  36  18   1  36   1  18  80 19
 19  19  18  18   2  35   1  18  37   0  80 19
 19  19  18  18  19   1  18  36   1  18  80 19
 19  19  18  18  19  18   1  19  18  18  80 19
 19  19  19   0  19  19  45  19   0  41  60 20
 19  19  19   0  19  19  45  20  19   0  81 20
 19  19  19  19   0  19  45   0  19  41  60 20
 19  19  19  19   0  19  45  20   0  19  81 20
 19  19  19  19   0  19  52  19   0  44  63 21
 19  19  19  19   0  19  52  21  19   0  86 21
 19  19  25  25  25  25  19   0  19  25  98 23
 19  22  22  19   0  22  41  19   0  22  87 21
 19  22  22  19   0  41   3  38   0  22  87 21
 19  22  22  19   0  41  22   0  19  22  87 21
 19  25  25  19   0  44  25  19   0  25  98 23
 19  25  25  19  19  25  25   0  19  25  98 23
 20   0  45  20  25  20   0  20  45   0  91 22
 20   0  50  25  25  20   0  25  25  50  72 24
 20   0  50  25  25  20   0  50   0  25  97 24
 20  18  19  19   1  37   0  38   0  48  60 20
 20  19  19  19   1  19  19  19  45  20  60 20
 20  19  19  19   1  38   0  20  44   0  80 20
 20  19  19  20   0  20  19  39   0  44  60 20
 20  19  19  20   0  39   0  20  19  44  60 20
 20  20   0  20  45  20  20   0  40   0  88 21
 20  20   0  40   0  40  20  20   0  50  63 21
 20  20   0  40   0  46  20   0  40   0  87 21
 20  20   0  40   0  46  20  20   0  20  87 21
 20  20   0  40  20  20   0  40   0  50  63 21
 20  20   0  40  25   0  40   0  40   0  88 21
 20  20   0  40  25  20   0  40   0  20  88 21
 20  20   0  40  25  20  20   0  20  20  88 21
 20  20  17  17  17  17   6  34   0  52  60 20
 20  20  20   0  20  46   0  40  20   0  87 21
 20  20  20   0  20  46  20   0  40   0  87 21
 20  20  20   0  20  46  20  20   0  20  87 21
 20  20  20   0  45   0  40  20   0  20  88 21
 20  20  20   0  45  20   0  20  40   0  88 21
 20  20  20   0  45  20  20   0  20  20  88 21
 20  20  20  20   0  20  40  20   0  50  63 21
 20  20  20  20   0  40   0  40   0  50  63 21
 20  20  20  20   0  40  20   0  20  50  63 21
 20  20  20  20   0  46   0  40   0  20  87 21
 20  20  20  20   0  46  20   0  20  20  87 21
 20  20  20  20  20   0  20  40   0  50  63 21
 20  20  20  20  20   0  40   0  20  50  63 21
 20  20  20  20  20  20   0  20  20  50  63 21
 20  20  20  20  25  20   0  20  20  20  88 21
 20  20  20  20  35  20  20  20   0  20 104 23
 20  20  25   0  45  20   0  20  45   0  91 22
 20  20  25  20  25  20   0  20  25  20  91 22
 20  22  20  20  20   2  40   0  20  22  87 21
 20  25   0  45  25  20   0  45   0  25  94 23
 20  25  20  25  25  20   0  25  20  25  94 23
 20  25  25  25  25  20   0  25  25  25  97 24
 20  27   0  47   0  20  54  20   0  52  72 24
 20  27  20  27   0  20  54   0  20  52  72 24
 20  41  41  41  41  41  41  20   0  41 167 38
 21   0  36  23  23  23  13  21   0  23  90 21
 21   0  41  20  21   0  21  40  21   0  88 21
 21   0  41  20  21  20  21   0  21  20  88 21
 21  13  23  23  23  23   0  34   0  23  90 21
 21  13  23  23  23  23  13   8  13  23  90 21
 21  19  19  19   2  19  38   0  52  21  63 21
 21  19  19  21   0  21  38  21   0  50  63 21
 21  19  19  21   0  40   0  40   0  50  63 21
 21  19  19  21   0  40  19   2  19  50  63 21
 21  20   1  40   0  40  21   0  21  46  63 21
 21  20   1  40  21   0  41   0  41   0  88 21
 21  20  20  20   1  20  40   0  47   0  84 21
 21  20  20  21   0  21  40   0  21  46  63 21
 21  20  21   0  41   0  41   0  41   0  88 21
 21  20  21   0  41   0  41  20   1  20  88 21
 21  20  21   0  41  20   1  20  41   0  88 21
 21  20  21  20  21   0  21  20  41   0  88 21
 21  20  21  20  21   0  21  40   1  20  88 21
 21  20  21  20  21   0  41   0  21  20  88 21
 21  21  19  19  21  19   2  38   2  19  92 21
 21  21  20  20   2  38   2  40   0  21  88 21
 21  21  20  20  20   2  20  40   0  21  88 21
 21  21  20  20  20  21   1  20  21  20  88 21
 22   0  52  22   0  52   0  52  22   0 103 25
 22  16  16  31  16  31  16  16   6  16 100 22
 22  19  19  22   0  41  19  22   0  56  66 22
 22  21  21  21   1  41   1  21  49   0  88 22
 22  21  21  21  21   1  21  21  49   0  88 22
 22  21  21  22   0  42   1  21  22  48  66 22
 22  22   0  44   0  22  51  22  22   0  94 23
 22  22  19  19  22  19   3  38  22   0 100 22
 22  22  21  21  21   2  21  21  42   0  93 22
 22  22  21  21  21   2  41   1  21  22  92 22
 22  22  22   0  22  22  51  22  22   0  94 23
 22  22  22   0  44   0  51  22   0  22  94 23
 22  22  22  22   0  22  51   0  44   0  94 23
 22  22  22  22   0  22  51  22   0  22  94 23
 22  24  22  22   2  42   2  44   0  22  97 23
 22  24  22  22  22   2  22  44   0  22  97 23
 22  28  28  28  28  28   0  22  28  28 111 27
 23  20  23  20  23  20  23   0  43   0 104 23
 23  21  21  23   0  42  23   0  23  54  69 23
 23  23   0  46   0  23  23  54  24  24  72 24
 23  23   0  46   0  46   0  62  25  25  75 25
 23  23   0  53  23   0  53   0  46   0 104 25
 23  23   0  53  23   0  53  23   0  23 104 25
 23  23   0  60  23   0  60  23  23   0 116 27
 23  23  22  22   2  42   2  43   1  22  97 23
 23  23  22  22  22   2  22  43   1  22  97 23
 23  23  23   0  23  23  23  54  24  24  72 24
 23  23  23   0  23  46   0  62  25  25  75 25
 23  23  23  23   0  23  23  62  25  25  75 25
 23  23  23  23   0  46   0  70  26  26  78 26
 23  23  23  23  23   0  23  70  26  26  78 26
 24  23   1  46   0  47  23  24   0  24 100 24
 24  23   1  46  23  24   0  47   0  24 100 24
 24  23  23   1  23  46   0  47   0  53  72 24
 24  24   0  48   0  48   0  56   0  50  75 25
 24  24   0  48   0  48   0  56  25   0 100 25
 24  24  23  23  23   2  44   2  23  23 101 24
 24  24  23  23  23  23   2  23  23  23 101 24
 24  24  24   0  24  48   0  56   0  50  75 25
 24  24  24   0  24  48   0  56  25   0 100 25
 24  24  24  24   0  24  24  56   0  50  75 25
 24  24  24  24   0  24  24  56  25   0 100 25
 24  26  22  26  24   0  50   0  24  26 103 25
 25   0  55  30  30  25   0  25  30  60  84 28
 25  13  28  28  28  28  13  25   0  28 109 25
 25  24  24  24   1  48   0  25  24  55  75 25
 25  24  24  25   0  25  48  25   0  25 104 25
 25  24  24  25   0  49   0  49   0  25 104 25
 25  25   0  55  30   0  50   0  25  60  81 27
 25  25   0  55  30  25   0  25  25  60  81 27
 25  25   0  60  35  25   0  50   0  70  87 29
 25  25   0  60  35  25  25   0  25  70  87 29
 25  25  23  23  23  23   4  23  46   0 110 25
 25  25  23  23  23  23  25   2  23  25 108 25
 25  25  25  25   0  50   0  50  25   0 113 26
 25  25  25  25   0  50  25   0  50   0 113 26
 25  25  25  25   0  50  25  25   0  25 113 26
 25  25  25  25  25   0  25  50  25   0 113 26
 25  25  25  25  25  25   0  25  50   0 113 26
 25  25  25  25  25  25   0  50   0  25 113 26
 25  25  25  25  25  25  25   0  25  25 113 26
 25  25  25  35  35  25   0  25  25  70  87 29
 25  25  25  40  40  25  25   0  25  80  93 31
 25  25  35  35  35  25   0  25  35  70  93 31
 25  28  28  25   0  28  50  28   0  25 114 27
 25  28  28  25   0  50   6  50   0  25 114 27
 25  32  25  32   0  25  64  25   0  32 117 29
 26  25   1  50   0  51  25  25   1  25 109 26
 26  25   1  50  25  26   0  50   1  25 109 26
 26  25  25  25   1  25  50   0  26  57  78 26
 26  25  25  26   0  51   0  26  50   0 109 26
 26  25  25  26   0  51  25   1  25  25 109 26
 26  25  25  26  25  26   0  26  25  25 109 26
 26  26   0  52   0  52   0  60  26   0 109 27
 26  26  26   0  26  52   0  60  26   0 109 27
 26  26  26  26   0  26  26  60  26   0 109 27
 26  26  26  26   0  52   0  60   0  26 109 27
 26  26  26  26  26   0  26  60   0  26 109 27
 26  32  26  26  26  26  26  32   0  26 131 29
 27   0  52  26  26  27   0  27  25  60  81 27
 27  26   1  52  26  26  27   0  27  26 113 27
 27  26  26  26   1  26  26  52   0  60  81 27
 27  26  26  27   0  27  52   0  53   0 113 27
 27  26  26  27   0  27  52  26   1  26 113 27
 27  26  26  27   0  53   0  52   1  26 113 27
 27  26  26  27  26   1  52   0  27  26 113 27
 27  27  25  25  25  25  25   4  25  25 118 27
 28   0  54  27  27   1  27  54   0  62  84 28
 28   0  68  34  34  34  28   0  34  34 135 33
 28  27   1  53  27  27   1  27  27  62  84 28
 28  27  27   1  53  27   1  27  27  62  84 28
 28  27  27  27   1  27  53   1  27  62  84 28
 28  27  27  27   1  53   1  27  27  62  84 28
 28  27  27  27  27   1  27  27  27  62  84 28
 28  27  27  28   0  54  28   0  28  27 117 28
 29   0  54  27  27  29   0  54   0  70  87 29
 29   0  56  28  28  28   1  28  28  64  87 29
 29  25  29  27  27  29   0  29  25  70  87 29
 29  27  27  27   2  27  52  29   0  70  87 29
 29  27  27  27   2  52   2  54   0  70  87 29
 29  27  27  27  27   2  27  54   0  70  87 29
 29  27  27  29   0  54  29   0  56   0 126 29
 29  27  27  29  27  27  29   0  29  27 126 29
 29  29  26  26  26  26  26  29   3  26 131 29
 30  29  29  30   0  58   1  29  58   0 126 30
 30  29  29  30   0  58  29   1  30  28 126 30
 30  30   0  65  35  30   0  60   0  35 131 32
 30  30   0  65  35  30  30   0  30  35 131 32
 30  30  30  35  35  30   0  30  30  35 131 32
 30  30  35  35  35  30   0  30  35  35 134 33
 31  25  31  28  28  31   0  56   0  80  93 31
 31  28  28  28  28  28   3  56   0  80  93 31
 31  30  30  30   1  60   0  61   0  31 129 31
 31  31   0  62   0  62   0  31  71  32  96 32
 31  31  31   0  31  62   0  31  71  32  96 32
 31  31  31   0  62  31   0  31  80  33  99 33
 31  31  31  31   0  31  31  31  71  32  96 32
 31  31  31  31   0  31  62   0  80  33  99 33
 31  31  31  31   0  62   0  31  80  33  99 33
 31  31  31  31  31   0  31  31  80  33  99 33
 31  31  31  31  31  31   0  31  89  34 102 34
 32  29  29  29  29  29  29   3  29  82  96 32
 32  31  31   1  31  62   0  62  32   0 134 32
 32  31  31  31   1  62   0  32  62   0 134 32
 32  32  32   0  64  32   0  32  73   0 132 33
 32  32  32  32   0  32  64   0  73   0 132 33
 32  32  32  32   0  64   0  32  73   0 132 33
 32  32  32  32  32   0  32  32  73   0 132 33
 33  32  32  32   1  32  64   0  65   0 138 33
 33  32  32  32   1  64   0  64   1  32 138 33
 34  50  42  42   0  84   0  92   0  34 181 43
 35   0  68  34  34  35   0  68   0  35 146 35
 35  33  35  34   1  68   0  68   0  35 146 35
 35  33  35  34  34  35   0  35  33  35 146 35
 35  34  34  34   1  34  67  35   0  35 146 35
 35  34  34  34   1  67   1  68   0  35 146 35
 35  34  34  34  34   1  34  68   0  35 146 35
 36  35  35  35   1  69   1  35  70   0 151 36
 36  35  35  35  35   1  35  35  70   0 151 36
 37  33  37  35  35  37   0  70   0  37 160 37
 37  35  35  35  35  35   2  70   0  37 160 37
 37  36   1  71  36  36  36   1  36  36 155 37
 37  36  36  36   1  36  71  36   1  36 155 37
 37  36  36  36   1  71   1  71   1  36 155 37
 37  36  36  36   1  71  36   1  36  36 155 37
 37  36  36  36  36   1  36  71   1  36 155 37
 37  36  36  36  36   1  71   1  36  36 155 37
 37  36  36  36  36  36   1  36  36  36 155 37
 38   0  74  37  37  37   1  73   1  37 159 38
 38   0  74  37  37  37  37   1  37  37 159 38
 38  36  37  37   1  73   0  38  36  84 114 38
 39  37  37  37  37  37   2  72   2  37 170 39
 39  37  37  37  37  37  37   2  37  37 170 39
 40   0  80  40  40   0  40  80   0  90 123 41
 40   0  80  40  40  40   0  40  40  90 123 41
 40  40   0  80   0  40  80  40   0  90 123 41
 40  40   0  80   0  80   0  80   0  90 123 41
 40  40   0  80   0  80  40   0  40  90 123 41
 40  40   0  80  40   0  80   0  40  90 123 41
 40  40   0  80  40  40   0  40  40  90 123 41
 40  40  40   0  40  80   0  80   0  90 123 41
 40  40  40   0  80  40   0  40  40  90 123 41
 40  40  40  40   0  40  40  80   0  90 123 41
 40  40  40  40   0  40  80   0  40  90 123 41
 40  40  40  40   0  80   0  40  40  90 123 41
 40  40  40  40  40   0  40  40  40  90 123 41
 40  40  40  40  40  40   0  80   0 110 129 43
 40  40  40  40  40  40  40   0  40 110 129 43
 41  37  39  39  37  41   0  41  37  98 123 41
 41  38  38  38  38  38  38  38   3  38 185 41
 43  37  40  40  37  43   0  80   0 110 129 43
 48  46  47  47   1  93   0  94   0  48 200 48
 50   0 100  50  50  50   0 100   0  50 213 51
 50   0 100  50  50  50  50   0  50  50 213 51
 50  48  49  49   1  97   0  97   1  49 209 50
 50  48  49  49  48  50   0  50  48  49 209 50
 50  50   0 100   0 100  50  50   0  50 213 51
 50  50   0 100  50   0 100   0 100   0 213 51
 50  50   0 100  50  50   0 100   0  50 213 51
 50  50   0 100  50  50  50   0  50  50 213 51
 50  50  50   0  50 100   0 100  50   0 213 51
 50  50  50   0 100   0 100  50   0  50 213 51
 50  50  50   0 100  50   0  50 100   0 213 51
 50  50  50  50   0  50 100   0 100   0 213 51
 50  50  50  50   0  50 100  50   0  50 213 51
 50  50  50  50   0 100   0  50 100   0 213 51
 50  50  50  50   0 100   0 100   0  50 213 51
 50  50  50  50   0 100  50   0  50  50 213 51
 50  50  50  50  50   0  50  50 100   0 213 51
 50  50  50  50  50   0  50 100   0  50 213 51
 50  50  50  50  50   0 100   0  50  50 213 51
 50  50  50  50  50  50   0  50  50  50 213 51
 50  50  50  50  50  50  50  50   0  50 239 53
 51  47  49  49  47  51   0  98   0  51 220 51
 53  49  51  51  49  53   0 100   2  51 230 53
 70  35  35  70   0 216  72  75  75  72 216 72
 70  35  35  70   0 216  78  69  69  78 216 72
 70  35  35  70   0 222  66  75  75  66 222 72
 70  35  35  70   0 222  72  69  69  72 222 72

0 extreme rays of recession cone:

50 support hyperplanes of polyhedron (homogenized):
 -7 -7 -7 -7  5  5  5  5  5  5  5 -17
 -5 -5 -5 -5 -5 -5  7  7  7  7  7 -19
 -5  1  1  1  1  1  1  1  1  1  1  -7
 -3 -3  1  1  1  1  1  1  1  1  1  -5
 -2 -2 -2  1  1  1  1  1  1  1  1  -4
 -1 -1 -1 -1 -1 -1 -1 -1 -1 -1 11 -23
 -1 -1 -1 -1 -1 -1 -1 -1 -1  5  5 -11
 -1 -1 -1 -1 -1 -1 -1 -1  3  3  3  -7
 -1 -1 -1 -1 -1 -1 -1  2  2  2  2  -5
 -1 -1 -1 -1 -1  1  1  1  1  1  1  -3
 -1 -1 -1 -1  0  1  1  1  1  1  0   0
 -1 -1 -1 -1  1  1  1  1  1  0  0   0
 -1 -1 -1  0  0  0  1  1  1  1  0   0
 -1 -1 -1  0  0  1  1  1  1  0  0   0
 -1 -1 -1  0  1  1  1  1  0  0  0   0
 -1 -1 -1  1  1  1  1  0  0  0  0   0
 -1 -1  0  0  0  0  0  1  1  1  0   0
 -1 -1  0  0  0  0  1  1  1  0  0   0
 -1 -1  0  0  0  1  1  1  0  0  0   0
 -1 -1  0  0  1  1  1  0  0  0  0   0
 -1 -1  0  1  1  1  0  0  0  0  0   0
 -1 -1  1  1  1  0  0  0  0  0  0   0
 -1  0  0  0  0  0  0  0  1  1  0   0
 -1  0  0  0  0  0  0  1  1  0  0   0
 -1  0  0  0  0  0  1  1  0  0  0   0
 -1  0  0  0  0  1  1  0  0  0  0   0
 -1  0  0  0  1  1  0  0  0  0  0   0
 -1  0  0  1  1  0  0  0  0  0  0   0
 -1  0  1  1  0  0  0  0  0  0  0   0
 -1  1  1  0  0  0  0  0  0  0  0   0
  0  0  0 -1 -1 -1 -1  1  1  1  1   0
  0  0  0 -1 -1 -1  0  0  1  1  1   0
  0  0  0 -1 -1  0  0  0  0  1  1   0
  0  0  0 -1  0  0  0  0  0  0  1   0
  0  0  0  0 -1 -1 -1  0  1  1  1   0
  0  0  0  0 -1 -1  0  0  0  1  1   0
  0  0  0  0 -1  0  0  0  0  0  1   0
  0  0  0  0  0 -1 -1 -1  1  1  1   0
  0  0  0  0  0 -1 -1  0  0  1  1   0
  0  0  0  0  0 -1  0  0  0  0  1   0
  0  0  0  0  0  0  0  0  0  1  0   0
  0  0  0  0  0  0  0  0  1  0  0   0
  0  0  0  0  0  0  0  1  0  0  0   0
  0  0  0  0  0  0  1  0  0  0  0   0
  0  0  0  0  0  1  0  0  0  0  0   0
  0  0  0  0  1  0  0  0  0  0  0   0
  0  0  0  1  0  0  0  0  0  0  0   0
  0  0  1  0  0  0  0  0  0  0  0   0
  0  1  0  0  0  0  0  0  0  0  0   0
  1  0  0  0  0  0  0  0  0  0  0   0

2 equations:
 1 0 -1 -2 -3 -4 -5 -6 -7 -8 -9  67
 0 1  2  3  4  5  6  7  8  9 10 -80

10 basis elements of generated  lattice:
 1 0 0 0 0 0 0 0 0 -10   9 0
 0 1 0 0 0 0 0 0 0  -9   8 0
 0 0 1 0 0 0 0 0 0  -8   7 0
 0 0 0 1 0 0 0 0 0  -7   6 0
 0 0 0 0 1 0 0 0 0  -6   5 0
 0 0 0 0 0 1 0 0 0  -5   4 0
 0 0 0 0 0 0 1 0 0  -4   3 0
 0 0 0 0 0 0 0 1 0  -3   2 0
 0 0 0 0 0 0 0 0 1  -2   1 0
 0 0 0 0 0 0 0 0 0  50 -37 1

