315 lattice points in polytope (module generators)
0 Hilbert basis elements of recession monoid
1845 vertices of polyhedron
0 extreme rays of recession cone
53 support hyperplanes of polyhedron (homogenized)

embedding dimension = 12
affine dimension of the polyhedron = 9
rank of recession monoid = 0 (polyhedron is polytope)

dehomogenization:
0 0 0 0 0 0 0 0 0 0 0 1 


module rank = 315

***********************************************************************

315 lattice points in polytope (module generators):
 1 2 4 2 2 2 2 2 2 2 4 1
 1 3 2 3 2 2 2 2 2 2 4 1
 1 3 3 1 3 2 2 2 2 2 4 1
 1 3 3 2 1 3 2 2 2 2 4 1
 1 3 3 2 2 1 3 2 2 2 4 1
 1 3 3 2 2 2 1 3 2 2 4 1
 1 3 3 2 2 2 2 1 3 2 4 1
 1 3 3 2 2 2 2 2 1 3 4 1
 1 3 3 2 2 2 2 2 2 1 5 1
 1 4 0 4 2 2 2 2 2 2 4 1
 1 4 1 2 3 2 2 2 2 2 4 1
 1 4 1 3 1 3 2 2 2 2 4 1
 1 4 1 3 2 1 3 2 2 2 4 1
 1 4 1 3 2 2 1 3 2 2 4 1
 1 4 1 3 2 2 2 1 3 2 4 1
 1 4 1 3 2 2 2 2 1 3 4 1
 1 4 1 3 2 2 2 2 2 1 5 1
 1 4 2 0 4 2 2 2 2 2 4 1
 1 4 2 1 2 3 2 2 2 2 4 1
 1 4 2 1 3 1 3 2 2 2 4 1
 1 4 2 1 3 2 1 3 2 2 4 1
 1 4 2 1 3 2 2 1 3 2 4 1
 1 4 2 1 3 2 2 2 1 3 4 1
 1 4 2 1 3 2 2 2 2 1 5 1
 1 4 2 2 1 2 3 2 2 2 4 1
 1 4 2 2 1 3 1 3 2 2 4 1
 1 4 2 2 1 3 2 1 3 2 4 1
 1 4 2 2 1 3 2 2 1 3 4 1
 1 4 2 2 1 3 2 2 2 1 5 1
 1 4 2 2 2 1 2 3 2 2 4 1
 1 4 2 2 2 1 3 1 3 2 4 1
 1 4 2 2 2 1 3 2 1 3 4 1
 1 4 2 2 2 1 3 2 2 1 5 1
 1 4 2 2 2 2 1 2 3 2 4 1
 1 4 2 2 2 2 1 3 1 3 4 1
 1 4 2 2 2 2 1 3 2 1 5 1
 1 4 2 2 2 2 2 1 2 3 4 1
 1 4 2 2 2 2 2 1 3 1 5 1
 1 4 2 2 2 2 2 2 1 2 5 1
 2 1 3 3 2 2 2 2 2 2 4 1
 2 1 4 1 3 2 2 2 2 2 4 1
 2 1 4 2 1 3 2 2 2 2 4 1
 2 1 4 2 2 1 3 2 2 2 4 1
 2 1 4 2 2 2 1 3 2 2 4 1
 2 1 4 2 2 2 2 1 3 2 4 1
 2 1 4 2 2 2 2 2 1 3 4 1
 2 1 4 2 2 2 2 2 2 1 5 1
 2 2 1 4 2 2 2 2 2 2 4 1
 2 2 2 2 3 2 2 2 2 2 4 1
 2 2 2 3 1 3 2 2 2 2 4 1
 2 2 2 3 2 1 3 2 2 2 4 1
 2 2 2 3 2 2 1 3 2 2 4 1
 2 2 2 3 2 2 2 1 3 2 4 1
 2 2 2 3 2 2 2 2 1 3 4 1
 2 2 2 3 2 2 2 2 2 1 5 1
 2 2 3 0 4 2 2 2 2 2 4 1
 2 2 3 1 2 3 2 2 2 2 4 1
 2 2 3 1 3 1 3 2 2 2 4 1
 2 2 3 1 3 2 1 3 2 2 4 1
 2 2 3 1 3 2 2 1 3 2 4 1
 2 2 3 1 3 2 2 2 1 3 4 1
 2 2 3 1 3 2 2 2 2 1 5 1
 2 2 3 2 0 4 2 2 2 2 4 1
 2 2 3 2 1 2 3 2 2 2 4 1
 2 2 3 2 1 3 1 3 2 2 4 1
 2 2 3 2 1 3 2 1 3 2 4 1
 2 2 3 2 1 3 2 2 1 3 4 1
 2 2 3 2 1 3 2 2 2 1 5 1
 2 2 3 2 2 0 4 2 2 2 4 1
 2 2 3 2 2 1 2 3 2 2 4 1
 2 2 3 2 2 1 3 1 3 2 4 1
 2 2 3 2 2 1 3 2 1 3 4 1
 2 2 3 2 2 1 3 2 2 1 5 1
 2 2 3 2 2 2 1 2 3 2 4 1
 2 2 3 2 2 2 1 3 1 3 4 1
 2 2 3 2 2 2 1 3 2 1 5 1
 2 2 3 2 2 2 2 1 2 3 4 1
 2 2 3 2 2 2 2 1 3 1 5 1
 2 2 3 2 2 2 2 2 1 2 5 1
 2 3 0 3 3 2 2 2 2 2 4 1
 2 3 0 4 1 3 2 2 2 2 4 1
 2 3 0 4 2 1 3 2 2 2 4 1
 2 3 0 4 2 2 1 3 2 2 4 1
 2 3 0 4 2 2 2 1 3 2 4 1
 2 3 0 4 2 2 2 2 1 3 4 1
 2 3 0 4 2 2 2 2 2 1 5 1
 2 3 1 1 4 2 2 2 2 2 4 1
 2 3 1 2 2 3 2 2 2 2 4 1
 2 3 1 2 3 1 3 2 2 2 4 1
 2 3 1 2 3 2 1 3 2 2 4 1
 2 3 1 2 3 2 2 1 3 2 4 1
 2 3 1 2 3 2 2 2 1 3 4 1
 2 3 1 2 3 2 2 2 2 1 5 1
 2 3 1 3 1 2 3 2 2 2 4 1
 2 3 1 3 1 3 1 3 2 2 4 1
 2 3 1 3 1 3 2 1 3 2 4 1
 2 3 1 3 1 3 2 2 1 3 4 1
 2 3 1 3 1 3 2 2 2 1 5 1
 2 3 1 3 2 0 4 2 2 2 4 1
 2 3 1 3 2 1 2 3 2 2 4 1
 2 3 1 3 2 1 3 1 3 2 4 1
 2 3 1 3 2 1 3 2 1 3 4 1
 2 3 1 3 2 1 3 2 2 1 5 1
 2 3 1 3 2 2 1 2 3 2 4 1
 2 3 1 3 2 2 1 3 1 3 4 1
 2 3 1 3 2 2 1 3 2 1 5 1
 2 3 1 3 2 2 2 1 2 3 4 1
 2 3 1 3 2 2 2 1 3 1 5 1
 2 3 1 3 2 2 2 2 1 2 5 1
 2 3 2 0 3 3 2 2 2 2 4 1
 2 3 2 0 4 1 3 2 2 2 4 1
 2 3 2 0 4 2 1 3 2 2 4 1
 2 3 2 0 4 2 2 1 3 2 4 1
 2 3 2 0 4 2 2 2 1 3 4 1
 2 3 2 0 4 2 2 2 2 1 5 1
 2 3 2 1 2 2 3 2 2 2 4 1
 2 3 2 1 2 3 1 3 2 2 4 1
 2 3 2 1 2 3 2 1 3 2 4 1
 2 3 2 1 2 3 2 2 1 3 4 1
 2 3 2 1 2 3 2 2 2 1 5 1
 2 3 2 1 3 1 2 3 2 2 4 1
 2 3 2 1 3 1 3 1 3 2 4 1
 2 3 2 1 3 1 3 2 1 3 4 1
 2 3 2 1 3 1 3 2 2 1 5 1
 2 3 2 1 3 2 1 2 3 2 4 1
 2 3 2 1 3 2 1 3 1 3 4 1
 2 3 2 1 3 2 1 3 2 1 5 1
 2 3 2 1 3 2 2 1 2 3 4 1
 2 3 2 1 3 2 2 1 3 1 5 1
 2 3 2 1 3 2 2 2 1 2 5 1
 2 3 2 2 1 2 2 3 2 2 4 1
 2 3 2 2 1 2 3 1 3 2 4 1
 2 3 2 2 1 2 3 2 1 3 4 1
 2 3 2 2 1 2 3 2 2 1 5 1
 2 3 2 2 1 3 1 2 3 2 4 1
 2 3 2 2 1 3 1 3 1 3 4 1
 2 3 2 2 1 3 1 3 2 1 5 1
 2 3 2 2 1 3 2 1 2 3 4 1
 2 3 2 2 1 3 2 1 3 1 5 1
 2 3 2 2 1 3 2 2 1 2 5 1
 2 3 2 2 2 1 2 2 3 2 4 1
 2 3 2 2 2 1 2 3 1 3 4 1
 2 3 2 2 2 1 2 3 2 1 5 1
 2 3 2 2 2 1 3 1 2 3 4 1
 2 3 2 2 2 1 3 1 3 1 5 1
 2 3 2 2 2 1 3 2 1 2 5 1
 2 3 2 2 2 2 1 2 2 3 4 1
 2 3 2 2 2 2 1 2 3 1 5 1
 2 3 2 2 2 2 1 3 1 2 5 1
 2 3 2 2 2 2 2 1 2 2 5 1
 3 0 3 2 3 2 2 2 2 2 4 1
 3 0 3 3 1 3 2 2 2 2 4 1
 3 0 3 3 2 1 3 2 2 2 4 1
 3 0 3 3 2 2 1 3 2 2 4 1
 3 0 3 3 2 2 2 1 3 2 4 1
 3 0 3 3 2 2 2 2 1 3 4 1
 3 0 3 3 2 2 2 2 2 1 5 1
 3 0 4 0 4 2 2 2 2 2 4 1
 3 0 4 1 2 3 2 2 2 2 4 1
 3 0 4 1 3 1 3 2 2 2 4 1
 3 0 4 1 3 2 1 3 2 2 4 1
 3 0 4 1 3 2 2 1 3 2 4 1
 3 0 4 1 3 2 2 2 1 3 4 1
 3 0 4 1 3 2 2 2 2 1 5 1
 3 0 4 2 1 2 3 2 2 2 4 1
 3 0 4 2 1 3 1 3 2 2 4 1
 3 0 4 2 1 3 2 1 3 2 4 1
 3 0 4 2 1 3 2 2 1 3 4 1
 3 0 4 2 1 3 2 2 2 1 5 1
 3 0 4 2 2 1 2 3 2 2 4 1
 3 0 4 2 2 1 3 1 3 2 4 1
 3 0 4 2 2 1 3 2 1 3 4 1
 3 0 4 2 2 1 3 2 2 1 5 1
 3 0 4 2 2 2 1 2 3 2 4 1
 3 0 4 2 2 2 1 3 1 3 4 1
 3 0 4 2 2 2 1 3 2 1 5 1
 3 0 4 2 2 2 2 1 2 3 4 1
 3 0 4 2 2 2 2 1 3 1 5 1
 3 0 4 2 2 2 2 2 1 2 5 1
 3 1 2 1 4 2 2 2 2 2 4 1
 3 1 2 2 2 3 2 2 2 2 4 1
 3 1 2 2 3 1 3 2 2 2 4 1
 3 1 2 2 3 2 1 3 2 2 4 1
 3 1 2 2 3 2 2 1 3 2 4 1
 3 1 2 2 3 2 2 2 1 3 4 1
 3 1 2 2 3 2 2 2 2 1 5 1
 3 1 2 3 0 4 2 2 2 2 4 1
 3 1 2 3 1 2 3 2 2 2 4 1
 3 1 2 3 1 3 1 3 2 2 4 1
 3 1 2 3 1 3 2 1 3 2 4 1
 3 1 2 3 1 3 2 2 1 3 4 1
 3 1 2 3 1 3 2 2 2 1 5 1
 3 1 2 3 2 1 2 3 2 2 4 1
 3 1 2 3 2 1 3 1 3 2 4 1
 3 1 2 3 2 1 3 2 1 3 4 1
 3 1 2 3 2 1 3 2 2 1 5 1
 3 1 2 3 2 2 1 2 3 2 4 1
 3 1 2 3 2 2 1 3 1 3 4 1
 3 1 2 3 2 2 1 3 2 1 5 1
 3 1 2 3 2 2 2 1 2 3 4 1
 3 1 2 3 2 2 2 1 3 1 5 1
 3 1 2 3 2 2 2 2 1 2 5 1
 3 1 3 0 3 3 2 2 2 2 4 1
 3 1 3 0 4 1 3 2 2 2 4 1
 3 1 3 0 4 2 1 3 2 2 4 1
 3 1 3 0 4 2 2 1 3 2 4 1
 3 1 3 0 4 2 2 2 1 3 4 1
 3 1 3 0 4 2 2 2 2 1 5 1
 3 1 3 1 2 2 3 2 2 2 4 1
 3 1 3 1 2 3 1 3 2 2 4 1
 3 1 3 1 2 3 2 1 3 2 4 1
 3 1 3 1 2 3 2 2 1 3 4 1
 3 1 3 1 2 3 2 2 2 1 5 1
 3 1 3 1 3 0 4 2 2 2 4 1
 3 1 3 1 3 1 2 3 2 2 4 1
 3 1 3 1 3 1 3 1 3 2 4 1
 3 1 3 1 3 1 3 2 1 3 4 1
 3 1 3 1 3 1 3 2 2 1 5 1
 3 1 3 1 3 2 1 2 3 2 4 1
 3 1 3 1 3 2 1 3 1 3 4 1
 3 1 3 1 3 2 1 3 2 1 5 1
 3 1 3 1 3 2 2 1 2 3 4 1
 3 1 3 1 3 2 2 1 3 1 5 1
 3 1 3 1 3 2 2 2 1 2 5 1
 3 1 3 2 1 2 2 3 2 2 4 1
 3 1 3 2 1 2 3 1 3 2 4 1
 3 1 3 2 1 2 3 2 1 3 4 1
 3 1 3 2 1 2 3 2 2 1 5 1
 3 1 3 2 1 3 1 2 3 2 4 1
 3 1 3 2 1 3 1 3 1 3 4 1
 3 1 3 2 1 3 1 3 2 1 5 1
 3 1 3 2 1 3 2 1 2 3 4 1
 3 1 3 2 1 3 2 1 3 1 5 1
 3 1 3 2 1 3 2 2 1 2 5 1
 3 1 3 2 2 1 2 2 3 2 4 1
 3 1 3 2 2 1 2 3 1 3 4 1
 3 1 3 2 2 1 2 3 2 1 5 1
 3 1 3 2 2 1 3 1 2 3 4 1
 3 1 3 2 2 1 3 1 3 1 5 1
 3 1 3 2 2 1 3 2 1 2 5 1
 3 1 3 2 2 2 1 2 2 3 4 1
 3 1 3 2 2 2 1 2 3 1 5 1
 3 1 3 2 2 2 1 3 1 2 5 1
 3 1 3 2 2 2 2 1 2 2 5 1
 3 2 1 2 2 2 3 2 2 2 4 1
 3 2 1 2 2 3 1 3 2 2 4 1
 3 2 1 2 2 3 2 1 3 2 4 1
 3 2 1 2 2 3 2 2 1 3 4 1
 3 2 1 2 2 3 2 2 2 1 5 1
 3 2 1 2 3 0 4 2 2 2 4 1
 3 2 1 2 3 1 2 3 2 2 4 1
 3 2 1 2 3 1 3 1 3 2 4 1
 3 2 1 2 3 1 3 2 1 3 4 1
 3 2 1 2 3 1 3 2 2 1 5 1
 3 2 1 2 3 2 1 2 3 2 4 1
 3 2 1 2 3 2 1 3 1 3 4 1
 3 2 1 2 3 2 1 3 2 1 5 1
 3 2 1 2 3 2 2 1 2 3 4 1
 3 2 1 2 3 2 2 1 3 1 5 1
 3 2 1 2 3 2 2 2 1 2 5 1
 3 2 1 3 1 2 2 3 2 2 4 1
 3 2 1 3 1 2 3 1 3 2 4 1
 3 2 1 3 1 2 3 2 1 3 4 1
 3 2 1 3 1 2 3 2 2 1 5 1
 3 2 1 3 1 3 1 2 3 2 4 1
 3 2 1 3 1 3 1 3 1 3 4 1
 3 2 1 3 1 3 1 3 2 1 5 1
 3 2 1 3 1 3 2 1 2 3 4 1
 3 2 1 3 1 3 2 1 3 1 5 1
 3 2 1 3 1 3 2 2 1 2 5 1
 3 2 1 3 2 1 2 2 3 2 4 1
 3 2 1 3 2 1 2 3 1 3 4 1
 3 2 1 3 2 1 2 3 2 1 5 1
 3 2 1 3 2 1 3 1 2 3 4 1
 3 2 1 3 2 1 3 1 3 1 5 1
 3 2 1 3 2 1 3 2 1 2 5 1
 3 2 1 3 2 2 1 2 2 3 4 1
 3 2 1 3 2 2 1 2 3 1 5 1
 3 2 1 3 2 2 1 3 1 2 5 1
 3 2 1 3 2 2 2 1 2 2 5 1
 3 2 2 1 2 2 2 3 2 2 4 1
 3 2 2 1 2 2 3 1 3 2 4 1
 3 2 2 1 2 2 3 2 1 3 4 1
 3 2 2 1 2 2 3 2 2 1 5 1
 3 2 2 1 2 3 1 2 3 2 4 1
 3 2 2 1 2 3 1 3 1 3 4 1
 3 2 2 1 2 3 1 3 2 1 5 1
 3 2 2 1 2 3 2 1 2 3 4 1
 3 2 2 1 2 3 2 1 3 1 5 1
 3 2 2 1 2 3 2 2 1 2 5 1
 3 2 2 1 3 1 2 2 3 2 4 1
 3 2 2 1 3 1 2 3 1 3 4 1
 3 2 2 1 3 1 2 3 2 1 5 1
 3 2 2 1 3 1 3 1 2 3 4 1
 3 2 2 1 3 1 3 1 3 1 5 1
 3 2 2 1 3 1 3 2 1 2 5 1
 3 2 2 1 3 2 1 2 2 3 4 1
 3 2 2 1 3 2 1 2 3 1 5 1
 3 2 2 1 3 2 1 3 1 2 5 1
 3 2 2 1 3 2 2 1 2 2 5 1
 3 2 2 2 1 2 2 2 3 2 4 1
 3 2 2 2 1 2 2 3 1 3 4 1
 3 2 2 2 1 2 2 3 2 1 5 1
 3 2 2 2 1 2 3 1 2 3 4 1
 3 2 2 2 1 2 3 1 3 1 5 1
 3 2 2 2 1 2 3 2 1 2 5 1
 3 2 2 2 1 3 1 2 2 3 4 1
 3 2 2 2 1 3 1 2 3 1 5 1
 3 2 2 2 1 3 1 3 1 2 5 1
 3 2 2 2 1 3 2 1 2 2 5 1
 3 2 2 2 2 1 2 2 2 3 4 1
 3 2 2 2 2 1 2 2 3 1 5 1
 3 2 2 2 2 1 2 3 1 2 5 1
 3 2 2 2 2 1 3 1 2 2 5 1
 3 2 2 2 2 2 1 2 2 2 5 1

0 Hilbert basis elements of recession monoid:

1845 vertices of polyhedron:
   1   2   4   2   2   2   2   2   2   2   4  1
   1   3   3   2   2   2   1   3   2   2   4  1
   1   3   3   2   2   2   2   1   3   2   4  1
   1   3   3   2   2   2   2   2   1   3   4  1
   1   3   3   2   2   2   2   2   2   1   5  1
   1   4   0   4   2   2   2   2   2   2   4  1
   1   4   1   3   1   3   2   2   2   2   4  1
   1   4   1   3   2   2   1   3   2   2   4  1
   1   4   1   3   2   2   2   1   3   2   4  1
   1   4   1   3   2   2   2   2   1   3   4  1
   1   4   1   3   2   2   2   2   2   1   5  1
   1   4   2   0   4   2   2   2   2   2   4  1
   1   4   2   1   2   3   2   2   2   2   4  1
   1   4   2   1   3   1   3   2   2   2   4  1
   1   4   2   1   3   2   1   3   2   2   4  1
   1   4   2   1   3   2   2   1   3   2   4  1
   1   4   2   1   3   2   2   2   1   3   4  1
   1   4   2   1   3   2   2   2   2   1   5  1
   1   4   2   2   1   2   3   2   2   2   4  1
   1   4   2   2   1   3   1   3   2   2   4  1
   1   4   2   2   1   3   2   1   3   2   4  1
   1   4   2   2   1   3   2   2   1   3   4  1
   1   4   2   2   1   3   2   2   2   1   5  1
   1   4   2   2   2   1   2   3   2   2   4  1
   1   4   2   2   2   1   3   1   3   2   4  1
   1   4   2   2   2   1   3   2   1   3   4  1
   1   4   2   2   2   1   3   2   2   1   5  1
   1   4   2   2   2   2   1   2   3   2   4  1
   1   4   2   2   2   2   1   3   1   3   4  1
   1   4   2   2   2   2   1   3   2   1   5  1
   1   4   2   2   2   2   2   1   2   3   4  1
   1   4   2   2   2   2   2   1   3   1   5  1
   1   4   2   2   2   2   2   2   1   2   5  1
   2   1   4   2   2   2   1   3   2   2   4  1
   2   1   4   2   2   2   2   1   3   2   4  1
   2   1   4   2   2   2   2   2   1   3   4  1
   2   1   4   2   2   2   2   2   2   1   5  1
   2   2   3   2   0   4   2   2   2   2   4  1
   2   2   3   2   2   0   4   2   2   2   4  1
   2   3   0   4   1   3   2   2   2   2   4  1
   2   3   0   4   2   2   1   3   2   2   4  1
   2   3   0   4   2   2   2   1   3   2   4  1
   2   3   0   4   2   2   2   2   1   3   4  1
   2   3   0   4   2   2   2   2   2   1   5  1
   2   3   1   1   4   2   2   2   2   2   4  1
   2   3   1   3   2   0   4   2   2   2   4  1
   2   3   2   0   3   3   2   2   2   2   4  1
   2   3   2   0   4   1   3   2   2   2   4  1
   2   3   2   0   4   2   1   3   2   2   4  1
   2   3   2   0   4   2   2   1   3   2   4  1
   2   3   2   0   4   2   2   2   1   3   4  1
   2   3   2   0   4   2   2   2   2   1   5  1
   2   3   2   2   1   2   2   3   2   2   4  1
   2   3   2   2   1   2   3   1   3   2   4  1
   2   3   2   2   1   2   3   2   1   3   4  1
   2   3   2   2   1   2   3   2   2   1   5  1
   2   3   2   2   1   3   1   2   3   2   4  1
   2   3   2   2   1   3   1   3   1   3   4  1
   2   3   2   2   1   3   1   3   2   1   5  1
   2   3   2   2   1   3   2   1   2   3   4  1
   2   3   2   2   1   3   2   1   3   1   5  1
   2   3   2   2   1   3   2   2   1   2   5  1
   2   3   2   2   2   1   2   2   3   2   4  1
   2   3   2   2   2   1   2   3   1   3   4  1
   2   3   2   2   2   1   2   3   2   1   5  1
   2   3   2   2   2   1   3   1   2   3   4  1
   2   3   2   2   2   1   3   1   3   1   5  1
   2   3   2   2   2   1   3   2   1   2   5  1
   2   3   2   2   2   2   1   2   2   3   4  1
   2   3   2   2   2   2   1   2   3   1   5  1
   2   3   2   2   2   2   1   3   1   2   5  1
   2   3   2   2   2   2   2   1   2   2   5  1
   2   7   5   4   4   1   7   4   4   4   8  2
   2   8   3   5   4   1   7   4   4   4   8  2
   3   0   3   2   3   2   2   2   2   2   4  1
   3   0   3   3   1   3   2   2   2   2   4  1
   3   0   3   3   2   1   3   2   2   2   4  1
   3   0   3   3   2   2   1   3   2   2   4  1
   3   0   3   3   2   2   2   1   3   2   4  1
   3   0   3   3   2   2   2   2   1   3   4  1
   3   0   3   3   2   2   2   2   2   1   5  1
   3   0   4   0   4   2   2   2   2   2   4  1
   3   0   4   1   2   3   2   2   2   2   4  1
   3   0   4   1   3   2   1   3   2   2   4  1
   3   0   4   1   3   2   2   1   3   2   4  1
   3   0   4   1   3   2   2   2   1   3   4  1
   3   0   4   1   3   2   2   2   2   1   5  1
   3   0   4   2   1   2   3   2   2   2   4  1
   3   0   4   2   1   3   1   3   2   2   4  1
   3   0   4   2   1   3   2   1   3   2   4  1
   3   0   4   2   1   3   2   2   1   3   4  1
   3   0   4   2   1   3   2   2   2   1   5  1
   3   0   4   2   2   1   2   3   2   2   4  1
   3   0   4   2   2   1   3   1   3   2   4  1
   3   0   4   2   2   1   3   2   1   3   4  1
   3   0   4   2   2   1   3   2   2   1   5  1
   3   0   4   2   2   2   1   2   3   2   4  1
   3   0   4   2   2   2   1   3   1   3   4  1
   3   0   4   2   2   2   1   3   2   1   5  1
   3   0   4   2   2   2   2   1   2   3   4  1
   3   0   4   2   2   2   2   1   3   1   5  1
   3   0   4   2   2   2   2   2   1   2   5  1
   3   1   2   1   4   2   2   2   2   2   4  1
   3   1   2   3   0   4   2   2   2   2   4  1
   3   1   2   3   2   1   2   3   2   2   4  1
   3   1   2   3   2   1   3   2   1   3   4  1
   3   1   2   3   2   1   3   2   2   1   5  1
   3   1   2   3   2   2   1   2   3   2   4  1
   3   1   2   3   2   2   1   3   1   3   4  1
   3   1   2   3   2   2   1   3   2   1   5  1
   3   1   2   3   2   2   2   1   2   3   4  1
   3   1   2   3   2   2   2   1   3   1   5  1
   3   1   2   3   2   2   2   2   1   2   5  1
   3   1   3   0   3   3   2   2   2   2   4  1
   3   1   3   0   4   1   3   2   2   2   4  1
   3   1   3   0   4   2   1   3   2   2   4  1
   3   1   3   0   4   2   2   1   3   2   4  1
   3   1   3   0   4   2   2   2   1   3   4  1
   3   1   3   0   4   2   2   2   2   1   5  1
   3   1   3   1   3   0   4   2   2   2   4  1
   3   1   3   2   1   2   2   3   2   2   4  1
   3   1   3   2   1   2   3   1   3   2   4  1
   3   1   3   2   1   2   3   2   1   3   4  1
   3   1   3   2   1   2   3   2   2   1   5  1
   3   1   3   2   1   3   1   2   3   2   4  1
   3   1   3   2   1   3   1   3   1   3   4  1
   3   1   3   2   1   3   1   3   2   1   5  1
   3   1   3   2   1   3   2   1   2   3   4  1
   3   1   3   2   1   3   2   1   3   1   5  1
   3   1   3   2   1   3   2   2   1   2   5  1
   3   1   3   2   2   1   2   2   3   2   4  1
   3   1   3   2   2   1   2   3   1   3   4  1
   3   1   3   2   2   1   2   3   2   1   5  1
   3   1   3   2   2   1   3   1   2   3   4  1
   3   1   3   2   2   1   3   1   3   1   5  1
   3   1   3   2   2   1   3   2   1   2   5  1
   3   1   3   2   2   2   1   2   2   3   4  1
   3   1   3   2   2   2   1   2   3   1   5  1
   3   1   3   2   2   2   1   3   1   2   5  1
   3   1   3   2   2   2   2   1   2   2   5  1
   3   2   1   2   2   2   3   2   2   2   4  1
   3   2   1   2   2   3   1   3   2   2   4  1
   3   2   1   2   2   3   2   1   3   2   4  1
   3   2   1   2   2   3   2   2   1   3   4  1
   3   2   1   2   2   3   2   2   2   1   5  1
   3   2   1   2   3   0   4   2   2   2   4  1
   3   2   1   2   3   1   2   3   2   2   4  1
   3   2   1   2   3   1   3   1   3   2   4  1
   3   2   1   2   3   1   3   2   1   3   4  1
   3   2   1   2   3   1   3   2   2   1   5  1
   3   2   1   2   3   2   1   2   3   2   4  1
   3   2   1   2   3   2   1   3   1   3   4  1
   3   2   1   2   3   2   1   3   2   1   5  1
   3   2   1   2   3   2   2   1   2   3   4  1
   3   2   1   2   3   2   2   1   3   1   5  1
   3   2   1   2   3   2   2   2   1   2   5  1
   3   2   1   3   1   2   2   3   2   2   4  1
   3   2   1   3   1   2   3   1   3   2   4  1
   3   2   1   3   1   2   3   2   1   3   4  1
   3   2   1   3   1   2   3   2   2   1   5  1
   3   2   1   3   1   3   1   2   3   2   4  1
   3   2   1   3   1   3   1   3   1   3   4  1
   3   2   1   3   1   3   1   3   2   1   5  1
   3   2   1   3   1   3   2   1   2   3   4  1
   3   2   1   3   1   3   2   1   3   1   5  1
   3   2   1   3   1   3   2   2   1   2   5  1
   3   2   1   3   2   1   2   2   3   2   4  1
   3   2   1   3   2   1   2   3   1   3   4  1
   3   2   1   3   2   1   2   3   2   1   5  1
   3   2   1   3   2   1   3   1   2   3   4  1
   3   2   1   3   2   1   3   1   3   1   5  1
   3   2   1   3   2   1   3   2   1   2   5  1
   3   2   1   3   2   2   1   2   2   3   4  1
   3   2   1   3   2   2   1   2   3   1   5  1
   3   2   1   3   2   2   1   3   1   2   5  1
   3   2   1   3   2   2   2   1   2   2   5  1
   3   2   2   1   2   2   2   3   2   2   4  1
   3   2   2   1   2   2   3   1   3   2   4  1
   3   2   2   1   2   2   3   2   1   3   4  1
   3   2   2   1   2   2   3   2   2   1   5  1
   3   2   2   1   2   3   1   2   3   2   4  1
   3   2   2   1   2   3   1   3   1   3   4  1
   3   2   2   1   2   3   1   3   2   1   5  1
   3   2   2   1   2   3   2   1   2   3   4  1
   3   2   2   1   2   3   2   1   3   1   5  1
   3   2   2   1   2   3   2   2   1   2   5  1
   3   2   2   1   3   1   2   2   3   2   4  1
   3   2   2   1   3   1   2   3   1   3   4  1
   3   2   2   1   3   1   2   3   2   1   5  1
   3   2   2   1   3   1   3   1   2   3   4  1
   3   2   2   1   3   1   3   1   3   1   5  1
   3   2   2   1   3   1   3   2   1   2   5  1
   3   2   2   1   3   2   1   2   2   3   4  1
   3   2   2   1   3   2   1   2   3   1   5  1
   3   2   2   1   3   2   1   3   1   2   5  1
   3   2   2   1   3   2   2   1   2   2   5  1
   3   2   2   2   1   2   2   2   3   2   4  1
   3   2   2   2   1   2   2   3   1   3   4  1
   3   2   2   2   1   2   2   3   2   1   5  1
   3   2   2   2   1   2   3   1   2   3   4  1
   3   2   2   2   1   2   3   1   3   1   5  1
   3   2   2   2   1   2   3   2   1   2   5  1
   3   2   2   2   1   3   1   2   2   3   4  1
   3   2   2   2   1   3   1   2   3   1   5  1
   3   2   2   2   1   3   1   3   1   2   5  1
   3   2   2   2   1   3   2   1   2   2   5  1
   3   2   2   2   2   1   2   2   2   3   4  1
   3   2   2   2   2   1   2   2   3   1   5  1
   3   2   2   2   2   1   2   3   1   2   5  1
   3   2   2   2   2   1   3   1   2   2   5  1
   3   2   2   2   2   2   1   2   2   2   5  1
   3   6   5   4   0   8   4   4   4   4   8  2
   3  11   6   7   6   6   6   2  10   6  12  3
   3  11   7   5   7   6   6   2  10   6  12  3
   3  11   7   6   1  11   6   6   6   6  12  3
   3  12   5   7   5   7   6   2  10   6  12  3
   3  12   6   5   6   7   6   2  10   6  12  3
   4   5   5   3   1   8   4   4   4   4   8  2
   4   5   5   4   0   7   5   4   4   4   8  2
   4   5   5   4   0   8   3   5   4   4   8  2
   4   5   5   4   0   8   4   3   5   4   8  2
   4   5   5   4   0   8   4   4   3   5   8  2
   4   5   5   4   0   8   4   4   4   3   9  2
   4  15   8   8   9   8   8   8   8   3  21  4
   4  15   8   9   7   9   8   8   8   3  21  4
   4  15   9   7   9   7   9   8   8   3  21  4
   4  15   9   8   7   8   9   8   8   3  21  4
   4  16   7   8   9   8   7   9   8   3  21  4
   4  16   7   9   7   9   7   9   8   3  21  4
   4  16   8   7   9   7   8   9   8   3  21  4
   4  16   8   8   7   8   8   9   8   3  21  4
   4  21  10   9  10   6  15  10   9  10  21  5
   4  21  10   9  11   5  14  11   9  10  21  5
   4  21  10  10   9   6  15   9  10  10  21  5
   4  21  10  10  10   5  14  10  10  10  21  5
   5   1   8   4   1   7   4   4   4   4   8  2
   5   1   8   4   4   1   7   4   4   4   8  2
   5   2   3   8   4   4   4   4   4   4   8  2
   5   4   1   8   4   4   4   4   2   6   8  2
   5   4   1   8   4   4   4   4   4   2  10  2
   5   4   4   5   4   4   4   1   5   6   8  2
   5   4   4   5   4   4   4   1   7   2  10  2
   5   4   5   3   5   4   2   3   7   4   8  2
   5   4   5   3   5   4   4   1   5   6   8  2
   5   4   5   3   5   4   4   1   7   2  10  2
   5   4   5   4   1   4   7   4   4   4   8  2
   5   5   0   5   7   4   4   4   4   4   8  2
   5   5   0   7   3   6   4   4   4   4   8  2
   5   5   0   7   5   4   4   2   6   4   8  2
   5   5   0   7   5   4   4   4   2   6   8  2
   5   5   0   7   5   4   4   4   4   2  10  2
   5   5   0   8   2   5   5   4   4   4   8  2
   5   5   0   8   2   6   3   5   4   4   8  2
   5   5   0   8   2   6   4   3   5   4   8  2
   5   5   0   8   2   6   4   4   3   5   8  2
   5   5   0   8   2   6   4   4   4   3   9  2
   5   5   0   8   3   5   2   6   4   4   8  2
   5   5   0   8   3   5   4   4   2   6   8  2
   5   5   0   8   3   5   4   4   4   2  10  2
   5   5   0   8   4   1   7   4   4   4   8  2
   5   5   0   8   4   3   3   6   4   4   8  2
   5   5   0   8   4   3   5   2   6   4   8  2
   5   5   0   8   4   3   5   4   2   6   8  2
   5   5   0   8   4   3   5   4   4   2  10  2
   5   5   0   8   4   4   2   5   5   4   8  2
   5   5   0   8   4   4   2   6   3   5   8  2
   5   5   0   8   4   4   2   6   4   3   9  2
   5   5   0   8   4   4   3   3   6   4   8  2
   5   5   0   8   4   4   3   5   2   6   8  2
   5   5   0   8   4   4   3   5   4   2  10  2
   5   5   0   8   4   4   4   2   5   5   8  2
   5   5   0   8   4   4   4   2   6   3   9  2
   5   5   0   8   4   4   4   3   3   6   8  2
   5   5   0   8   4   4   4   3   5   2  10  2
   5   5   0   8   4   4   4   4   2   5   9  2
   5   5   0   8   4   4   4   4   3   3  10  2
   5   5   3   5   2   6   3   5   4   1  11  2
   5   5   3   5   3   5   2   3   7   4   8  2
   5   5   3   5   3   5   2   6   4   1  11  2
   5   5   3   5   3   5   4   1   5   6   8  2
   5   5   3   5   3   5   4   1   7   2  10  2
   5   5   4   1   5   4   6   4   4   4   8  2
   5   5   4   1   5   6   2   6   4   4   8  2
   5   5   4   1   5   6   4   4   2   6   8  2
   5   5   4   1   5   6   4   4   4   2  10  2
   5   5   4   1   6   5   4   1   7   4   8  2
   5   5   4   1   7   2   4   6   4   4   8  2
   5   5   4   1   7   2   6   2   6   4   8  2
   5   5   4   1   7   2   6   4   2   6   8  2
   5   5   4   1   7   2   6   4   4   2  10  2
   5   5   4   1   7   4   2   4   6   4   8  2
   5   5   4   1   7   4   2   6   2   6   8  2
   5   5   4   1   7   4   2   6   4   2  10  2
   5   5   4   1   7   4   4   2   4   6   8  2
   5   5   4   1   7   4   4   2   6   2  10  2
   5   5   4   1   7   4   4   4   2   4  10  2
   5   5   4   3   4   5   2   3   7   4   8  2
   5   5   4   3   4   5   4   1   5   6   8  2
   5   5   4   3   4   5   4   1   7   2  10  2
   5   5   4   3   5   2   5   5   4   1  11  2
   5   5   4   3   5   3   3   6   4   1  11  2
   5   5   4   4   2   5   4   5   4   1  11  2
   5   5   4   4   3   3   5   5   4   1  11  2
   5   5   4   4   3   4   3   6   4   1  11  2
   5  18  11  11  10  10   3  17  10  10  20  5
   5  20   9   9  12  10   3  17  10  10  20  5
   5  24  13  11  12   6  19  12  11  13  24  6
   5  24  13  11  13   5  18  13  11  13  24  6
   5  24  13  12  11   6  19  11  12  13  24  6
   5  24  13  12  12   5  18  12  12  13  24  6
   5  25  11  12  12   6  19  12  12  11  25  6
   5  25  11  12  13   5  18  13  12  11  25  6
   5  25  11  13  11   6  19  11  13  11  25  6
   5  25  11  13  12   5  18  12  13  11  25  6
   5  25  12  11  12  12  13  12   5  18  25  6
   5  25  12  11  13  11  12  13  11   6  31  6
   6   0   7   5   1   7   4   4   4   4   8  2
   6   0   8   3   5   1   7   4   4   4   8  2
   6   3   3   3   7   4   2   6   4   4   8  2
   6   3   3   3   7   4   4   2   6   4   8  2
   6   3   3   3   7   4   4   4   2   6   8  2
   6   3   3   3   7   4   4   4   4   2  10  2
   6   3   3   5   1   8   4   4   4   4   8  2
   6   3   3   5   5   4   4   3   5   1  11  2
   6   3   3   6   0   7   5   4   4   4   8  2
   6   3   3   6   0   8   3   5   4   4   8  2
   6   3   3   6   0   8   4   3   5   4   8  2
   6   3   3   6   0   8   4   4   3   5   8  2
   6   3   3   6   0   8   4   4   4   3   9  2
   6   3   3   6   3   5   4   3   5   1  11  2
   6   3   3   6   4   2   6   1   7   4   8  2
   6   3   4   4   5   4   4   2   6   1  11  2
   6   3   4   5   3   5   4   2   6   1  11  2
   6   3   4   5   4   3   3   3   7   4   8  2
   6   3   4   5   4   3   5   1   5   6   8  2
   6   3   4   5   4   3   5   1   7   2  10  2
   6   3   5   1   5   6   2   6   4   4   8  2
   6   3   5   1   5   6   4   2   6   4   8  2
   6   3   5   1   5   6   4   4   2   6   8  2
   6   3   5   1   5   6   4   4   4   2  10  2
   6   3   5   1   7   3   5   1   7   4   8  2
   6   3   5   1   7   4   2   4   6   4   8  2
   6   3   5   1   7   4   2   6   2   6   8  2
   6   3   5   1   7   4   2   6   4   2  10  2
   6   3   5   1   7   4   4   2   4   6   8  2
   6   3   5   1   7   4   4   2   6   2  10  2
   6   3   5   1   7   4   4   4   2   4  10  2
   6   3   5   3   5   1   7   1   7   4   8  2
   6   3   5   3   5   3   3   3   7   4   8  2
   6   3   5   3   5   3   5   1   5   6   8  2
   6   3   5   4   2   5   5   3   5   1  11  2
   6   3   5   4   3   3   6   3   5   1  11  2
   6   3   5   4   3   4   5   2   6   1  11  2
   6   4   2   4   5   5   1   7   4   4   8  2
   6   4   2   5   3   3   7   4   4   4   8  2
   6   4   2   5   3   6   1   7   4   4   8  2
   6   4   2   5   5   1   5   6   4   4   8  2
   6   4   2   5   5   1   7   2   6   4   8  2
   6   4   2   5   5   1   7   4   2   6   8  2
   6   4   2   5   5   1   7   4   4   2  10  2
   6   4   2   5   5   4   3   4   5   1  11  2
   6   4   2   6   2   5   5   1   7   4   8  2
   6   4   2   6   3   3   6   1   7   4   8  2
   6   4   2   6   3   5   3   4   5   1  11  2
   6   4   3   3   4   3   7   4   4   4   8  2
   6   4   3   3   6   1   5   6   4   4   8  2
   6   4   3   3   6   1   7   2   6   4   8  2
   6   4   3   3   6   1   7   4   2   6   8  2
   6   4   3   3   6   1   7   4   4   2  10  2
   6   4   3   3   6   3   4   5   1   7   8  2
   6   4   3   3   6   4   3   4   5   1  11  2
   6   4   3   4   5   4   2   5   5   1  11  2
   6   4   3   4   5   4   3   3   6   1  11  2
   6   4   3   5   2   4   6   1   7   4   8  2
   6   4   3   5   2   6   3   4   5   1  11  2
   6   4   3   5   3   4   3   3   7   4   8  2
   6   4   3   5   3   4   5   1   5   6   8  2
   6   4   3   5   3   4   5   1   7   2  10  2
   6   4   3   5   3   5   2   5   5   1  11  2
   6   4   3   5   3   5   3   3   6   1  11  2
   6   4   4   2   4   5   5   1   7   4   8  2
   6   4   4   2   5   3   6   1   7   4   8  2
   6   4   4   2   5   4   4   5   1   7   8  2
   6   4   4   2   6   3   4   4   5   1  11  2
   6   4   4   3   3   4   6   1   7   4   8  2
   6   4   4   3   4   4   3   3   7   4   8  2
   6   4   4   3   4   4   5   1   5   6   8  2
   6   4   4   3   4   4   5   1   7   2  10  2
   6   4   4   3   5   2   5   4   5   1  11  2
   6   4   4   3   5   3   3   5   5   1  11  2
   6   4   4   3   5   3   4   3   6   1  11  2
   6   4   4   4   2   5   4   4   5   1  11  2
   6   4   4   4   3   3   5   4   5   1  11  2
   6   4   4   4   3   4   3   5   5   1  11  2
   6   4   4   4   3   4   4   3   6   1  11  2
   6  28  14  14  14   6  23  14  14  14  28  7
   6  28  14  14  15   5  22  15  14  14  28  7
   6  28  14  15  13   6  23  13  15  14  28  7
   6  28  14  15  14   5  22  14  15  14  28  7
   6  28  15  14  13  14  15  13  14   7  36  7
   7   6   6   7   7   6   6   6   1  11  12  3
   7   6   8   5   5   8   6   6   1  11  12  3
   7   6   8   6   6   1   8   9   6   6  12  3
   7   6   8   6   6   1  11   3   9   6  12  3
   7   6   8   6   6   1  11   6   3   9  12  3
   7   6   8   6   6   1  11   6   6   3  15  3
   7   7   7   6   1   7  10   6   6   6  12  3
   7   8   4   7   7   4   8   6   1  11  12  3
   7   8   4   8   3   4  11   6   6   6  12  3
   7   8   4   8   3   9   6   1  11   6  12  3
   7   8   4   8   6   1   8   9   6   6  12  3
   7   8   4   8   6   1  11   3   9   6  12  3
   7   8   4   8   6   1  11   6   3   9  12  3
   7   8   4   8   6   1  11   6   6   3  15  3
   7   8   6   4   5   9   6   1  11   6  12  3
   7   8   6   5   5   6   8   6   1  11  12  3
   7  26  14  15  15  14  14  14   5  23  28  7
   7  26  16  13  13  16  14  14   5  23  28  7
   7  28  12  15  15  12  16  14   5  23  28  7
   7  28  14  13  13  14  16  14   5  23  28  7
   7  32  16  16  16  16  17  16   6  26  32  8
   7  32  17  15  15  17  17  16   6  26  32  8
   7  36  20  16  20  17  10  27  16  20  36  9
   7  36  20  16  20  17  17  20   9  27  36  9
   7  36  20  18  16  19  19   9  25  20  36  9
   7  36  20  18  16  19  19  16  11  27  36  9
   7  36  20  18  18  17  10  25  18  20  36  9
   7  36  20  18  18  17  17  11  25  20  36  9
   7  36  20  18  18  17  17  18  11  27  36  9
   7  38  16  18  11  26  19  18  18  16  38  9
   7  38  16  18  18  19  19  18  18   9  45  9
   7  38  16  20   9  26  19  16  20  16  38  9
   7  38  16  20  16  19  19  16  20   9  45  9
   7  38  16  20  18  17  10  25  20  16  38  9
   7  38  16  20  18  17  17  11  27  16  38  9
   7  38  16  20  18  17  17  18  20   9  45  9
   7  38  18  16  11  26  19  18  16  18  38  9
   7  38  18  16  18  19  19  18  16  11  45  9
   7  38  18  16  20  17  10  27  16  18  38  9
   7  38  18  16  20  17  17  20   9  25  38  9
   7  38  18  18   9  26  19  16  18  18  38  9
   7  38  18  18  16  19  19   9  25  18  38  9
   7  38  18  18  16  19  19  16  11  25  38  9
   7  38  18  18  16  19  19  16  18  11  45  9
   7  38  18  18  18  17  10  25  18  18  38  9
   7  38  18  18  18  17  17  11  25  18  38  9
   7  38  18  18  18  17  17  18  11  25  38  9
   7  38  18  18  18  17  17  18  18  11  45  9
   7  44  22  22  22  24  24  22  22  22  44 11
   7  44  22  22  26  20  20  26  22  22  44 11
   7  44  22  26  18  24  24  18  26  22  44 11
   7  44  22  26  22  20  20  22  26  22  44 11
   7  44  26  18  22  24  24  22  18  26  44 11
   7  44  26  18  26  20  20  26  18  26  44 11
   7  44  26  22  18  24  24  18  22  26  44 11
   7  44  26  22  22  20  20  22  22  26  44 11
   7  48  18  22  22  24  24  22  22  18  48 11
   7  48  18  22  26  20  20  26  22  18  48 11
   7  48  18  26  18  24  24  18  26  18  48 11
   7  48  18  26  22  20  20  22  26  18  48 11
   7  48  22  18  22  24  24  22  18  22  48 11
   7  48  22  18  26  20  20  26  18  22  48 11
   7  48  22  22  18  24  24  18  22  22  48 11
   7  48  22  22  22  20  20  22  22  22  48 11
   8   0  12   6   6   6   7   6   6   6  12  3
   8   0  12   6   6   7   5   7   6   6  12  3
   8   0  12   6   7   5   7   5   7   6  12  3
   8   0  12   6   7   6   5   6   7   6  12  3
   8   0  12   7   5   6   7   6   5   7  12  3
   8   0  12   7   5   7   5   7   5   7  12  3
   8   0  12   7   6   5   7   5   6   7  12  3
   8   0  12   7   6   6   5   6   6   7  12  3
   8   0  13   5   6   6   7   6   6   5  13  3
   8   0  13   5   6   7   5   7   6   5  13  3
   8   0  13   5   7   5   7   5   7   5  13  3
   8   0  13   5   7   6   5   6   7   5  13  3
   8   0  13   6   5   6   7   6   5   6  13  3
   8   0  13   6   5   7   5   7   5   6  13  3
   8   0  13   6   6   5   7   5   6   6  13  3
   8   0  13   6   6   6   5   6   6   6  13  3
   8   1   7  11   6   6   6   6   6   6  12  3
   8   1  11   7   6   6   6   2  10   6  12  3
   8   1  12   5   7   6   6   2  10   6  12  3
   8   6   2  10   7   6   6   6   6   2  16  3
   8   6   2  11   5   7   6   6   6   2  16  3
   8   6   6   2  11   6   6   6   2  10  12  3
   8   6   6   2  11   6   6   6   6   2  16  3
   8   6   6   6   7   6   6   2  10   2  16  3
   8   6   6   6   7   6   6   6   2   6  16  3
   8   6   6   7   1  11   6   2  10   6  12  3
   8   6   6   7   1  11   6   6   6   2  16  3
   8   6   6   7   5   7   6   2  10   2  16  3
   8   6   7   1  10   7   6   6   2  10  12  3
   8   6   7   1  11   5   7   6   6   2  16  3
   8   6   7   5   6   7   6   2   6  10  12  3
   8   6   7   6   6   2   7   6   9   6  12  3
   8   6   7   6   6   2   7   9   3   9  12  3
   8   6   7   6   6   2   7   9   6   3  15  3
   8   6   7   6   6   2  10   3   6   9  12  3
   8   6   7   6   6   2  10   3   9   3  15  3
   8   6   7   6   6   2  10   6   3   6  15  3
   8   7   1  10   7   6   5   7   6   2  16  3
   8   7   1  11   3   9   3   9   6   6  12  3
   8   7   1  11   3   9   6   6   3   9  12  3
   8   7   1  11   3   9   6   6   6   3  15  3
   8   7   1  11   5   7   5   7   6   2  16  3
   8   7   1  11   6   6   3   6   9   6  12  3
   8   7   1  11   6   6   3   9   3   9  12  3
   8   7   1  11   6   6   3   9   6   3  15  3
   8   7   1  11   6   6   6   3   6   9  12  3
   8   7   1  11   6   6   6   3   9   3  15  3
   8   7   1  11   6   6   6   6   3   6  15  3
   8   7   5   7   3   5   7   9   6   6  12  3
   8   7   5   7   3   5  10   6   3   9  12  3
   8   7   5   7   3   5  10   6   6   3  15  3
   8   7   5   7   3   9   3   5  10   6  12  3
   8   7   5   7   3   9   3   9   6   2  16  3
   8   7   5   7   3   9   6   2   7   9  12  3
   8   7   5   7   3   9   6   2  10   3  15  3
   8   7   5   7   5   3   9   7   6   2  16  3
   8   7   5   7   5   7   5   3  10   2  16  3
   8   7   5   7   6   2   7   6   9   6  12  3
   8   7   5   7   6   2   7   9   3   9  12  3
   8   7   5   7   6   2   7   9   6   3  15  3
   8   7   5   7   6   2  10   3   6   9  12  3
   8   7   5   7   6   2  10   3   9   3  15  3
   8   7   5   7   6   2  10   6   3   6  15  3
   8   7   6   2   7   9   6   2  10   6  12  3
   8   7   6   5   4   9   3   5  10   6  12  3
   8   7   6   5   4   9   6   2   7   9  12  3
   8   7   6   5   4   9   6   2  10   3  15  3
   8   7   6   5   6   6   7   2   6  10  12  3
   8   7   6   5   7   3   6   9   6   2  16  3
   8   7   6   6   3   6   8   7   6   2  16  3
   8   7   6   6   3   8   4   9   6   2  16  3
   8   7   6   6   5   4   6   9   6   2  16  3
   8  35  19  18  18  18  19  18  18   7  47  9
   8  36  17  19  19  17  18  19   7  29  36  9
   8  37  17  18  18  17  20  18   7  28  37  9
   8  37  18  17  17  18  20  18   7  28  37  9
   8  42  18  22  19  20  20  19  22   9  51 10
   8  42  20  18  20  21  21  20   9  29  42 10
   8  42  20  18  21  20  20  21   9  29  42 10
   8  42  20  18  21  20  20  21  18  11  51 10
   8  42  20  18  22  19  19  22  18  11  51 10
   8  42  20  19  21  19  19  21  19  11  51 10
   8  42  20  20  19  20  20  19  20  11  51 10
   9   0  11   7   6   5   7   2  10   6  12  3
   9   0  12   5   7   5   7   2  10   6  12  3
   9   4   5   9   4   8   1  11   6   6  12  3
   9   4   5   9   6   4   8   1  11   6  12  3
   9   4   6   7   7   6   4   8   1  11  12  3
   9   4   6   8   6   3   9   1  11   6  12  3
   9   4   7   7   2  10   1  11   6   6  12  3
   9   4   8   1  11   1  11   6   6   6  12  3
   9   4   8   4   5   4  11   6   6   6  12  3
   9   4   8   4   8   1   8   9   6   6  12  3
   9   4   8   4   8   1  11   6   3   9  12  3
   9   4   8   4   8   1  11   6   6   3  15  3
   9   4   8   5   5   8   4   8   1  11  12  3
   9   5   4   8   7   6   6   3   9   2  16  3
   9   5   4   9   1   8   9   6   6   6  12  3
   9   5   4   9   1  11   6   3   9   6  12  3
   9   5   4   9   1  11   6   6   3   9  12  3
   9   5   4   9   1  11   6   6   6   3  15  3
   9   5   4   9   5   4   5  10   6   6  12  3
   9   5   4   9   5   7   2   7   9   6  12  3
   9   5   4   9   5   7   2  10   3   9  12  3
   9   5   4   9   5   7   2  10   6   3  15  3
   9   5   4   9   5   7   6   3   9   2  16  3
   9   5   4   9   6   5   4   5  10   6  12  3
   9   5   4   9   6   5   7   2   7   9  12  3
   9   5   4   9   6   5   7   2  10   3  15  3
   9   5   5   4   5  11   6   6   6   6  12  3
   9   5   5   8   1  11   2  10   6   6  12  3
   9   5   6   7   5   7   2   9   7   2  16  3
   9   5   6   7   6   3   6   5  10   6  12  3
   9   5   6   7   6   3   9   2   7   9  12  3
   9   5   6   7   6   3   9   2  10   3  15  3
   9   5   7   2   7   5  10   6   6   6  12  3
   9   5   7   2  10   2   7   9   6   6  12  3
   9   5   7   2  10   2  10   6   3   9  12  3
   9   5   7   2  10   2  10   6   6   3  15  3
   9   5   7   5   4   5   7   9   6   6  12  3
   9   5   7   5   4   5  10   6   3   9  12  3
   9   5   7   5   4   5  10   6   6   3  15  3
   9   5   7   5   7   2   7   9   3   9  12  3
   9   5   7   5   7   2   7   9   6   3  15  3
   9   5   7   5   7   2  10   6   3   6  15  3
   9   5   7   6   3   6   9   5   7   2  16  3
   9   5   7   6   3   8   7   3   9   2  16  3
   9   5   7   6   5   4   9   3   9   2  16  3
   9   6   3   6   8   6   7   2  10   6  12  3
   9   6   3   6   9   5   6   7   2  10  12  3
   9   6   3   6   9   6   5   6   7   2  16  3
   9   6   3   7   6   8   1  11   6   6  12  3
   9   6   3   8   6   7   2   7   9   6  12  3
   9   6   3   8   6   7   2  10   3   9  12  3
   9   6   3   8   6   7   2  10   6   3  15  3
   9   6   3   8   7   6   3   8   7   2  16  3
   9   6   3   8   7   6   5   4   9   2  16  3
   9   6   3   9   3   9   5   6   7   2  16  3
   9   6   3   9   4   6   8   1  11   6  12  3
   9   6   3   9   5   6   4   5  10   6  12  3
   9   6   3   9   5   6   7   2   7   9  12  3
   9   6   3   9   5   6   7   2  10   3  15  3
   9   6   3   9   5   7   3   8   7   2  16  3
   9   6   3   9   5   7   5   4   9   2  16  3
   9   6   4   6   5   4  11   6   6   6  12  3
   9   6   4   6   8   1   8   9   6   6  12  3
   9   6   4   6   8   1  11   3   9   6  12  3
   9   6   4   6   8   1  11   6   3   9  12  3
   9   6   4   6   8   1  11   6   6   3  15  3
   9   6   4   7   7   4   6   8   1  11  12  3
   9   6   4   8   3   7   8   1  11   6  12  3
   9   6   4   8   4   5   9   1  11   6  12  3
   9   6   5   4   6   9   1  11   6   6  12  3
   9   6   5   4   9   5   4   9   2  10  12  3
   9   6   5   4   9   6   3   8   7   2  16  3
   9   6   5   4   9   6   5   4   9   2  16  3
   9   6   5   6   4   5  10   6   3   9  12  3
   9   6   5   6   4   5  10   6   6   3  15  3
   9   6   5   6   7   2   7   6   9   6  12  3
   9   6   5   6   7   2   7   9   6   3  15  3
   9   6   5   6   7   2   9   6   7   2  16  3
   9   6   5   6   7   2  10   3   6   9  12  3
   9   6   5   6   7   2  10   3   9   3  15  3
   9   6   5   6   7   2  10   6   3   6  15  3
   9   6   5   6   7   6   3   6   9   2  16  3
   9   6   5   7   3   8   4   5  10   6  12  3
   9   6   5   7   3   8   7   2   7   9  12  3
   9   6   5   7   3   8   7   2  10   3  15  3
   9   6   5   7   3   9   3   8   7   2  16  3
   9   6   5   7   3   9   5   4   9   2  16  3
   9   6   5   7   5   4   6   5  10   6  12  3
   9   6   5   7   5   4   9   2   7   9  12  3
   9   6   5   7   5   4   9   2  10   3  15  3
   9   6   5   7   5   6   6   3  10   2  16  3
   9   6   5   7   5   7   3   6   9   2  16  3
   9   6   6   3   6   8   6   7   2  10  12  3
   9   6   6   3   7   6   8   1  11   6  12  3
   9   6   6   3   8   4   8   7   2  10  12  3
   9   6   6   3   8   6   4   5  10   6  12  3
   9   6   6   3   8   6   4   9   2  10  12  3
   9   6   6   3   8   6   7   2   7   9  12  3
   9   6   6   3   8   6   7   2  10   3  15  3
   9   6   6   3   9   3   8   6   7   2  16  3
   9   6   6   3   9   5   4   8   7   2  16  3
   9   6   6   3   9   5   6   4   9   2  16  3
   9   6   6   4   5   7   8   1  11   6  12  3
   9   6   6   4   6   5   9   1  11   6  12  3
   9   6   6   5   4   8   4   5  10   6  12  3
   9   6   6   5   4   8   7   2   7   9  12  3
   9   6   6   5   4   8   7   2  10   3  15  3
   9   6   6   5   5   6   6   8   1  11  12  3
   9   6   6   5   6   4   6   5  10   6  12  3
   9   6   6   5   6   4   9   2   7   9  12  3
   9   6   6   5   6   4   9   2  10   3  15  3
   9   6   6   5   6   6   6   3   6  10  12  3
   9   6   6   5   6   6   6   3  10   2  16  3
   9   6   6   5   7   3   6   8   7   2  16  3
   9   6   6   5   7   3   8   4   9   2  16  3
   9   6   6   5   7   5   4   6   9   2  16  3
   9   6   6   6   3   6   8   6   7   2  16  3
   9   6   6   6   3   8   4   8   7   2  16  3
   9   6   6   6   3   8   6   4   9   2  16  3
   9   6   6   6   5   4   6   8   7   2  16  3
   9   6   6   6   5   4   8   4   9   2  16  3
   9   6   6   6   5   6   4   6   9   2  16  3
   9   8   8  11   8   8   8   1  15   8  16  4
   9   8  11   5  11   8   8   1  15   8  16  4
   9  11   5  11   5  11   8   1  15   8  16  4
   9  11   8   5   8  11   8   1  15   8  16  4
   9  39  22  19  20  19  22  20  19   9  52 10
   9  41  18  21  21  18  21  21   8  31  41 10
   9  44  22  24  20  23  23   9  35  22  44 11
   9  44  22  24  22  21  10  33  24  22  44 11
   9  44  22  24  22  21  21  11  35  22  44 11
   9  44  23  23  22  21  10  33  23  23  44 11
   9  44  24  20  22  23  23  22   9  35  44 11
   9  44  24  21  21  23  23  21  10  35  44 11
   9  45  23  20  22  23  23  22   9  34  45 11
   9  45  23  20  22  23  23  22  20  12  56 11
   9  45  23  21  21  23  23  21  10  34  45 11
   9  45  23  22  20  23  23  20  22  12  56 11
   9  46  20  22  24  21  10  35  22  20  46 11
   9  46  20  22  24  21  21  24  22   9  57 11
   9  46  20  24  20  23  23   9  35  20  46 11
   9  46  21  21  24  21  10  35  21  21  46 11
   9  46  21  21  24  21  21  24  10  32  46 11
   9  46  21  21  24  21  21  24  21  10  57 11
  10   8   9   9   8   8   2   9  13   8  16  4
  10   9   1  16   8   8   3  13   8   8  16  4
  10   9   1  16   8   8   8   3  13   8  16  4
  10   9   8   8   9   8   2  14   3  13  16  4
  10   9   8   8   9   8   2  14   8   3  21  4
  10   9   9   1   9  14   8   8   8   8  16  4
  10  10   0  15   9   8   3  13   8   8  16  4
  10  10   0  16   7   9   8   3  13   8  16  4
  10  10   7   7  10   3   7  14   8   8  16  4
  10  10   7   7  10   8   2  14   8   3  21  4
  10  50  24  23  23  24  26  23  11  36  50 12
  11   1  15   8   9   8   8   8   8   3  21  4
  11   1  15   9   7   9   8   8   8   3  21  4
  11   1  16   7   9   7   9   8   8   3  21  4
  11   1  16   8   7   8   9   8   8   3  21  4
  11   7   9   9   7   9   2   9  13   8  16  4
  11   7   9   9   7   9   2  14   8   3  21  4
  11   8   8   9   8   8   8   3   9   8  20  4
  11   8   9   7   9   8   4   7   9  12  16  4
  11   8   9   7   9   8   4   7  13   4  20  4
  11   8   9   7   9   8   8   3   9   8  20  4
  11   8   9   8   3   8   9  12   8   8  16  4
  11   8   9   8   3   8  13   4  12   8  16  4
  11   8   9   8   3   8  13   8   4  12  16  4
  11   9   2   9   9  12   8   8   8   8  16  4
  11   9   2   9  13   8   8   4  12   8  16  4
  11   9   2   9  13   8   8   8   4  12  16  4
  11   9   2   9  13   8   8   8   8   4  20  4
  11   9   2  14   4   7  13   8   8   8  16  4
  11   9   2  14   4  12   8   3  13   8  16  4
  11   9   2  14   8   3   9  12   8   8  16  4
  11   9   2  14   8   3  13   4  12   8  16  4
  11   9   2  14   8   3  13   8   4  12  16  4
  11   9   2  14   8   3  13   8   8   4  20  4
  11   9   6   9   9   2  13   9   8   3  21  4
  11   9   7   7   9   9   2   9  13   8  16  4
  11   9   7   7   9   9   2  14   8   3  21  4
  11   9   7   9   4   7  13   3  13   8  16  4
  11   9   7   9   4  12   7   9   4   7  21  4
  11   9   7   9   7   9   4   7   9  12  16  4
  11   9   7   9   7   9   4  12   4   7  21  4
  11   9   7   9   7   9   8   3   9   8  20  4
  11   9   8   3   9  11   9   8   3  13  16  4
  11   9   8   3  12   5  12   8   3  13  16  4
  11   9   8   3  12   9   4   7  13   8  16  4
  11   9   8   3  12   9   8   3   9  12  16  4
  11   9   8   3  12   9   8   3  13   4  20  4
  11   9   8   3  13   4  11   9   8   3  21  4
  11   9   8   3  13   7   5  12   8   3  21  4
  11   9   8   7   8   9   4   7   9  12  16  4
  11   9   8   7   8   9   4   7  13   4  20  4
  11   9   8   7   8   9   8   3   9   8  20  4
  11   9   8   7   9   4  11   9   4   7  21  4
  11   9   8   7   9   7   5  12   4   7  21  4
  11   9   8   8   4  11   8   9   4   7  21  4
  11   9   8   8   7   5  11   9   4   7  21  4
  11   9   8   8   7   8   5  12   4   7  21  4
  11  12  12  10   1  19   5  15  10  10  20  5
  11  12  12  10   1  19  10   5  15  10  20  5
  11  12  12  10   1  19  10  10   5  15  20  5
  11  12  12  10   1  19  10  10  10   5  25  5
  11  19  11   0  24  12  12  13  12  12  24  6
  11  19  11   0  24  12  13  11  13  12  24  6
  11  19  11   0  24  13  11  13  11  13  24  6
  11  19  11   0  24  13  12  11  12  13  24  6
  11  19  11   0  25  11  12  13  12  11  25  6
  11  19  11   0  25  11  13  11  13  11  25  6
  11  19  11   0  25  12  11  13  11  12  25  6
  11  19  11   0  25  12  12  11  12  12  25  6
  11  52  26  26  11  42  27  26  26  26  52 13
  11  52  26  26  28  25  10  43  26  26  52 13
  11  52  26  28   9  42  27  24  28  26  52 13
  11  52  26  28  24  27  27  24  28  11  67 13
  11  52  27  25  26  27  27  26  10  42  52 13
  11  52  27  27  24  27  27  24  27  12  67 13
  11  52  28  24  11  42  27  26  24  28  52 13
  11  52  28  24  25  28  27  26  10  42  52 13
  11  52  28  24  28  25  25  13  39  28  52 13
  11  52  28  26   9  42  27  24  26  28  52 13
  11  54  26  24  26  27  27  11  39  26  54 13
  12   0  15   8   9   8   8   7   9   3  21  4
  12   0  15   9   7   9   8   7   9   3  21  4
  12   0  16   7   9   7   9   7   9   3  21  4
  12   0  16   8   7   8   9   7   9   3  21  4
  12   5   8  11   8   5  11   1  15   8  16  4
  12   5  11   5  11   5  11   1  15   8  16  4
  12   7   5   7   7  14   8   8   8   8  16  4
  12   7   5   7  13   7   9   3  13   8  16  4
  12   7   5   7  13   8   7   9   3  13  16  4
  12   7   5   7  13   8   8   7   9   3  21  4
  12   7   5  11   9   8   8   7   5   7  21  4
  12   7   5  12   2  14   3  13   8   8  16  4
  12   7   5  12   7   5  12   7   9   3  21  4
  12   7   5  12   7   9   8   7   5   7  21  4
  12   7   8   4  13   8   4  12   3  13  16  4
  12   7   8   4  13   8   8   4  12   3  21  4
  12   7   8   8   9   8   8   4   8   7  21  4
  12   7   8   9   3  13   8   4  12   3  21  4
  12   7   8   9   7   9   8   4   8   7  21  4
  12   7   8   9   8   7   5   7   9  12  16  4
  12   7   8   9   8   7   5   7  13   4  20  4
  12   7   8   9   8   7   9   3   9   8  20  4
  12   7   9   3   9  12   7   9   3  13  16  4
  12   7   9   3  12   9   4  12   3  13  16  4
  12   7   9   3  13   3  13   3  13   8  16  4
  12   7   9   3  13   7   5   7  13   8  16  4
  12   7   9   3  13   7   9   3   9  12  16  4
  12   7   9   7   5   7  13   3  13   8  16  4
  12   7   9   7   9   3   9   7  13   8  16  4
  12   7   9   7   9   3  13   3   9  12  16  4
  12   7   9   7   9   7   5   7   9  12  16  4
  12   7   9   8   4  11   9   7   5   7  21  4
  12   7   9   8   7   5  12   7   5   7  21  4
  12   7   9   8   7   8   9   4   8   7  21  4
  12   8   4  11   8   4   8  13   8   8  16  4
  12   8   4  11   9   8   7   8   5   7  21  4
  12   8   4  12   7   5  11   8   9   3  21  4
  12   8   4  12   7   9   7   8   5   7  21  4
  12   8   5  11   5   8  11   1  15   8  16  4
  12   8   6   9   9   3  11  10   2  14  16  4
  12   8   7   5   8  12   7   8   9   3  21  4
  12   8   7   5  12   3  12   9   3  13  16  4
  12   8   7   5  12   7   8   5   7  13  16  4
  12   8   7   5  12   7   8   9   3   9  20  4
  12   8   7   5  12   8   7   8   5   7  21  4
  12   8   7   7   8   5   7  14   8   8  16  4
  12   8   7   8   5   7   8  13   8   8  16  4
  12   8   7   8   8   4  11  10   2  14  16  4
  12   8   7   8   8   7   5  13   2  14  16  4
  12   8   7   8   9   3   9  12   3  13  16  4
  12   8   7   8   9   8   4  11   5   7  21  4
  12   8   7   8   9   8   7   5   8   7  21  4
  12   8   7   9   4  12   7   8   5   7  21  4
  12   8   7   9   7   8   5   7   9  12  16  4
  12   8   7   9   7   8   9   3   9   8  20  4
  12   8   7   9   7   9   4  11   5   7  21  4
  12   8   7   9   7   9   7   5   8   7  21  4
  12   8   8   4   8  11   8   8   9   3  21  4
  12   8   8   4  11   8   8   9   3   9  20  4
  12   8   8   4  12   7   8   8   5   7  21  4
  12   8   8   5   8   8  11   1  15   8  16  4
  12   8   8   7   8   8   9   3   9   8  20  4
  12   8   8   7   9   4  11   8   5   7  21  4
  12   8   8   7   9   7   5  11   5   7  21  4
  12   8   8   7   9   7   8   5   8   7  21  4
  12   8   8   8   4  11   8   8   5   7  21  4
  12   8   8   8   7   5  11   8   5   7  21  4
  12   8   8   8   7   8   5  11   5   7  21  4
  12   8   8   8   7   8   8   5   8   7  21  4
  12  10  10  10  13  10  10  10  10   2  28  5
  12  10  10  13   7  13  10  10  10   2  28  5
  12  10  13   7  13   7  13  10  10   2  28  5
  12  10  13  10   7  10  13  10  10   2  28  5
  12  13   7  10  13  10   7  13  10   2  28  5
  12  13   7  13   7  13   7  13  10   2  28  5
  12  13  10   7  13   7  10  13  10   2  28  5
  12  13  10  10   7  10  10  13  10   2  28  5
  12  56  28  28  29  28  28  29  28  11  73 14
  12  57  27  27  31  27  27  30  28  11  73 14
  12  58  26  27  31  27  26  31  28  11  73 14
  12  58  26  28  29  28  26  31  28  11  73 14
  13   2  19  11  10  10   3  17  10  10  20  5
  13  10   3  19  10  10   3  17  10  10  20  5
  13  10   3  19  10  10  10   3  17  10  20  5
  13  10  10  11  11  10  10  10   3  11  26  5
  13  10  10  12   8  12  10  10   5   8  27  5
  13  10  10  12  10  10   3  10  17  10  20  5
  13  10  11  10  11  10   3  10  17  10  20  5
  13  10  12   1  19  10  10   3  17  10  20  5
  13  10  12   8  12   3  17  10  10   3  27  5
  13  10  12   8  12   8  12  10   5   8  27  5
  13  10  12   9   9  12  10   4   9  17  20  5
  13  10  12  10   3  15  12  10  10   3  27  5
  13  10  12  10   8   5  17  10  10   3  27  5
  13  10  12  10   8  10  12  10   5   8  27  5
  13  11   9  11  11   9  11  10   3  11  26  5
  13  11  11   9   9  11  11  10   3  11  26  5
  13  11  11  10   3  15  11  11  10   3  27  5
  13  11  11  10   3  17   5  10  15  10  20  5
  13  11  11  10   3  17   5  15   5  15  20  5
  13  11  11  10   3  17   5  15  10   5  25  5
  13  11  11  10   3  17  10   5  10  15  20  5
  13  11  11  10   3  17  10   5  15   5  25  5
  13  11  11  10   3  17  10  10   5  10  25  5
  13  12   1  17  12  10   3  17  10  10  20  5
  13  12   1  19   8  12  10   3  17  10  20  5
  13  12   8   5  17   8  12  10   3  17  20  5
  13  12   8   5  17  10   8  12  10   3  27  5
  13  12   8  10  12  10   3  17  10   3  27  5
  13  12   8  10  12  10   8  12   5   8  27  5
  13  12   8  12   8   5  17   3  17  10  20  5
  13  12   8  12   8  12   8  12   5   8  27  5
  13  12   9   9  12   9   4  17  10   3  27  5
  13  12  10   3  15  10  12  10   3  17  20  5
  13  12  10   3  17   8  10  12  10   3  27  5
  13  12  10   8  12   8  10  12   5   8  27  5
  13  12  10   9   6  10  15  10   3  17  20  5
  13  12  10   9   9  10  12   4   9  17  20  5
  13  12  10  10   8  10  10  12   5   8  27  5
  13  58  32  32  30  29  12  47  32  30  60 15
  13  59  31  30  30  31  31  30  30  12  78 15
  13  59  31  31  29  31  31  29  31  12  78 15
  13  60  28  34  28  31  31  11  49  30  60 15
  13  60  29  31  32  29  29  32  12  48  60 15
  13  60  30  30  30  31  31  11  49  30  60 15
  13  62  28  28  34  29  12  49  30  28  62 15
  14   0  20  11   9  10  11  10   5  15  20  5
  14   0  20  11   9  11   9  11   5  15  20  5
  14   0  20  11  10   9  11   9   6  15  20  5
  14   0  20  11  10  10   9  10   6  15  20  5
  14   0  21   9  10  11   5  15  10   9  21  5
  14   0  21   9  10  11   9  11  10   5  25  5
  14   0  21   9  11  10   5  14  11   9  21  5
  14   0  21   9  11  10   9  10  11   5  25  5
  14   0  21  10   9  10  11  10   5  14  21  5
  14   0  21  10   9  11   5  15   9  10  21  5
  14   0  21  10   9  11   9  11   5  14  21  5
  14   0  21  10   9  11   9  11   9   6  25  5
  14   0  21  10  10   9  11   5  14  10  21  5
  14   0  21  10  10   9  11   9   6  14  21  5
  14   0  21  10  10   9  11   9  10   6  25  5
  14   0  21  10  10  10   5  14  10  10  21  5
  14   0  21  10  10  10   9   6  14  10  21  5
  14   0  21  10  10  10   9  10   6  14  21  5
  14   0  21  10  10  10   9  10  10   6  25  5
  14   9  10  11  11  10   9  11   3  11  26  5
  14   9  12   9   9  12   9   5   9  17  20  5
  14  10   4  17  10  10   4  16   5  15  20  5
  14  10   4  17  10  10   4  16  10   5  25  5
  14  10   4  17  10  10  10   4  11  15  20  5
  14  10   4  17  10  10  10   4  16   5  25  5
  14  10  10  11  10  10   4  10  11  15  20  5
  14  10  10  11  10  10   4  10  16   5  25  5
  14  10  11   3  17  10   5   9  16  10  20  5
  14  10  11   3  17  10  10   4  11  15  20  5
  14  10  11   3  17  10  10   4  16   5  25  5
  14  10  11   9  11   4  16  10   5   9  26  5
  14  10  11  10   4  10  16  10  10   4  26  5
  14  10  11  10   4  15  11  10   5   9  26  5
  14  10  11  10   9   5  11  15  10   4  26  5
  14  10  11  10   9   5  16   5  15   4  26  5
  14  10  11  10   9   5  16  10   5   9  26  5
  14  11   3  11  16  10   4  16  10  10  20  5
  14  11   3  16  11  10   4  11  15  10  20  5
  14  11   3  16  11  10   4  16   5  15  20  5
  14  11   3  17   5  15   9  11  10   4  26  5
  14  11   3  17   9  11   5   9  16  10  20  5
  14  11   3  17   9  11   5  15  10   4  26  5
  14  11   3  17   9  11  10   4  11  15  20  5
  14  11   3  17   9  11  10   4  16   5  25  5
  14  11   8  11  11   8  11  11   3  11  26  5
  14  11   9   5  11  15   9  11  10   4  26  5
  14  11   9   5  16   4  16  10   4  16  20  5
  14  11   9   5  16   9  11   5   9  16  20  5
  14  11   9   5  16   9  11  10   4  11  25  5
  14  11   9   5  16  10   4  16  10   4  26  5
  14  11   9   5  16  10   9  11   5   9  26  5
  14  11   9  10  11  10   4  11  15   4  26  5
  14  11   9  10  11  10   4  16   5   9  26  5
  14  11   9  11   5   9  15  11  10   4  26  5
  14  11   9  11   5  15   9   5  16   4  26  5
  14  11   9  11   9   5  11   9  16  10  20  5
  14  11   9  11   9   5  11  15  10   4  26  5
  14  11   9  11   9   5  16   4  11  15  20  5
  14  11   9  11   9   5  16   4  16   5  25  5
  14  11   9  11   9  11   5   9  16   4  26  5
  14  11  10   4  11  14  10  11  10   4  26  5
  14  11  10   4  15  10  11  10   4  11  25  5
  14  11  10   4  16   9  10  11   5   9  26  5
  14  11  10   9   9  10  11  11   3  11  26  5
  14  11  10   9  10   6  15   4  10  16  20  5
  14  63  33  32  32  33  33  32  12  52  64 16
  14  63  33  34  29  34  33  30  34  13  83 16
  14  63  35  30  30  35  33  32  12  52  64 16
  14  66  30  34  29  34  30  33  34  13  83 16
  15   0  19  11   8  12   3  17  10  10  20  5
  15   7  10  10  13  10  10   7  13   2  28  5
  15   7  10  13   7  13  10   7  13   2  28  5
  15   7  13   7  13   7  13   7  13   2  28  5
  15   7  13  10   7  10  13   7  13   2  28  5
  15   8   7  14  11  10   5  15   3  17  20  5
  15   8   8  14   1  14  15  10  10  10  20  5
  15   8   8  14   1  19  10   5  15  10  20  5
  15   8   8  14   1  19  10  10   5  15  20  5
  15   8   8  14   1  19  10  10  10   5  25  5
  15   8  10   5  17  10   8  12   3  17  20  5
  15   8  10   5  17  10  10   8  12   3  27  5
  15   8  10  10  12  10  10   8   7   8  27  5
  15   8  10  12   3  17  10   8  12   3  27  5
  15   8  10  12   8  12  10   8   7   8  27  5
  15   8  12   3  15  12   8  12   3  17  20  5
  15   8  12   3  17   8  12   8  12   3  27  5
  15   8  12   8  12   3  17   8  12   3  27  5
  15   8  12   8  12   8  12   3  17   3  27  5
  15   8  12   8  12   8  12   8   7   8  27  5
  15   8  12   9   6  15   5  15   3  17  20  5
  15   8  12  10   8  10  12   8   7   8  27  5
  15   9   6  14  11   4  16   9  11   4  26  5
  15   9   6  14  11   9  11   4  16   4  26  5
  15   9   6  15   3  17  10   9  11   4  26  5
  15   9   6  15   9  11   4  15  11   4  26  5
  15   9   9  11  11   9   9   6   9  17  20  5
  15   9   9  12   3  12  15  10   5  15  20  5
  15   9   9  12   3  12  15  10  10   5  25  5
  15   9   9  12   3  17   9   9  12   3  27  5
  15   9   9  12   3  17  10   5  10  15  20  5
  15   9   9  12   3  17  10  10   5  10  25  5
  15   9  10   5  16  10   9   6   9  16  20  5
  15   9  10   5  16  10   9  11   4  11  25  5
  15   9  10   5  16  10  10   9   6   9  26  5
  15   9  10  11   4  16  10   9   6   9  26  5
  15   9  10  11   9  11   4  11  15   4  26  5
  15   9  11   4  11  14  11   9  11   4  26  5
  15   9  11   4  15  11   9   6   9  16  20  5
  15   9  11   4  15  11   9  11   4  11  25  5
  15   9  11   4  16   4  16   9  11   4  26  5
  15   9  11   4  16   9  11   4  16   4  26  5
  15   9  11   4  16   9  11   9   6   9  26  5
  15   9  11   9   6   9  16   9  11   4  26  5
  15   9  11   9   6  14  11   4  16   4  26  5
  15   9  11   9   9  11   9   6   9  17  20  5
  15   9  11   9  11   4  11  14  11   4  26  5
  15   9  11   9  11   4  16   4  16   4  26  5
  15   9  11   9  11   4  16   9   6   9  26  5
  15   9  11   9  11   9   6   9  16   4  26  5
  15   9  11   9  11   9  11   4  11   9  26  5
  15  10   5  14  10  10   5  10  16  10  20  5
  15  10   5  14  11   4  15  10  11   4  26  5
  15  10   5  14  11   8   7  15   3  17  20  5
  15  10   5  15   9  10  10   5  16   4  26  5
  15  10   7  10  13  10   7  10  13   2  28  5
  15  10   7  13   7  13   7  10  13   2  28  5
  15  10   8   7  11  14   1  19  10  10  20  5
  15  10   8   8   9  15   1  19  10  10  20  5
  15  10   8  10  10   5  10  17  10  10  20  5
  15  10   8  10  12   3  15  12   3  17  20  5
  15  10   8  10  12  10   8  10   7   8  27  5
  15  10   8  12   8  12   8  10   7   8  27  5
  15  10   9   6  13  12   3  12  15  10  20  5
  15  10   9   6  13  12   3  17   5  15  20  5
  15  10   9   6  13  12   3  17  10   5  25  5
  15  10   9   9   7  15   3  12  15  10  20  5
  15  10   9   9   7  15   3  17   5  15  20  5
  15  10   9   9   7  15   3  17  10   5  25  5
  15  10   9  10   6   9  16   3  17  10  20  5
  15  10   9  10  10   5  10  16  10   5  25  5
  15  10   9  10  11   4  11  14  11   4  26  5
  15  10   9  10  11   4  15   6   9  16  20  5
  15  10   9  10  11   4  15   6  15   4  26  5
  15  10   9  10  11   4  15  11   4  11  25  5
  15  10   9  11   9   6  14   5  16   4  26  5
  15  10   9  11   9  10   6   9  16   4  26  5
  15  10  10   5  14  10  10   5  10  16  20  5
  15  10  10   5  14  10  10   5  16   4  26  5
  15  10  10   7  13   7  10  10  13   2  28  5
  15  10  10   8  12   8  10  10   7   8  27  5
  15  10  10   9   6  10  13  12   3  17  20  5
  15  10  10   9   6  13   7  15   3  17  20  5
  15  10  10   9   6  14  10   5  10  16  20  5
  15  10  10   9   6  14  10   5  16   4  26  5
  15  10  10   9   9   7  10  15   3  17  20  5
  15  10  10   9   9  10  10   6   9  17  20  5
  15  10  10   9  10   6  14   5  10  16  20  5
  15  10  10   9  10  10   6   9  10  16  20  5
  15  10  10   9  10  10   6   9  16   4  26  5
  15  10  10  10   7  10  10  10  13   2  28  5
  15  10  10  10   8  10  10  10   7   8  27  5
  15  13  13  13   2  22   4  20  12  12  24  6
  15  14   1  23  13  12  12  12  12   5  31  6
  15  14   1  24   4  20  12  12  12  12  24  6
  15  14   1  24  11  13  12  12  12   5  31  6
  15  14  17  17  14  14   1  27  14  14  28  7
  15  15   0  23  13  12  11  13  12   5  31  6
  15  15   0  24  11  13  11  13  12   5  31  6
  15  20  11  11  20  14   1  27  14  14  28  7
  15  68  36  30  36  35  35  13  53  36  68 17
  16  12  12  13  12  13  12  12   4  12  32  6
  16  12  13  12  12  12  13  12   4  12  32  6
  16  13  13  12   4  13  13  18  12  12  24  6
  16  13  13  12   4  13  19   6  18  12  24  6
  16  13  13  12   4  13  19  12   6  18  24  6
  16  70  37  37  36  37  37  36  36  14  94 18
  16  71  35  38  38  35  35  38  14  58  72 18
  16  84  40  39  37  42  42  37  21  58  84 20
  16  84  40  39  39  40  40  39  21  58  84 20
  17   0  24  12  13  12   5  18  13  12  24  6
  17   0  24  12  13  12  11   6  19  12  24  6
  17   0  24  13  11   6  19  12  11  13  24  6
  17   0  24  13  12   5  19  11  12  13  24  6
  17   0  24  13  12  11  13   5  18  13  24  6
  17   0  24  13  12  12   5  18  12  13  24  6
  17   0  24  13  12  12  11   6  18  13  24  6
  17   0  25  11   6  18  13  12  12  11  25  6
  17   0  25  11   6  19  11  13  12  11  25  6
  17   0  25  11  12  12  13  12  12   5  31  6
  17   0  25  11  13  11  13   5  19  11  25  6
  17   0  25  11  13  11  13  11  13   5  31  6
  17   0  25  11  13  12  11   6  19  11  25  6
  17   0  25  12   5  18  13  12  11  12  25  6
  17   0  25  12   5  19  11  13  11  12  25  6
  17   0  25  12  11   6  19  12  11  12  25  6
  17   0  25  12  11  12  13  12  11   6  31  6
  17   0  25  12  12   5  19  11  12  12  25  6
  17  10   7  20   0  24  12  12  12  12  24  6
  17  12   5  20  11  13  12  12   6  11  31  6
  17  12   5  20  12   5  12  19  12  12  24  6
  17  12   5  20  12  12   5  12  19  12  24  6
  17  12  12  13   4  20  12   5  13  18  24  6
  17  12  12  13   4  20  12  12   6  11  31  6
  17  12  12  13  11  13  12   5  13  11  31  6
  17  12  12  13  12   5  12  12  19  12  24  6
  17  12  13   4  13  19  12  12   5  19  24  6
  17  12  13   4  19  13  12  12   5  13  30  6
  17  12  13   4  20   5  19  12  12   5  31  6
  17  12  13   4  20  11  13  12   6  11  31  6
  17  12  13  11   6  19  12   5  12  19  24  6
  17  12  13  11  12  13  12   5  12  13  30  6
  17  13   4  13  18  13  12   5  19  12  24  6
  17  13   4  13  19  11  13  12   5  19  24  6
  17  13   4  13  19  12  11  13  12   5  31  6
  17  13   4  19  13  12   5  19  12   5  31  6
  17  13   4  19  13  12  11  13   6  11  31  6
  17  13   4  20  11  13  11  13   6  11  31  6
  17  13  11  13  11   6  18  13   6  11  31  6
  17  13  11  13  11  13  11   6  13  11  31  6
  17  13  12   5  18  12  13   5  12  19  24  6
  17  13  12  11  12  12  13   5  12  13  30  6
  17  14  16  16  14  14   3  25   7  21  28  7
  17  14  16  16  14  14   3  25  14   7  35  7
  17  16  14  16  14   3  25   5  23  14  28  7
  17  16  16  14   3  23  16  14  14   5  37  7
  17  18  12   5  25  14   3  25  14  14  28  7
  17  18  12  12  18  14   3  18  21  14  28  7
  17  18  12  12  18  14   3  25   7  21  28  7
  17  18  14  12   9  17  18  14   3  25  28  7
  17  18  14  12  12  11  21  14   3  25  28  7
  18   5  18   0  24  12  12  13  12  12  24  6
  18   5  18   0  24  12  13  11  13  12  24  6
  18   5  18   0  24  13  11  13  11  13  24  6
  18   5  18   0  24  13  12  11  12  13  24  6
  18   5  18   0  25  11  12  13  12  11  25  6
  18   5  18   0  25  11  13  11  13  11  25  6
  18   5  18   0  25  12  11  13  11  12  25  6
  18   5  18   0  25  12  12  11  12  12  25  6
  18  10  13  13   5  13  10  20  12  12  24  6
  18  10  13  13   5  19   4  14  18  12  24  6
  18  10  13  13   5  19   4  20   6  18  24  6
  18  10  13  13   5  19   4  20  12   6  30  6
  18  10  13  13  10  13   5  18  14   4  32  6
  18  11  11   7  11  20  12   6  18  12  24  6
  18  11  11   7  11  20  12  12   6  18  24  6
  18  11  11   7  11  20  12  12  12   6  30  6
  18  11  11  11   7  20   2  22  12  12  24  6
  18  11  11  14   4  14  11  19  12  12  24  6
  18  11  11  14   4  20   5  13  18  12  24  6
  18  11  11  14   4  20   5  19   6  18  24  6
  18  11  11  14   4  20   5  19  12   6  30  6
  18  11  11  14   4  20  12   6  18   5  31  6
  18  11  12   6  12  19  12  11  13   5  31  6
  18  11  12  12  13  12   6  17   6  12  31  6
  18  11  12  12  13  12  11   7  11  12  31  6
  18  11  12  13  11  13   5  18   7  11  31  6
  18  12   6  17  13   5  17  14   4  20  24  6
  18  12   6  17  13  11  12  12   6  12  31  6
  18  12  10  13  13   5  13  18   4  20  24  6
  18  12  11   7  16   7  11  20  12  12  24  6
  18  12  11   7  18  11  12  12   6  12  31  6
  18  12  11  11   8  11  11  20  12  12  24  6
  18  12  11  12  11  12  12   6  12  20  24  6
  18  12  11  12  12   6  12  12  19  12  24  6
  18  12  11  12  13  11  12   7  11  12  31  6
  18  12  11  13  11  12  12   6  13  11  31  6
  18  12  12   6  17  12  12  12   6  12  31  6
  18  14  15  15  15  14  14   4  15  23  28  7
  18  15  14  15  14  15  14   4  24   5  37  7
  18  17  13  13  13  17   5  13  24  14  28  7
  18  92  42  45  45  42  42  45  23  64  92 22
  19   2  26  15  15  14  14  14   5  23  28  7
  19   2  28  13  13  16  14  14   5  23  28  7
  19  12  18  12  16   3  25  14  14   5  37  7
  19  13  15  15  15  13  15   4  15  23  28  7
  19  14  14  14  16   3  25  14  14   5  37  7
  19  14  15  15  14  14   5  23   7  14  35  7
  19  15  14  15  14   5  23   6  15  21  28  7
  19  15  14  15  14   5  23   6  22   7  35  7
  19  15  15  11  15  15  15   4  15  23  28  7
  19  15  15  14   5  15  22  14  14   6  36  7
  19  15  15  14   5  22  15   7  21   6  36  7
  19  15  15  14   5  22  15  14   7  13  36  7
  19  16  10  16  16   3  16  23  14  14  28  7
  19  16  13   6  23  14   5  16  21  14  28  7
  19  16  13   6  23  14   5  23   7  21  28  7
  19  16  13  13  16  14   5  16  14  21  28  7
  19  16  14  13   8  19  16  14   5  16  35  7
  19  16  14  13  13   9  21  14   5  16  35  7
  19  19   0  32  16  16  17  17  16  16  32  8
  19  19   0  32  16  18  15  15  18  16  32  8
  19  19   0  32  18  14  17  17  14  18  32  8
  19  19   0  32  18  16  15  15  16  18  32  8
  19  19   0  34  14  16  17  17  16  14  34  8
  19  19   0  34  14  18  15  15  18  14  34  8
  19  19   0  34  16  14  17  17  14  16  34  8
  19  19   0  34  16  16  15  15  16  16  34  8
  20   0  20  22  14  14  15  14  14  14  28  7
  20   0  20  22  14  15  13  15  14  14  28  7
  20   0  20  22  15  13  15  13  15  14  28  7
  20   0  20  22  15  14  13  14  15  14  28  7
  20   0  20  23  13  14  15  14  13  15  28  7
  20   0  20  23  13  15  13  15  13  15  28  7
  20   0  20  23  14  13  15  13  14  15  28  7
  20   0  20  23  14  14  13  14  14  15  28  7
  20   0  28  14   6  22  15  14  14  14  28  7
  20   0  28  14   6  23  13  15  14  14  28  7
  20   0  28  14  14   6  23  14  14  14  28  7
  20   0  28  14  14  15   5  23  14  14  28  7
  20   0  28  14  14  15  13  15  14   6  36  7
  20   0  28  14  15   5  23  13  15  14  28  7
  20   0  28  14  15  13  15   5  23  14  28  7
  20   0  28  14  15  14  13  14  15   6  36  7
  20   0  28  15   5  22  15  14  13  15  28  7
  20   0  28  15   5  23  13  15  13  15  28  7
  20   0  28  15  13  15   5  23  13  15  28  7
  20   0  28  15  13  15  13  15  13   7  36  7
  20   0  29  13  14   6  23  14  14  13  29  7
  20   0  29  13  15   5  23  13  15  13  29  7
  20  13  16  13  15   5  16  21  14   6  36  7
  20  13  16  13  15   5  23  14   7  13  36  7
  20  14   6  14  23  14  14   6  22  14  28  7
  20  14   6  14  23  14  14  14   6  22  28  7
  20  14   6  14  23  14  14  14  14   6  36  7
  20  14   6  22  15  14  14   6  22   6  36  7
  20  14   6  22  15  14  14  14   6  14  36  7
  20  14   6  23   5  23  14  14  14   6  36  7
  20  14   6  23  13   7  22  14  14   6  36  7
  20  14  14   6  23  14  14   6  14  22  28  7
  20  14  14   6  23  14  14   6  22   6  36  7
  20  14  14   6  23  14  14  14   6  14  36  7
  20  14  14  14  15  14   6  22   6  14  36  7
  20  14  14  14  15  14  14   6  14  14  36  7
  20  14  14  15   5  15  22  14  14   6  36  7
  20  14  14  15   5  23   6  14  22  14  28  7
  20  14  14  15   5  23   6  22  14   6  36  7
  20  14  14  15   5  23  14   6  22   6  36  7
  20  14  15   5  15  21  15  14  14   6  36  7
  20  14  15   5  22  15  14   6  14  22  28  7
  20  15   5  22  15   5  15  22  14  14  28  7
  20  15   5  23  13   7  21  15  14   6  36  7
  20  15   5  23  13  15  13   7  22   6  36  7
  20  15  12  15  15   5  15  15  21  14  28  7
  20  15  13   7  21  15   5  15  22  14  28  7
  20  15  13   7  21  15   5  23  14   6  36  7
  20  15  13  13   9  21   5  23  14   6  36  7
  20  15  13  15  13   7  21   7  22   6  36  7
  20  15  14   6  21  14  14  15   6  14  36  7
  20  15  14  12   9  20  15   5  15  22  28  7
  20  17  17  17  17  16   4  28   6  26  32  8
  21   0  26  15  15  14  12  16   5  23  28  7
  21   0  28  13  13  16  12  16   5  23  28  7
  21   8  17  17   8  20   1  27  14  14  28  7
  21  10  11  19  16  14  10  18   3  25  28  7
  21  10  14  16  16  14   7  21   3  25  28  7
  21  10  16  16  10  11  10  25  14  14  28  7
  21  10  16  16  10  18   3  18  21  14  28  7
  21  10  16  16  10  18   3  25   7  21  28  7
  21  10  16  16  10  18   3  25  14   7  35  7
  21  10  18  12   9  21  10  18   3  25  28  7
  21  10  18  12  12  18   7  21   3  25  28  7
  21  12   9  20  15  14  12   9  12  23  28  7
  21  12   9  20  15  14  12  16   5  16  35  7
  21  12  12  18   3  25  14  12  16   5  37  7
  21  12  14  14  16  14  12  14   7  14  37  7
  21  12  14  15  15  14   7  14  12  23  28  7
  21  12  14  15  15  14   7  21   5  16  35  7
  21  12  15  15  12   9  12  23   7  21  28  7
  21  12  15  15  12   9  12  23  14   7  35  7
  21  12  15  15  12  16   5  16  14  21  28  7
  21  12  15  15  12  16   5  23   7  14  35  7
  21  12  16  13   8  21  12   9  12  23  28  7
  21  12  16  13   8  21  12  16   5  16  35  7
  21  12  16  13  13  16   7  14  12  23  28  7
  21  12  16  13  13  16   7  21   5  16  35  7
  21  13   8  21  13  13   8  13  23  14  28  7
  21  13   8  21  13  13  16   5  23   6  36  7
  21  13  13  16   5  16  21   5  23  14  28  7
  21  13  13  16   5  16  21  13  15   6  36  7
  21  13  13  16   5  23  14  13   8  13  36  7
  21  13  13  16  13   8  13  13  23  14  28  7
  21  13  13  16  13   8  21   5  23   6  36  7
  21  13  14   7  22  14  13  14   7  14  36  7
  21  13  15  13   8  13  20  16   5  23  28  7
  21  13  15  13  13   8  15  21   5  23  28  7
  21  14   7  19  16  10  14  18   3  25  28  7
  21  14   7  20   8  19  14  16   5  23  28  7
  21  14   7  20  14  13   8  22   5  23  28  7
  21  14   7  20  14  15   6  20  16   5  37  7
  21  14   7  20  15  12  14   9  12  23  28  7
  21  14   7  20  15  12  14  16   5  16  35  7
  21  14  10  16  16  10  11  21   3  25  28  7
  21  14  11  11  14  20   1  27  14  14  28  7
  21  14  12  12  14  18   3  18  21  14  28  7
  21  14  12  12  14  18   3  25   7  21  28  7
  21  14  12  12  14  18   3  25  14   7  35  7
  21  14  12  14  12   9  23   3  25  14  28  7
  21  14  12  14  16  12  14  14   7  14  37  7
  21  14  12  15  14  15   6  15  21   5  37  7
  21  14  12  15  15  12   9  14  12  23  28  7
  21  14  12  15  15  12   9  21   5  16  35  7
  21  14  13   8  19  16   5  22  15   6  36  7
  21  14  13  13   9  21   5  22  15   6  36  7
  21  14  13  13  13  14   8  13  24  14  28  7
  21  14  13  13  14  16   5  16  14  21  28  7
  21  14  13  13  14  16   5  23   7  14  35  7
  21  14  13  14   8  13  20  16   5  23  28  7
  21  14  13  14  13   8  22   5  16  21  28  7
  21  14  13  14  13   8  22   5  23   7  35  7
  21  14  13  14  13  14  13   8  23   4  38  7
  21  14  13  14  14   7  14  22   5  23  28  7
  21  14  13  14  15   6  21  14   7  14  36  7
  21  14  13  15   7  20  13   8  22   5  37  7
  21  14  13  15  12  15   8  13  22   5  37  7
  21  14  14  12   9  17  14  18   3  25  28  7
  21  14  14  12  12  11  17  18   3  25  28  7
  21  14  14  12  12  14  11  21   3  25  28  7
  21  14  14  13   8  19  14  16   5  16  35  7
  21  14  14  13  13   9  19  16   5  16  35  7
  21  14  14  13  13  14   9  21   5  16  35  7
  21  14  14  13  14   8  19   8  22   5  37  7
  21  14  14  13  14  13   9  13  22   5  37  7
  21  14  14  13  14  14  14   7  14  14  36  7
  22   1  32  16  17  16   6  25  17  16  32  8
  22   1  32  16  17  16  15   7  26  16  32  8
  22   1  32  17  16  16   6  25  16  17  32  8
  22  16  17  17  16  16   6  17  17  24  32  8
  22  16  17  17  16  16   6  17  25   8  40  8
  22  17  16  17  16   6  17  16  25  16  32  8
  22  17  17   5  17  26   8  24  16  16  32  8
  22  17  17   5  17  26  16  16  16   8  40  8
  22  18  15   7  26   7  15  26  16  16  32  8
  22  18  15   7  26  16   6  26  16   7  41  8
  22  18  15  15  18   7  15  18  24  16  32  8
  22  18  15  15  18  16   6  18  24   7  41  8
  22  18  15  15  18  16   6  26   8  15  41  8
  22  18  16  15   9  22  18   7  15  26  32  8
  22  18  16  15  15  10  24   7  15  26  32  8
  22 104  54  51  51  54  54  51  21  84 104 26
  22 104  56  49  49  56  54  51  21  84 104 26
  23   0  31  18  16  15  17   6  25  17  32  8
  23   0  32  16  16  17  15  17   6  26  32  8
  23   0  33  14  18  15  17   6  26  15  33  8
  23  15  17  17  15  17   6  17  17  24  32  8
  23  15  17  17  15  17   6  26   8  15  41  8
  23  16   7  25  17   6  26  16  16   7  41  8
  23  16  16   7  16  26  16  16   7  25  32  8
  23  16  16   7  16  26  16  16  16   7  41  8
  23  16  16  16  17   6  26  16   7  16  41  8
  23  16  17   6  25  16  17  16   7  16  41  8
  23  17   6  25  17   6  25  17  16   7  41  8
  23  17  14  17  17   6  17  25  16   7  41  8
  23  17  15  15  17  17   6  17  17  24  32  8
  23  17  15  15  17  17   6  26   8  15  41  8
  23  17  16   7  23  17  17   6  17  25  32  8
  23  17  16  15   9  22  17  17   6  17  41  8
  23  17  16  15  15  10  23  17   6  17  41  8
  23  18  20  18  20  18  18   5  31   7  47  9
  23  18  20  20  18   5  18  31  18  18  36  9
  23  18  22  16   7  31  18  18   5  31  36  9
  23  18  22  16  16  22  18  18   5  22  45  9
  23  20  16  22  16  20  18   5  31   7  47  9
  23  20  20  14   9  31  18   5  31  18  36  9
  23  20  20  14  20  20  18   5  20  29  36  9
  23  20  20  16   7  29  20  18   5  31  36  9
  23  22  14  20  20   5  31  18   5  31  36  9
  23  22  14  20  20  14  22   9  14  31  36  9
  23  22  14  20  20  14  22  18   5  22  45  9
  23  22  16  16  22  16   7  31   7  29  36  9
  23  22  18  16  16  18  22  18   5  22  45  9
  24  13  17  17  17  13  17   7  17  26  32  8
  24  14  17  17   7  24   7  17  25  16  32  8
  24  14  17  17   7  24  17   7  25   6  42  8
  24  14  17  17   7  25   6  25  17   7  41  8
  24  14  17  17  14  10  14  17  25  16  32  8
  24  14  17  17  14  18   6  18  24   7  41  8
  24  15   9  23  17  15  15   9  15  26  32  8
  24  15  15   9  15  26  15  17   7  25  32  8
  24  15  15   9  15  26  16  15  17   7  41  8
  24  15  15  17  17  15   9  15  15  26  32  8
  24  15  15  18   6  26  15   9  24   6  42  8
  24  15  17  15   9  23  15   9  15  26  32  8
  24  15  17  15  15  17   9  15  15  26  32  8
  24  16  14  17  17   7  23  10  14  26  32  8
  24  16  14  17  17   7  23  18   6  18  40  8
  24  16  15  15  15  15  10  26   4  28  32  8
  24  16  15  15  16   9  15  26  16   8  40  8
  24  16  15  15  16  18   6  18  24   7  41  8
  24  16  15  16  15   9  16  15  26  16  32  8
  24  16  15  16  16   8  23  18   6  18  40  8
  24  16  15  16  16  15   9  25   6  18  40  8
  24  16  15  16  16  16   8  16  25   6  42  8
  24  16  16  15   9  22  16   9  15  26  32  8
  24  16  16  15  15  10  22   9  15  26  32  8
  24  16  16  15  15  16  10  15  15  26  32  8
  25   1  36  18  18  18  19  18   7  29  36  9
  25   1  36  18  18  18  19  18  18   7  47  9
  25   1  37  17  18  17  20  18  18   7  47  9
  25  18  19  19  18   7  18  29   9  27  36  9
  25  18  19  19  18   7  18  29  18   9  45  9
  25  18  20  17   8  29  18  18   7  20  45  9
  25  19  17  20  17  19  18   7  20  17  46  9
  25  19  18  18  19  18   7  19  18  28  36  9
  25  19  18  18  19  18   7  19  28   8  46  9
  25  19  18  18  19  18   7  29   8  18  46  9
  25  19  19   6  19  19  28  18  18  18  36  9
  25  19  19   6  19  29  18  18   8  28  36  9
  25  19  19  16   9  29   9  16  29  18  36  9
  25  19  19  16   9  29  18   7  29   9  45  9
  25  19  19  16  19  19   9  16  19  28  36  9
  25  19  19  16  19  19  18   7  19  19  45  9
  25  19  19  17   8  19  28  18   7  29  36  9
  25  19  19  18   7  19  27  19  18   7  47  9
  25  19  19  18   7  27  11  27  18   7  47  9
  25  20  14  20  20   5  29  20   5  31  36  9
  25  20  14  20  20  14  11  29   5  31  36  9
  25  20  15  20  15  20  20   5  20  29  36  9
  25  20  16  19  19   7  29   9  16  29  36  9
  25  20  16  19  19   7  29  18   7  20  45  9
  25  20  16  19  19  16  20   9  16  20  45  9
  25  20  17   8  29  17   8  29   8  28  36  9
  25  20  17  17  20   8  17  29   8  28  36  9
  25  20  17  17  20  17   8  20  17  28  36  9
  25  20  18  14  18  20  20   5  20  29  36  9
  25  23   2  39  21  20  20  20   8  32  40 10
  25  25   0  39  21  18  22  20   8  32  40 10
  26   0  35  19  19  18  17  18   8  29  36  9
  26   0  36  17  20  17  19  17  19   7  47  9
  26   0  37  16  20  16  20  17  19   7  47  9
  26   0  37  17  17  20  17  19   7  28  37  9
  26  17   9  29  17  19   7  29  18   8  46  9
  26  17  19  19   7  29   7  19  28  18  36  9
  26  17  19  19   7  29   7  29  18   8  46  9
  26  17  19  19  17   9  17  29  18   8  46  9
  26  17  19  19  17  19   7  19  28   8  46  9
  26  17  20  17   9  28  17   9  17  29  36  9
  26  17  20  17  17  20   9  17  17  29  36  9
  26  18  18  18   8  18  29  18  18   8  46  9
  26  18  18  18   8  29   7  29  18   8  46  9
  26  19   7  27  19  19   7  19  28  18  36  9
  26  19   7  28  19  16  10  28   7  29  36  9
  26  19  16  19  19   7  19  28   7  29  36  9
  26  19  16  19  19   7  28  10  16  29  36  9
  26  19  16  19  19  16  10  19  16  29  36  9
  26  19  17  17  19  19   7  19  28   8  46  9
  26  19  18  16  18  19  19   7  19  19  45  9
  26 120  58  63  63  58  58  63  25  96 120 30
  27  14  18  20  20  18  14  13  14  31  36  9
  27  14  18  20  20  18  14  22   5  22  45  9
  27  14  20  20  14  20   7  20  29  18  36  9
  27  14  20  20  14  20  20   7  29   5  49  9
  27  14  20  20  14  22   5  29  20   7  47  9
  27  14  22  16  16  22  14  13  14  31  36  9
  27  14  22  16  16  22  14  22   5  22  45  9
  27  16  11  26  19  18  16  19   8  19  46  9
  27  16  16  22   5  27  22   5  31  18  36  9
  27  16  16  22  16  16  11  16  31  18  36  9
  27  16  16  22  16  16  22   5  31   7  47  9
  27  16  18  19  19  18   9  26   8  19  46  9
  27  16  19  19  16  19   8  19  19  27  36  9
  27  16  19  19  16  19  19   8  19  16  47  9
  27  16  19  19  16  20   7  28  10  17  46  9
  27  16  20  16  16  11  25  22   5  31  36  9
  27  16  20  17  17  20  16  11  16  20  45  9
  27  17  10  25  20  18  17  17  10  17  47  9
  27  17  17  10  17  17  30  18  18  18  36  9
  27  17  17  18  20  18  17  10  17  17  47  9
  27  17  17  20   7  27  20   7  20  27  36  9
  27  17  17  20  17  17  10  17  20  27  36  9
  27  17  17  20  17  17  20   7  20  17  46  9
  27  17  19  17  17  10  26  20   7  20  45  9
  27  18   9  26  19  16  18  19   8  19  46  9
  27  18  14  20  18  20   7  25  22   5  49  9
  27  18  14  20  20  14  18  13  14  31  36  9
  27  18  14  20  20  14  18  22   5  22  45  9
  27  18  16  16  18  22   5  29  20   7  47  9
  27  18  16  19  18  19   8  26  11  16  47  9
  27  18  16  19  19  16  11  26   8  19  46  9
  27  18  16  20  14  20  16  11  29   5  49  9
  27  18  17  10  25  18   9  18  29  18  36  9
  27  18  17  10  27  17  17  18  10  17  47  9
  27  18  17  17  18  17  10  25  22   5  49  9
  27  18  17  17  18  20   7  28  10  17  46  9
  27  18  17  17  20  17  10  25  10  17  47  9
  27  18  17  17  20  17  17  11  17  17  47  9
  27  18  17  18  18   9  18  26  20   7  47  9
  27  18  17  18  18   9  26  10  17  29  36  9
  27  18  17  18  18  17  10  18  17  29  36  9
  27  18  17  19  16  19  17  10  19  16  47  9
  27  18  18  16  16  18  18  22   5  22  45  9
  27  18  18  16  18  16  18  11  29   5  49  9
  27  24  24  24  22   5  24  37  22  22  44 11
  28   1  39  21  20  21  19  21  20   8  52 10
  28  20  21  20  21  20  20   8  21  20  51 10
  28  20  21  21  20   8  20  21  31  20  40 10
  28  20  22  19   9  32  20   9  19  32  40 10
  28  20  22  19  19  22  20   9  19  22  50 10
  28  21  20   8  33  20   8  32   9  31  40 10
  28  21  21   7  21  31  21  20  20   9  51 10
  28  21  21   7  21  32  20   8  32  20  40 10
  28  21  21   7  32  21  20   8  21  31  40 10
  28  21  21  18  10  32  20   8  21  31  40 10
  28  21  21  19   9  31  21   9  19  32  40 10
  28  21  21  19   9  31  21  20   8  21  51 10
  28  21  21  20   8  30  21  21  10  18  52 10
  28  22  19   9  32  19   9  32  20   8  52 10
  28  22  19  19  22   9  19  32  20   8  52 10
  28  22  19  19  22  19   9  22  30   8  52 10
  28  22  20  19  19  20  22   9  19  22  50 10
  29   0  39  20  22  20  19  20  21   8  52 10
  29  19  10  31  21  20  19  21   8  21  51 10
  29  19  20  21  21  20   9  31   8  21  51 10
  29  19  22  19  19  22  19  10  19  22  50 10
  29  21   8  31  21  18  21  21   8  21  51 10
  29  21  18  11  31  18  21  21   8  21  51 10
  29  21  18  21  21   8  31  21   8  21  51 10
  29  21  18  21  21  18  11  31   8  21  51 10
  29  21  18  21  21  18  21  11  18  21  51 10
  29  21  20   9  29  20  21  21   8  21  51 10
  29  22   7  39  24  22  22  22   7  37  44 11
  29  22  22  24  24  22  22   7  22  37  44 11
  29  22  24  22  22  24  22   7  22  37  44 11
  29  24  20  24  24   5  39  22   7  37  44 11
  29  26   3  39  24  18  26  22   7  37  44 11
  29  26  16  26  24   5  39  22   7  37  44 11
  29  26  20  20  26  20  20  26   9  20  59 11
  30  18  20  21  21  20  18  12  18  21  51 10
  30  19  19  11  19  32   6  34  20  20  40 10
  30  19  19  11  31  19  19  11  19  32  40 10
  30  19  19  11  31  20  19  19  11  19  52 10
  30  19  19  22   8  30  11  19  32  20  40 10
  30  19  19  22   8  30  22   8  32   9  51 10
  30  19  19  22   8  32   9  29  22   8  52 10
  30  19  19  22   8  32  19  19  12  18  52 10
  30  19  19  22  19  19  11  19  32   9  51 10
  30  19  21  19  19  11  29  11  19  32  40 10
  30  20  18  21  21   9  29  21   9  21  51 10
  30  20  18  21  21  18  20  12  18  21  51 10
  30  20  19  19  20  11  19  20  32  20  40 10
  30  20  19  20  11  28  20  10  20  32  40 10
  30  20  20  19  20  19  20  11  20  19  52 10
  30  23  23  23  22   8  23  35  11  33  44 11
  30  23  23  23  22   8  23  35  22  11  55 11
  30  25  21  21  13  33   9  21  36  22  44 11
  31  22  23  22  23  22   9  22  23  34  44 11
  31  22  23  22  23  22   9  22  35  10  56 11
  31  23   8  37  21  23  22   9  35  10  56 11
  31  23  21  23  23  21  23  10  21  23  56 11
  31  23  23   8  23  34  23  22   9  35  44 11
  31  23  23  21  21  23  23  10  21  23  56 11
  31  24   7  36  12  31  24  22   9  35  44 11
  31  24   7  36  23  20  24  11  20  35  44 11
  31  24   7  36  23  20  24  22   9  24  55 11
  31  24  19  24  12  19  36  22   9  35  44 11
  31  24  19  24  23   8  36  11  20  35  44 11
  31  24  19  24  23   8  36  22   9  24  55 11
  31  24  21  10  35  21  21  24  10  21  57 11
  31  24  21  21  24  21  10  35  10  21  57 11
  31  24  22  21  12  31  22  24   9  22  57 11
  31  24  22  21  21  22  13  33   9  22  57 11
  31  25  25  25  25  25  24   7  25  40  48 12
  31  30  30  24   7  47  26  26   9  43  52 13
  32  21  23  22  22  23   9  35   9  23  56 11
  32  32   0  53  25  26  13  40  26  25  53 13
  32  32   0  53  25  27  12  39  27  25  53 13
  32  32   0  53  26  25  13  40  25  26  53 13
  32  32   0  53  26  26  12  39  26  26  53 13
  33  18  22  24  24  22  18  24   9  24  57 11
  33  20  13  32   8  37  20  24   9  35  44 11
  33  20  13  32  20  25   8  36   9  35  44 11
  33  20  20  20  13  20  39  22  22  22  44 11
  33  20  20  22  26  22  20  20  13  20  59 11
  33  20  20  25  20  25  20  20  13  20  59 11
  33  20  23  23  20  13  20  33  24   9  57 11
  33  20  23  23  20  23  10  23  34   9  57 11
  33  21  21  12  21  35  21  21  24   9  57 11
  33  21  21  21  12  21  36  22  11  33  44 11
  33  21  21  21  12  21  36  22  22  11  55 11
  33  21  21  23  23  21  21  12  21  23  56 11
  33  21  23  21  21  23  21  12  21  23  56 11
  33  22  11  32  21  22  22  11  22  35  44 11
  33  22  18  24  24  18  22  24   9  24  57 11
  33  22  20  20  22  22  11  22  37  22  44 11
  33  22  20  20  26  20  20  22  13  20  59 11
  33  22  21  12  31  21  12  35   8  36  44 11
  33  22  21  21  13  30  12  21  36  22  44 11
  33  22  21  21  22  12  21  35   8  36  44 11
  33  22  21  22  21  12  32  11  22  35  44 11
  33  22  21  22  21  22  12  21  22  35  44 11
  33  22  22  21  12  31  22  22  11  22  57 11
  33  22  22  21  21  13  31  22  11  22  57 11
  33  22  22  21  21  22  13  31  11  22  57 11
  33  25  25  25   8  40  10  38  12  36  48 12
  33  25  25  25  24   9  25  25  37  24  48 12
  33  28  26  28  28  26   7  45   9  43  52 13
  33  28  28  28   5  28  45  26  26  26  52 13
  34   0  49  23  26  24  10  36  26  23  49 12
  34   0  49  25  24  24  10  36  24  25  49 12
  34  24  10  39  25  24  24  24  10  25  61 12
  34  24  24  25  25  24  24  10  24  25  61 12
  34  24  25  24  24  25  24  10  24  25  61 12
  34  25   9  39  25  23  25  24  10  25  61 12
  34  25  23  25  25   9  39  11  23  38  48 12
  34  25  23  25  25   9  39  24  10  25  61 12
  34  25  25   9  37  25  25  24  10  25  61 12
  34  26   8  39  25   9  39  24  10  38  48 12
  34  27  27  27  27  27   7  27  44  26  52 13
  35  24  32  24  24  11  45  26   9  43  52 13
  35  26  26  28   7  47  26  26   9  43  52 13
  35  26  30  24  24  26  30  26   9  26  69 13
  35  28  28  25  10  43  13  39  11  41  52 13
  35  28  28  25  10  43  26  26  11  28  65 13
  35  30  26  24  24  26  26  30   9  26  69 13
  36  20  25  25  25  25  20  25  11  25  63 12
  36  22  25  25  22  25  11  36  14  22  62 12
  36  23  23  23  13  38   8  28  36  24  48 12
  36  23  23  23  13  38   8  40  24  12  60 12
  36  23  23  23  23  23  13  23  41  24  48 12
  36  24  12  35  24  23  24  24  12  24  62 12
  36  24  23  23  23  14  23  23  39  24  48 12
  36  24  23  24  23  24  13  23  38   9  63 12
  36  24  23  24  24  12  35  24  12  24  62 12
  36  24  23  24  24  23  13  35  12  24  62 12
  36  24  23  24  24  23  24  13  23  24  62 12
  36  24  24  23  23  24  24  13  23  24  62 12
  36  27  27  27   9  27  42  26  13  39  52 13
  36  27  27  27   9  43  11  27  40  26  52 13
  36  27  27  27   9  43  11  41  26  12  66 13
  36  28  25  28  25  11  42  11  41  12  66 13
  37   0  52  27  25  26  28  26  11  41  52 13
  37   0  52  27  27  24  28  24  13  41  52 13
  37   0  52  27  27  26  24  26  13  41  52 13
  37   0  54  25  25  26  28  26  11  39  54 13
  37   0  54  25  25  28  24  28  11  39  54 13
  37  25  29  25  12  25  42  26  11  41  52 13
  37  26  11  42  27  26  26  11  26  41  52 13
  37  26  26  27  27  26  11  26  26  41  52 13
  37  26  27  10  43  26  11  26  41  26  52 13
  37  26  27  26  11  42  26  11  26  41  52 13
  37  26  28  25  12  39  28  26  11  26  67 13
  37  26  28  25  25  13  41  26  11  26  67 13
  37  27  27  10  27  39  27  27  26  11  67 13
  37  27  27  23  14  40  27  10  42  12  66 13
  37  37   0  60  30  30  14  47  30  30  60 15
  37  37   0  60  30  31  13  46  31  30  60 15
  37  37   0  60  31  29  14  47  29  31  60 15
  37  37   0  60  31  30  13  46  30  31  60 15
  38  27  23  27  27  27  11  27  40  10  68 13
  38  30  30  27  11  46  28  13  27  44  56 14
  39  25  25  25  14  25  42  25  27  12  66 13
  39  25  25  25  14  41   9  43  12  40  52 13
  39  26  24  24  26  24  15  43   7  45  52 13
  39  26  24  26  26  24  26  26  13  26  69 13
  39  26  25  25  15  35  15  41   9  43  52 13
  39  26  25  25  25  15  25  41   9  43  52 13
  39  26  25  25  26  25  14  41  10  29  65 13
  39  26  25  25  26  26  13  26  26  41  52 13
  39  26  25  26  25  14  37  14  41  10  68 13
  39  26  26  24  24  26  26  26  13  26  69 13
  39  29  28  29  29  28  11  45  12  29  71 14
  39  29  29  29  10  29  45  13  43  28  56 14
  39  31  27  27  27  31  12  27  31  42  56 14
  39  31  28  27  27  16  39  31  12  27  73 14
  39  31  28  27  27  27  17  42  12  27  73 14
  40   0  57  27  29  27  30  27  29  11  73 14
  40   0  58  26  29  26  31  27  29  11  73 14
  40  27  31  27  27  13  45  13  27  44  56 14
  40  28  12  45  28  29  28  28  12  28  72 14
  40  28  28  29  28  29  28  12  28  28  72 14
  40  28  29  28  28  12  45  28  12  28  72 14
  40  29  29  11  43  29  29  11  29  44  56 14
  40  29  29  25  15  43  29  11  29  44  56 14
  40  30  25  30  15  40  30  10  30  44  56 14
  42  25  29  29  29  13  41  13  29  44  56 14
  42  25  29  29  29  25  17  25  29  44  56 14
  42  25  30  12  43  30  12  44  11  45  56 14
  42  28  27  27  28  28  14  28  44  11  73 14
  42  28  27  28  27  28  28  14  28  28  72 14
  42  28  28  27  27  16  39  28  15  27  73 14
  42  28  28  27  27  27  17  39  15  27  73 14
  42  30  31  31  31  30  30  12  31  31  76 15
  42  31  30  31  31  30  12  31  30  47  60 15
  42  31  31  31  11  31  31  47  30  30  60 15
  42  31  31  31  11  31  48  30  30  13  77 15
  42  33  29  29  29  33  13  29  48  14  76 15
  42  33  33  33  33  33  33  32  10  33  85 16
  43  29  31  31  31  29  31  12  31  31  76 15
  43  29  33  29  29  14  48  30  13  30  77 15
  43  30  13  48  12  49  30  30  13  47  60 15
  43  30  30  31  12  49  30  13  30  47  60 15
  43  30  30  31  12  49  30  30  13  30  77 15
  43  30  30  31  30  31  12  48  13  30  77 15
  43  31  31  27  31  31  31  12  31  31  76 15
  43  36  36  36  36  34   9  36  57  34  68 17
  45  26  26  36   9  53  26  34  11  49  60 15
  45  28  28  33  12  49  28  17  28  47  60 15
  45  28  28  33  12  49  28  32  13  32  75 15
  45  29  29  16  46  29  29  29  16  29  78 15
  45  29  29  29  16  29  29  49  30  30  60 15
  45  29  29  29  33  29  29  16  29  29  78 15
  45  29  31  29  29  16  44  29  16  29  78 15
  45  29  31  29  29  29  31  16  29  29  78 15
  45  30  29  29  30  29  16  30  29  48  60 15
  45  30  30  29  29  29  30  17  29  29  78 15
  45  33  32  33  32  33  32  13  33  32  82 16
  45  34  40  32  32  32  40  34  13  32  91 17
  45  35  35  35  35  35  35  10  35  57  68 17
  45  40  34  32  32  32  34  40  13  32  91 17
  46   0  63  33  33  33  30  33  33  13  83 16
  46  31  33  33  33  13  51  13  33  50  64 16
  46  31  34  31  34  12  34  50  32  14  82 16
  46  61  61  46   0  96  48  49  49  48  96 24
  46  61  61  46   0  96  50  47  47  50  96 24
  46  61  61  46   0  98  46  49  49  46  98 24
  46  61  61  46   0  98  48  47  47  48  98 24
  47  32  40  32  32  32  40  32  15  32  91 17
  47  35  35  35  35  34  13  55  15  35  86 17
  48  30  30  35  13  52  13  51  14  50  64 16
  48  31  31  31  17  31  51  11  53  32  64 16
  48  31  31  31  17  50  12  50  34  14  82 16
  48  31  31  31  31  31  31  17  31  54  64 16
  48  31  31  34  14  48  31  17  50  12  84 16
  48  32  31  31  31  31  18  50  12  36  80 16
  48  32  31  31  32  17  31  46  36  12  84 16
  48  32  31  31  32  31  17  32  50  12  84 16
  48  32  31  32  31  32  31  17  32  31  83 16
  48  34  35  35  35  34  14  34  35  53  68 17
  48  34  37  33  33  16  54  34  15  33  88 17
  48  35  13  56  35  34  14  54  15  53  68 17
  48  35  35  35  13  35  53  35  34  14  88 17
  48  35  35  35  13  53  17  53  34  14  88 17
  48  35  35  35  31  17  35  53  34  14  88 17
  49  33  37  33  33  16  54  33  16  33  88 17
  49  33  37  33  33  33  37  16  33  33  88 17
  49  35  35  14  51  35  35  35  14  35  87 17
  49  40  40  40  40   9  40  65  38  38  76 19
  49  49   0  82  40  38  41  41  20  58  82 20
  49  49   0  82  40  38  41  41  38  22 100 20
  49  49   0  82  40  40  39  39  22  58  82 20
  49  49   0  82  40  40  39  39  40  22 100 20
  50  37  37  37  37  36  14  37  57  17  91 18
  50  40  35  35  35  20  55  15  35  58  72 18
  51  31  35  35  35  31  35  16  35  35  86 17
  51  32  32  32  32  19  32  59  34  34  68 17
  51  32  32  32  40  32  32  32  19  32  91 17
  51  32  36  32  32  32  36  32  19  32  91 17
  51  33  33  33  33  18  33  55  34  17  85 17
  51  34  33  33  33  34  18  33  34  54  68 17
  51  34  34  32  32  32  34  34  19  32  91 17
  52  38  33  38  33  38  38  14  38  38  90 18
  53  39  39  39  39  38  15  39  39  59  76 19
  54  34  20  53  34  39  34  34  20  34  94 18
  54  34  34  39  34  39  34  20  34  34  94 18
  54  36  35  35  35  20  51  19  35  58  72 18
  54  36  35  35  35  36  19  35  57  14  94 18
  54  37  42  37  37  17  61  38  17  37  98 19
  55  40  15  60  35  40  40  15  40  59  76 19
  55  40  35  40  35  20  60  15  40  59  76 19
  55  42  44  44  44  44  42  42  13  44 111 21
  55  50  40  40  40  40  50  15  40  71  84 21
  56  41  41  41  41  15  41  64  40  19 101 20
  56  41  41  41  41  15  65  17  41  62  80 20
  57  38  37  37  37  37  21  37  37  61  76 19
  57  40  44  44  44  44  40  44  13  44 111 21
  59  43  43  43  43  16  43  67  19  65  84 21
  59  46  41  41  41  41  46  18  41  46 105 21
  59  59   0  96  50  48  47  23  72  50  96 24
  59  59   0  96  50  48  47  47  24  74  96 24
  59  59   0  97  49  48  47  47  24  73  97 24
  59  59   0  98  46  48  49  49  48  22 122 24
  59  59   0  98  46  50  47  47  50  22 122 24
  59  59   0  98  48  48  47  23  72  48  98 24
  60  40  39  39  39  39  22  39  63  15 105 20
  62  45  45  45  45  17  45  45  69  44  88 22
  63  38  43  43  43  43  20  61  20  43 108 21
  63  38  43  43  43  43  38  25  38  43 108 21
  63  42  40  40  40  40  42  23  40  71  84 21
  63  42  41  41  42  41  22  61  22  41 109 21
  65  52  52  52  52  52  13  87  17  83 100 25
  66  40  45  45  21  69  16  72  18  70  88 22
  66  43  43  43  23  63  23  43  71  44  88 22
  66  43  43  43  43  23  43  43  71  44  88 22
  69  44  44  49  20  73  44  44  25  44 119 23
  69  44  44  49  44  49  20  68  25  44 119 23
  69  45  45  45  24  45  66  52  17  75  92 23
  69  45  45  45  24  66  24  73  17  75  92 23
  69  45  45  45  45  24  45  73  17  75  92 23
  69  47  49  49  49  49  20  76  20  49 123 24
  69  69   0 112  26  86  57  57  56  56 112 28
  69  69   0 112  26  88  55  55  58  56 112 28
  69  69   0 112  56  58  55  25  88  56 112 28
  69  69   0 112  58  54  57  57  24  88 112 28
  69  69   0 113  55  56  57  57  56  25 143 28
  69  69   0 113  55  58  55  55  58  25 143 28
  69  69   0 114  24  86  57  57  56  54 114 28
  69  69   0 114  24  88  55  55  58  54 114 28
  69  69   0 114  53  57  57  57  56  25 143 28
  69  69   0 114  53  59  55  55  58  25 143 28
  69  69   0 114  54  58  55  25  88  54 114 28
  71  50  51  51  51  51  50  21  50  51 128 25
  73  57  51  51  51  51  28  80  22  51 135 26
  75  38  58  48  48  58  17  83  13  87 100 25
  75  42  52  52  42  62  13  87  17  83 100 25
  75  44  54  49  49  54  21  54  44  81 100 25
  75  44  54  49  49  54  21  79  19  56 125 25
  75  46  51  51  46  56  19  56  46  79 100 25
  75  46  51  51  46  56  19  81  21  54 125 25
  75  48  48  48  48  48  27  83  13  87 100 25
  75  49  49  49  49  49  26  79  19  56 125 25
  75  50  49  49  49  49  50  26  49  50 129 25
  76  55  55  55  55  55  54  22  55  55 138 27
  77  68  56  56  56  56  56  68  21  56 155 29
  78  52  51  51  51  51  28  75  27  51 135 26
  79  57  57  57  57  57  22  90  24  57 143 28
  79  77   2 128  66  64  63  63  30 100 128 32
  79  79   0 127  67  62  65  65  62  31 163 32
  79  79   0 127  67  64  63  63  64  31 163 32
  81  54  53  53  53  53  53  29  53  53 140 27
  81  55  57  57  55  59  22  90  24  57 143 28
  82  59  59  59  59  59  23  59  92  26 148 29
  83  60  60  55  28  87  60  60  23  60 149 29
  85  61  61  61  61  61  24  61  61  94 120 30
  85  66  66  56  56  66  66  66  19  66 163 31
  87  52  62  57  57  62  25  89  25  62 147 29
  87  58  56  56  56  56  56  58  31  56 155 29
  88  63  63  63  25 101  62  26  63  97 124 31
  90  59  59  59  31  87  59  31  59  96 120 30
  90  59  59  59  59  31  87  31  59  96 120 30
  90  59  59  59  59  59  31  59  59  96 120 30
  91  65  65  65  26 104  26 102  28 100 128 32
  93  58  63  63  58  68  25  96  30  63 158 31
  93  61  61  61  61  32  61  90  69  24 162 31
  93  61  61  61  61  61  32  61  98  24 162 31
  94  67  67  67  27 107  27  67 104  66 132 33
 111  79  79  79  79  79  79  32  79  79 200 39
 115  88  88  88  88  88  88  88  27  88 229 43
 117  77  77  77  77  77  40 114  40  77 202 39
 117  77  77  77  77  77  77  40  77  77 202 39
 120  85  85  85  35 135  85  35  85 132 168 42
 120  85  85  85  85  35 135  35  85 132 168 42
 123  80  80  80  80  80  80  80  43  80 219 41
 123  87  87  87  36  87 138  86  37 135 172 43
 149 105 105 105 105 105  44 166  44 105 267 52
 152 107 107 107 107  45 107 169 106  46 272 53
 214 107 107 214   0 288 144 147 147 144 288 72
 214 107 107 214   0 288 150 141 141 150 288 72
 214 107 107 214   0 294 138 147 147 138 294 72
 214 107 107 214   0 294 144 141 141 144 294 72

0 extreme rays of recession cone:

53 support hyperplanes of polyhedron (homogenized):
 -7 -7 -7 -7  5  5  5  5  5  5  5 -17
 -5 -5 -5 -5 -5 -5  7  7  7  7  7 -19
 -5  1  1  1  1  1  1  1  1  1  1  -7
 -3 -3  1  1  1  1  1  1  1  1  1  -5
 -2 -2 -2  1  1  1  1  1  1  1  1  -4
 -1 -1 -1 -1 -1 -1 -1 -1 -1 -1 11 -23
 -1 -1 -1 -1 -1 -1 -1 -1 -1  5  5 -11
 -1 -1 -1 -1 -1 -1 -1 -1  3  3  3  -7
 -1 -1 -1 -1 -1 -1 -1  2  2  2  2  -5
 -1 -1 -1 -1 -1  1  1  1  1  1  1  -3
 -1 -1 -1 -1  0  1  1  1  1  1  0   0
 -1 -1 -1 -1  1  1  1  1  1  0  0   0
 -1 -1 -1  0  0  0  1  1  1  1  0   0
 -1 -1 -1  0  0  1  1  1  1  0  0   0
 -1 -1 -1  0  1  1  1  1  0  0  0   0
 -1 -1 -1  1  1  1  1  0  0  0  0   0
 -1 -1  0  0  0  0  0  1  1  1  0   0
 -1 -1  0  0  0  0  1  1  1  0  0   0
 -1 -1  0  0  0  1  1  1  0  0  0   0
 -1 -1  0  0  1  1  1  0  0  0  0   0
 -1 -1  0  1  1  1  0  0  0  0  0   0
 -1 -1  1  1  1  0  0  0  0  0  0   0
 -1  0  0  0  0  0  0  0  1  1  0   0
 -1  0  0  0  0  0  0  1  1  0  0   0
 -1  0  0  0  0  0  1  1  0  0  0   0
 -1  0  0  0  0  1  1  0  0  0  0   0
 -1  0  0  0  1  1  0  0  0  0  0   0
 -1  0  0  1  1  0  0  0  0  0  0   0
 -1  0  1  1  0  0  0  0  0  0  0   0
 -1  1  1  0  0  0  0  0  0  0  0   0
  0 -1 -1 -1 -1 -1  1  1  1  1  1   0
  0 -1 -1 -1 -1  0  0  1  1  1  1   0
  0 -1 -1 -1  0  0  0  0  1  1  1   0
  0 -1 -1  0  0  0  0  0  0  1  1   0
  0 -1  0  0  0  0  0  0  0  0  1   0
  0  0 -1 -1 -1 -1  0  1  1  1  1   0
  0  0 -1 -1 -1  0  0  0  1  1  1   0
  0  0 -1 -1  0  0  0  0  0  1  1   0
  0  0 -1  0  0  0  0  0  0  0  1   0
  0  0  0 -1 -1 -1 -1  1  1  1  1   0
  0  0  0 -1 -1 -1  0  0  1  1  1   0
  0  0  0 -1 -1  0  0  0  0  1  1   0
  0  0  0 -1  0  0  0  0  0  0  1   0
  0  0  0  0 -1 -1 -1  0  1  1  1   0
  0  0  0  0 -1 -1  0  0  0  1  1   0
  0  0  0  0 -1  0  0  0  0  0  1   0
  0  0  0  0  0 -1 -1 -1  1  1  1   0
  0  0  0  0  0 -1 -1  0  0  1  1   0
  0  0  0  0  0 -1  0  0  0  0  1   0
  0  0  0  0  1  0  0  0  0  0  0   0
  0  0  0  1  0  0  0  0  0  0  0   0
  0  0  1  0  0  0  0  0  0  0  0   0
  0  1  0  0  0  0  0  0  0  0  0   0

2 equations:
 1 0 -1 -2 -3 -4 -5 -6 -7 -8 -9  109
 0 1  2  3  4  5  6  7  8  9 10 -134

10 basis elements of generated  lattice:
 1 0 0 0 0 0 0 0 0 -10   9 0
 0 1 0 0 0 0 0 0 0  -9   8 0
 0 0 1 0 0 0 0 0 0  -8   7 0
 0 0 0 1 0 0 0 0 0  -7   6 0
 0 0 0 0 1 0 0 0 0  -6   5 0
 0 0 0 0 0 1 0 0 0  -5   4 0
 0 0 0 0 0 0 1 0 0  -4   3 0
 0 0 0 0 0 0 0 1 0  -3   2 0
 0 0 0 0 0 0 0 0 1  -2   1 0
 0 0 0 0 0 0 0 0 0 116 -91 1

