221 lattice points in polytope (module generators)
0 Hilbert basis elements of recession monoid
2298 vertices of polyhedron
0 extreme rays of recession cone
44 support hyperplanes of polyhedron (homogenized)

embedding dimension = 12
affine dimension of the polyhedron = 9
rank of recession monoid = 0 (polyhedron is polytope)

dehomogenization:
0 0 0 0 0 0 0 0 0 0 0 1 


module rank = 221

***********************************************************************

221 lattice points in polytope (module generators):
 0 0 2 2 1 1 1 1 1 1 3 1
 0 0 3 0 2 1 1 1 1 1 3 1
 0 0 3 1 0 2 1 1 1 1 3 1
 0 0 3 1 1 0 2 1 1 1 3 1
 0 0 3 1 1 1 0 2 1 1 3 1
 0 0 3 1 1 1 1 0 2 1 3 1
 0 0 3 1 1 1 1 1 0 2 3 1
 0 0 3 1 1 1 1 1 1 0 4 1
 0 1 0 3 1 1 1 1 1 1 3 1
 0 1 1 1 2 1 1 1 1 1 3 1
 0 1 1 2 0 2 1 1 1 1 3 1
 0 1 1 2 1 0 2 1 1 1 3 1
 0 1 1 2 1 1 0 2 1 1 3 1
 0 1 1 2 1 1 1 0 2 1 3 1
 0 1 1 2 1 1 1 1 0 2 3 1
 0 1 1 2 1 1 1 1 1 0 4 1
 0 1 2 0 1 2 1 1 1 1 3 1
 0 1 2 0 2 0 2 1 1 1 3 1
 0 1 2 0 2 1 0 2 1 1 3 1
 0 1 2 0 2 1 1 0 2 1 3 1
 0 1 2 0 2 1 1 1 0 2 3 1
 0 1 2 0 2 1 1 1 1 0 4 1
 0 1 2 1 0 1 2 1 1 1 3 1
 0 1 2 1 0 2 0 2 1 1 3 1
 0 1 2 1 0 2 1 0 2 1 3 1
 0 1 2 1 0 2 1 1 0 2 3 1
 0 1 2 1 0 2 1 1 1 0 4 1
 0 1 2 1 1 0 1 2 1 1 3 1
 0 1 2 1 1 0 2 0 2 1 3 1
 0 1 2 1 1 0 2 1 0 2 3 1
 0 1 2 1 1 0 2 1 1 0 4 1
 0 1 2 1 1 1 0 1 2 1 3 1
 0 1 2 1 1 1 0 2 0 2 3 1
 0 1 2 1 1 1 0 2 1 0 4 1
 0 1 2 1 1 1 1 0 1 2 3 1
 0 1 2 1 1 1 1 0 2 0 4 1
 0 1 2 1 1 1 1 1 0 1 4 1
 0 2 0 0 3 1 1 1 1 1 3 1
 0 2 0 1 1 2 1 1 1 1 3 1
 0 2 0 1 2 0 2 1 1 1 3 1
 0 2 0 1 2 1 0 2 1 1 3 1
 0 2 0 1 2 1 1 0 2 1 3 1
 0 2 0 1 2 1 1 1 0 2 3 1
 0 2 0 1 2 1 1 1 1 0 4 1
 0 2 0 2 0 1 2 1 1 1 3 1
 0 2 0 2 0 2 0 2 1 1 3 1
 0 2 0 2 0 2 1 0 2 1 3 1
 0 2 0 2 0 2 1 1 0 2 3 1
 0 2 0 2 0 2 1 1 1 0 4 1
 0 2 0 2 1 0 1 2 1 1 3 1
 0 2 0 2 1 0 2 0 2 1 3 1
 0 2 0 2 1 0 2 1 0 2 3 1
 0 2 0 2 1 0 2 1 1 0 4 1
 0 2 0 2 1 1 0 1 2 1 3 1
 0 2 0 2 1 1 0 2 0 2 3 1
 0 2 0 2 1 1 0 2 1 0 4 1
 0 2 0 2 1 1 1 0 1 2 3 1
 0 2 0 2 1 1 1 0 2 0 4 1
 0 2 0 2 1 1 1 1 0 1 4 1
 0 2 1 0 1 1 2 1 1 1 3 1
 0 2 1 0 1 2 0 2 1 1 3 1
 0 2 1 0 1 2 1 0 2 1 3 1
 0 2 1 0 1 2 1 1 0 2 3 1
 0 2 1 0 1 2 1 1 1 0 4 1
 0 2 1 0 2 0 1 2 1 1 3 1
 0 2 1 0 2 0 2 0 2 1 3 1
 0 2 1 0 2 0 2 1 0 2 3 1
 0 2 1 0 2 0 2 1 1 0 4 1
 0 2 1 0 2 1 0 1 2 1 3 1
 0 2 1 0 2 1 0 2 0 2 3 1
 0 2 1 0 2 1 0 2 1 0 4 1
 0 2 1 0 2 1 1 0 1 2 3 1
 0 2 1 0 2 1 1 0 2 0 4 1
 0 2 1 0 2 1 1 1 0 1 4 1
 0 2 1 1 0 1 1 2 1 1 3 1
 0 2 1 1 0 1 2 0 2 1 3 1
 0 2 1 1 0 1 2 1 0 2 3 1
 0 2 1 1 0 1 2 1 1 0 4 1
 0 2 1 1 0 2 0 1 2 1 3 1
 0 2 1 1 0 2 0 2 0 2 3 1
 0 2 1 1 0 2 0 2 1 0 4 1
 0 2 1 1 0 2 1 0 1 2 3 1
 0 2 1 1 0 2 1 0 2 0 4 1
 0 2 1 1 0 2 1 1 0 1 4 1
 0 2 1 1 1 0 1 1 2 1 3 1
 0 2 1 1 1 0 1 2 0 2 3 1
 0 2 1 1 1 0 1 2 1 0 4 1
 0 2 1 1 1 0 2 0 1 2 3 1
 0 2 1 1 1 0 2 0 2 0 4 1
 0 2 1 1 1 0 2 1 0 1 4 1
 0 2 1 1 1 1 0 1 1 2 3 1
 0 2 1 1 1 1 0 1 2 0 4 1
 0 2 1 1 1 1 0 2 0 1 4 1
 0 2 1 1 1 1 1 0 1 1 4 1
 1 0 1 0 3 1 1 1 1 1 3 1
 1 0 1 1 1 2 1 1 1 1 3 1
 1 0 1 1 2 0 2 1 1 1 3 1
 1 0 1 1 2 1 0 2 1 1 3 1
 1 0 1 1 2 1 1 0 2 1 3 1
 1 0 1 1 2 1 1 1 0 2 3 1
 1 0 1 1 2 1 1 1 1 0 4 1
 1 0 1 2 0 1 2 1 1 1 3 1
 1 0 1 2 0 2 0 2 1 1 3 1
 1 0 1 2 0 2 1 0 2 1 3 1
 1 0 1 2 0 2 1 1 0 2 3 1
 1 0 1 2 0 2 1 1 1 0 4 1
 1 0 1 2 1 0 1 2 1 1 3 1
 1 0 1 2 1 0 2 0 2 1 3 1
 1 0 1 2 1 0 2 1 0 2 3 1
 1 0 1 2 1 0 2 1 1 0 4 1
 1 0 1 2 1 1 0 1 2 1 3 1
 1 0 1 2 1 1 0 2 0 2 3 1
 1 0 1 2 1 1 0 2 1 0 4 1
 1 0 1 2 1 1 1 0 1 2 3 1
 1 0 1 2 1 1 1 0 2 0 4 1
 1 0 1 2 1 1 1 1 0 1 4 1
 1 0 2 0 1 1 2 1 1 1 3 1
 1 0 2 0 1 2 0 2 1 1 3 1
 1 0 2 0 1 2 1 0 2 1 3 1
 1 0 2 0 1 2 1 1 0 2 3 1
 1 0 2 0 1 2 1 1 1 0 4 1
 1 0 2 0 2 0 1 2 1 1 3 1
 1 0 2 0 2 0 2 0 2 1 3 1
 1 0 2 0 2 0 2 1 0 2 3 1
 1 0 2 0 2 0 2 1 1 0 4 1
 1 0 2 0 2 1 0 1 2 1 3 1
 1 0 2 0 2 1 0 2 0 2 3 1
 1 0 2 0 2 1 0 2 1 0 4 1
 1 0 2 0 2 1 1 0 1 2 3 1
 1 0 2 0 2 1 1 0 2 0 4 1
 1 0 2 0 2 1 1 1 0 1 4 1
 1 0 2 1 0 1 1 2 1 1 3 1
 1 0 2 1 0 1 2 0 2 1 3 1
 1 0 2 1 0 1 2 1 0 2 3 1
 1 0 2 1 0 1 2 1 1 0 4 1
 1 0 2 1 0 2 0 1 2 1 3 1
 1 0 2 1 0 2 0 2 0 2 3 1
 1 0 2 1 0 2 0 2 1 0 4 1
 1 0 2 1 0 2 1 0 1 2 3 1
 1 0 2 1 0 2 1 0 2 0 4 1
 1 0 2 1 0 2 1 1 0 1 4 1
 1 0 2 1 1 0 1 1 2 1 3 1
 1 0 2 1 1 0 1 2 0 2 3 1
 1 0 2 1 1 0 1 2 1 0 4 1
 1 0 2 1 1 0 2 0 1 2 3 1
 1 0 2 1 1 0 2 0 2 0 4 1
 1 0 2 1 1 0 2 1 0 1 4 1
 1 0 2 1 1 1 0 1 1 2 3 1
 1 0 2 1 1 1 0 1 2 0 4 1
 1 0 2 1 1 1 0 2 0 1 4 1
 1 0 2 1 1 1 1 0 1 1 4 1
 1 1 0 1 1 1 2 1 1 1 3 1
 1 1 0 1 1 2 0 2 1 1 3 1
 1 1 0 1 1 2 1 0 2 1 3 1
 1 1 0 1 1 2 1 1 0 2 3 1
 1 1 0 1 1 2 1 1 1 0 4 1
 1 1 0 1 2 0 1 2 1 1 3 1
 1 1 0 1 2 0 2 0 2 1 3 1
 1 1 0 1 2 0 2 1 0 2 3 1
 1 1 0 1 2 0 2 1 1 0 4 1
 1 1 0 1 2 1 0 1 2 1 3 1
 1 1 0 1 2 1 0 2 0 2 3 1
 1 1 0 1 2 1 0 2 1 0 4 1
 1 1 0 1 2 1 1 0 1 2 3 1
 1 1 0 1 2 1 1 0 2 0 4 1
 1 1 0 1 2 1 1 1 0 1 4 1
 1 1 0 2 0 1 1 2 1 1 3 1
 1 1 0 2 0 1 2 0 2 1 3 1
 1 1 0 2 0 1 2 1 0 2 3 1
 1 1 0 2 0 1 2 1 1 0 4 1
 1 1 0 2 0 2 0 1 2 1 3 1
 1 1 0 2 0 2 0 2 0 2 3 1
 1 1 0 2 0 2 0 2 1 0 4 1
 1 1 0 2 0 2 1 0 1 2 3 1
 1 1 0 2 0 2 1 0 2 0 4 1
 1 1 0 2 0 2 1 1 0 1 4 1
 1 1 0 2 1 0 1 1 2 1 3 1
 1 1 0 2 1 0 1 2 0 2 3 1
 1 1 0 2 1 0 1 2 1 0 4 1
 1 1 0 2 1 0 2 0 1 2 3 1
 1 1 0 2 1 0 2 0 2 0 4 1
 1 1 0 2 1 0 2 1 0 1 4 1
 1 1 0 2 1 1 0 1 1 2 3 1
 1 1 0 2 1 1 0 1 2 0 4 1
 1 1 0 2 1 1 0 2 0 1 4 1
 1 1 0 2 1 1 1 0 1 1 4 1
 1 1 1 0 1 1 1 2 1 1 3 1
 1 1 1 0 1 1 2 0 2 1 3 1
 1 1 1 0 1 1 2 1 0 2 3 1
 1 1 1 0 1 1 2 1 1 0 4 1
 1 1 1 0 1 2 0 1 2 1 3 1
 1 1 1 0 1 2 0 2 0 2 3 1
 1 1 1 0 1 2 0 2 1 0 4 1
 1 1 1 0 1 2 1 0 1 2 3 1
 1 1 1 0 1 2 1 0 2 0 4 1
 1 1 1 0 1 2 1 1 0 1 4 1
 1 1 1 0 2 0 1 1 2 1 3 1
 1 1 1 0 2 0 1 2 0 2 3 1
 1 1 1 0 2 0 1 2 1 0 4 1
 1 1 1 0 2 0 2 0 1 2 3 1
 1 1 1 0 2 0 2 0 2 0 4 1
 1 1 1 0 2 0 2 1 0 1 4 1
 1 1 1 0 2 1 0 1 1 2 3 1
 1 1 1 0 2 1 0 1 2 0 4 1
 1 1 1 0 2 1 0 2 0 1 4 1
 1 1 1 0 2 1 1 0 1 1 4 1
 1 1 1 1 0 1 1 1 2 1 3 1
 1 1 1 1 0 1 1 2 0 2 3 1
 1 1 1 1 0 1 1 2 1 0 4 1
 1 1 1 1 0 1 2 0 1 2 3 1
 1 1 1 1 0 1 2 0 2 0 4 1
 1 1 1 1 0 1 2 1 0 1 4 1
 1 1 1 1 0 2 0 1 1 2 3 1
 1 1 1 1 0 2 0 1 2 0 4 1
 1 1 1 1 0 2 0 2 0 1 4 1
 1 1 1 1 0 2 1 0 1 1 4 1
 1 1 1 1 1 0 1 1 1 2 3 1
 1 1 1 1 1 0 1 1 2 0 4 1
 1 1 1 1 1 0 1 2 0 1 4 1
 1 1 1 1 1 0 2 0 1 1 4 1
 1 1 1 1 1 1 0 1 1 1 4 1

0 Hilbert basis elements of recession monoid:

2298 vertices of polyhedron:
  0  0  2  2  1   1  1   1   1   1   3  1
  0  0  3  0  2   1  1   1   1   1   3  1
  0  0  3  1  0   2  1   1   1   1   3  1
  0  0  3  1  1   0  2   1   1   1   3  1
  0  0  3  1  1   1  0   2   1   1   3  1
  0  0  3  1  1   1  1   0   2   1   3  1
  0  0  3  1  1   1  1   1   0   2   3  1
  0  0  3  1  1   1  1   1   1   0   4  1
  0  1  0  3  1   1  1   1   1   1   3  1
  0  1  2  0  2   0  2   1   1   1   3  1
  0  1  2  0  2   1  0   2   1   1   3  1
  0  1  2  0  2   1  1   0   2   1   3  1
  0  1  2  0  2   1  1   1   0   2   3  1
  0  1  2  0  2   1  1   1   1   0   4  1
  0  1  2  1  0   2  0   2   1   1   3  1
  0  1  2  1  0   2  1   0   2   1   3  1
  0  1  2  1  0   2  1   1   0   2   3  1
  0  1  2  1  0   2  1   1   1   0   4  1
  0  1  2  1  1   0  1   2   1   1   3  1
  0  1  2  1  1   0  2   0   2   1   3  1
  0  1  2  1  1   0  2   1   0   2   3  1
  0  1  2  1  1   0  2   1   1   0   4  1
  0  1  2  1  1   1  0   1   2   1   3  1
  0  1  2  1  1   1  0   2   0   2   3  1
  0  1  2  1  1   1  0   2   1   0   4  1
  0  1  2  1  1   1  1   0   1   2   3  1
  0  1  2  1  1   1  1   0   2   0   4  1
  0  1  2  1  1   1  1   1   0   1   4  1
  0  2  0  0  3   1  1   1   1   1   3  1
  0  2  0  1  1   2  1   1   1   1   3  1
  0  2  0  1  2   0  2   1   1   1   3  1
  0  2  0  1  2   1  0   2   1   1   3  1
  0  2  0  1  2   1  1   0   2   1   3  1
  0  2  0  1  2   1  1   1   0   2   3  1
  0  2  0  1  2   1  1   1   1   0   4  1
  0  2  0  2  0   1  2   1   1   1   3  1
  0  2  0  2  0   2  0   2   1   1   3  1
  0  2  0  2  0   2  1   0   2   1   3  1
  0  2  0  2  0   2  1   1   0   2   3  1
  0  2  0  2  0   2  1   1   1   0   4  1
  0  2  0  2  1   0  1   2   1   1   3  1
  0  2  0  2  1   0  2   0   2   1   3  1
  0  2  0  2  1   0  2   1   0   2   3  1
  0  2  0  2  1   0  2   1   1   0   4  1
  0  2  0  2  1   1  0   1   2   1   3  1
  0  2  0  2  1   1  0   2   0   2   3  1
  0  2  0  2  1   1  0   2   1   0   4  1
  0  2  0  2  1   1  1   0   1   2   3  1
  0  2  0  2  1   1  1   0   2   0   4  1
  0  2  0  2  1   1  1   1   0   1   4  1
  0  2  1  0  1   1  2   1   1   1   3  1
  0  2  1  0  1   2  0   2   1   1   3  1
  0  2  1  0  1   2  1   0   2   1   3  1
  0  2  1  0  1   2  1   1   0   2   3  1
  0  2  1  0  1   2  1   1   1   0   4  1
  0  2  1  0  2   0  1   2   1   1   3  1
  0  2  1  0  2   0  2   0   2   1   3  1
  0  2  1  0  2   0  2   1   0   2   3  1
  0  2  1  0  2   0  2   1   1   0   4  1
  0  2  1  0  2   1  0   1   2   1   3  1
  0  2  1  0  2   1  0   2   0   2   3  1
  0  2  1  0  2   1  0   2   1   0   4  1
  0  2  1  0  2   1  1   0   1   2   3  1
  0  2  1  0  2   1  1   0   2   0   4  1
  0  2  1  0  2   1  1   1   0   1   4  1
  0  2  1  1  0   1  1   2   1   1   3  1
  0  2  1  1  0   1  2   0   2   1   3  1
  0  2  1  1  0   1  2   1   0   2   3  1
  0  2  1  1  0   1  2   1   1   0   4  1
  0  2  1  1  0   2  0   1   2   1   3  1
  0  2  1  1  0   2  0   2   0   2   3  1
  0  2  1  1  0   2  0   2   1   0   4  1
  0  2  1  1  0   2  1   0   1   2   3  1
  0  2  1  1  0   2  1   0   2   0   4  1
  0  2  1  1  0   2  1   1   0   1   4  1
  0  2  1  1  1   0  1   1   2   1   3  1
  0  2  1  1  1   0  1   2   0   2   3  1
  0  2  1  1  1   0  1   2   1   0   4  1
  0  2  1  1  1   0  2   0   1   2   3  1
  0  2  1  1  1   0  2   0   2   0   4  1
  0  2  1  1  1   0  2   1   0   1   4  1
  0  2  1  1  1   1  0   1   1   2   3  1
  0  2  1  1  1   1  0   1   2   0   4  1
  0  2  1  1  1   1  0   2   0   1   4  1
  0  2  1  1  1   1  1   0   1   1   4  1
  0  3  0  5  0   4  2   2   2   2   6  2
  0  3  0  5  2   0  4   2   2   2   6  2
  0  3  0  5  2   2  0   4   2   2   6  2
  0  3  0  5  2   2  2   0   4   2   6  2
  0  3  0  5  2   2  2   2   0   4   6  2
  0  3  0  5  2   2  2   2   2   0   8  2
  0  3  2  3  2   2  1   0   5   2   6  2
  0  3  3  1  3   2  1   0   5   2   6  2
  0  3  3  2  0   1  5   2   2   2   6  2
  0  4  0  4  1   0  5   2   2   2   6  2
  0  4  1  0  3   4  2   2   2   2   6  2
  0  4  1  0  5   0  4   2   2   2   6  2
  0  4  1  0  5   2  0   4   2   2   6  2
  0  4  1  0  5   2  2   0   4   2   6  2
  0  4  1  0  5   2  2   2   0   4   6  2
  0  4  1  0  5   2  2   2   2   0   8  2
  0  4  1  3  0   1  5   2   2   2   6  2
  0  4  1  3  1   3  1   0   5   2   6  2
  0  4  2  1  2   3  1   0   5   2   6  2
  0  4  5  3  1   0  8   3   3   3   9  3
  0  5  3  4  3   3  0   2   7   3   9  3
  0  5  4  0  1   8  3   3   3   3   9  3
  0  5  4  0  5   0  7   3   3   3   9  3
  0  5  4  0  6   3  2   0   7   3   9  3
  0  5  4  2  4   3  0   2   7   3   9  3
  0  5  4  3  2   0  4   6   3   3   9  3
  0  5  4  3  2   0  7   0   6   3   9  3
  0  5  4  3  2   0  7   3   0   6   9  3
  0  5  4  3  2   0  7   3   3   0  12  3
  0  6  0  5  4   2  0   7   3   3   9  3
  0  6  0  6  2   4  2   0   7   3   9  3
  0  6  1  5  1   0  8   3   3   3   9  3
  0  6  2  4  0   6  2   0   7   3   9  3
  0  6  2  4  2   0  4   6   3   3   9  3
  0  6  2  4  2   0  7   0   6   3   9  3
  0  6  2  4  2   0  7   3   0   6   9  3
  0  6  2  4  2   0  7   3   3   0  12  3
  0  6  2  4  2   4  0   2   7   3   9  3
  0  6  3  0  5   4  2   0   7   3   9  3
  0  6  3  2  1   6  2   0   7   3   9  3
  0  6  3  2  3   4  0   2   7   3   9  3
  0  7  0  9  4   3  0   9   4   4  12  4
  0  7  0  9  4   4  3   0   9   4  12  4
  0  7  4  4  5   4  4   4   0   3  17  4
  0  7  4  5  0   8  4   4   3   0  17  4
  0  7  4  5  3   5  4   4   0   3  17  4
  0  7  4  5  4   0  7   0   9   4  12  4
  0  7  4  5  4   4  3   0   5   8  12  4
  0  7  4  5  4   4  3   0   9   0  16  4
  0  7  5  0  7   5  4   3   0   9  12  4
  0  7  5  0  8   3  5   4   3   0  17  4
  0  7  5  3  5   0  7   0   9   4  12  4
  0  7  5  3  5   0  8   4   3   0  17  4
  0  7  5  3  5   3  5   4   0   3  17  4
  0  7  5  3  5   4  3   0   5   8  12  4
  0  7  5  3  5   4  3   0   9   0  16  4
  0  7  5  4  0   7  5   4   3   0  17  4
  0  7  5  4  3   4  5   4   0   3  17  4
  0  8  0  7  5   4  3   5   3   0  17  4
  0  8  0  8  3   5  3   5   3   0  17  4
  0  8  3  0  8   0  9   4   4   4  12  4
  0  8  3  4  5   4  0   8   3   0  17  4
  0  8  3  4  5   4  3   5   0   3  17  4
  0  8  3  5  0   8  3   5   3   0  17  4
  0  8  3  5  3   5  0   8   3   0  17  4
  0  8  3  5  3   5  3   0   5   8  12  4
  0  8  3  5  3   5  3   0   9   0  16  4
  0  8  3  5  3   5  3   5   0   3  17  4
  0  8  4  0  7   4  5   3   0   9  12  4
  0  8  4  0  8   3  4   5   3   0  17  4
  0  8  4  3  4   1  7   0   9   4  12  4
  0  8  4  3  4   5  3   0   5   8  12  4
  0  8  4  3  4   5  3   0   9   0  16  4
  0  8  4  3  5   0  7   5   3   0  17  4
  0  8  4  3  5   3  1   8   3   0  17  4
  0  8  4  3  5   3  4   5   0   3  17  4
  0  8  4  4  0   7  4   5   3   0  17  4
  0  8  4  4  3   1  7   5   3   0  17  4
  0  8  4  4  3   4  1   8   3   0  17  4
  0  8  4  4  3   4  4   5   0   3  17  4
  0  8  5  5  7   5  5   5   3   0  22  5
  0  8  5  7  3   7  5   5   3   0  22  5
  0  8  6  6  5   0  3  12   5   5  15  5
  0  8  7  1  0  14  5   5   5   5  15  5
  0  8  7  3  7   3  7   5   3   0  22  5
  0  8  7  5  3   5  7   5   3   0  22  5
  0  9  0 10  6   5  5   5   4   0  21  5
  0  9  0 11  4   6  5   5   4   0  21  5
  0  9  5  0 11   5  5   4   0  11  15  5
  0  9  5  0 11   5  5   5   4   0  21  5
  0  9  5  5  6   5  5   0   9   0  21  5
  0  9  5  6  4   6  5   0   9   0  21  5
  0  9  5  6  5   4  0   5  11   5  15  5
  0  9  6  3  0  12  0  10   5   5  15  5
  0  9  6  3  0  12  5   0  10   5  15  5
  0  9  6  3  0  12  5   5   0  10  15  5
  0  9  6  3  0  12  5   5   5   0  20  5
  0  9  6  4  6   4  6   0   9   0  21  5
  0  9  6  5  4   0 11   5   4   0  21  5
  0  9  6  5  4   5  6   0   9   0  21  5
  0 10  3  5  7   5  3   7   3   0  22  5
  0 10  3  7  3   7  3   7   3   0  22  5
  0 10  4  0 11   4  6   4   0  11  15  5
  0 10  4  0 11   5  4   6   4   0  21  5
  0 10  4  4  7   0  3  12   5   5  15  5
  0 10  4  5  6   5  4   1   9   0  21  5
  0 10  4  6  4   0 10   0  11   5  15  5
  0 10  5  3  7   3  5   7   3   0  22  5
  0 10  5  4  6   4  5   1   9   0  21  5
  0 10  5  5  3   5  5   7   3   0  22  5
  0 10  5  5  4   5  5   1   9   0  21  5
  0 10  9  9  7   3  0  18   7   7  21  7
  0 11  0 11  0  14  6   6   6   6  18  6
  0 11  6  6  7   6  6   5   0   6  25  6
  0 11  7  4  0   7 13   6   6   6  18  6
  0 12  5  0 13   4  0  14   6   6  18  6
  0 12  5  6  7   5  0  12   0  13  18  6
  0 12  5  7  5   0 12   7   5   0  25  6
  0 12  5  7  5   7  5   0  12   0  25  6
  0 12  6  5  6   6  6   0   6  13  18  6
  0 12  7  8  8   7  7   0   5  16  21  7
  0 12  8  8  0  12  0  16   7   7  21  7
  0 12  8  8  7   5  0  16   0  14  21  7
  0 12  8  8  7   5  0  16   7   0  28  7
  0 12  9  6  6   9  7   0   5  16  21  7
  0 13  8  5  0  16  7   6   0  15  21  7
  0 13  8  6  8   6  7   0  14   0  29  7
  0 14  0 13  8   5  9   5   0  16  21  7
  0 14  5  5 11   3  0  18   7   7  21  7
  0 14  5  8  8   0 14   5   0  16  21  7
  0 14  5  8  8   5  9   0   5  16  21  7
  0 14  6  6  2  12  0  16   7   7  21  7
  0 14  6  6  8   0  6  16   7   7  21  7
  0 14  6  6  9   5  0   9  14   7  21  7
  0 14  6  6  9   5  0  16   0  14  21  7
  0 14  6  6  9   5  0  16   7   0  28  7
  0 14  7  6  1  12  9   5   0  16  21  7
  0 14  7  6  6   2 14   5   0  16  21  7
  0 14  7  6  6   7  9   0   5  16  21  7
  0 14  7  6  7   7  7   0  14   0  29  7
  0 14  9  9  8   6  0   9  17   8  24  8
  0 14  9 11 11   9  9   5   0  22  27  9
  0 14 10  7  0  17  8   6   0  18  24  8
  0 14 13  7  7  13  9   5   0  22  27  9
  0 15  8  7  0  18  8   8   7   0  33  8
  0 15  9  6  0  17  9   8   7   0  33  8
  0 16  0 19 10   9  9   7   0  20  27  9
  0 16  7  8  8   0 17   6   0  18  24  8
  0 16  9 10 10   9  0  16   0  20  27  9
  0 16 11  8  8  11  0  16   0  20  27  9
  0 16 11  8  8  11  8   0   8  20  27  9
  0 16 11  8  8  11  9   7   0  11  36  9
  0 17 10  7  0  20  7   0  20   9  27  9
  0 17 10  7 10   0 17   0  20   9  27  9
  0 17 10  7 10  10  7   0  10  19  27  9
  0 18  5 11 11   5 13   5   0  22  27  9
  0 18  7 10 10   7 11   7   0  11  36  9
  0 18  8  8 11   7  0  19   0  19  27  9
  0 18  9  7  7   9 13   5   0  22  27  9
  0 18  9  8  8   9  2  16   0  20  27  9
  0 18  9  8  8   9 10   0   8  20  27  9
  0 18  9  8  8   9 11   7   0  11  36  9
  0 18 10 11 11  10 10   8   0  11  41 10
  0 18 11 10 11  10  8   0  21   0  41 10
  0 19  9 11 11   9 11   8   0  11  41 10
  0 19 11  9  9  11 11   8   0  11  41 10
  0 20  8 11 11   8  1  19   0  22  30 10
  0 20  9  9 12   9  9  11   0   9  42 10
  0 20 11 12 12  11  9   0  11  24  33 11
  0 20 12 12  8   0 12  24  11  11  33 11
  0 20 13 10 10   0 24   9   0  24  33 11
  0 21 10 11 13  11 10   0  21   0  46 11
  0 21 12  9 13   9 12   0  21   0  46 11
  0 22  9 12 12   9 12  10   0  12  45 11
  0 22 10 10 13   9  0  24   9   0  46 11
  0 22 11 10 11  10 11   1  21   0  46 11
  0 22 12 13 12  13 12  10   0  12  50 12
  0 24 11 11 13  11  0  24   0  26  36 12
  0 25 15 15 15  14 11   0  15  30  42 14
  0 26 12 12 12  14  0  12  29  13  39 13
  0 26 13 12 12  13 13  13   0  13  54 13
  0 28 13 12 17  12  0  30  11   0  59 14
  0 28 13 13 15  13  0  30  11   0  59 14
  0 29 19 15 15  15 19  14   0  15  67 16
  0 30 17 17 13  17  0  34  13   0  67 16
  0 31 17 14  0  31 19  12   0  36  48 16
  0 31 18 18 18  13  0  18  37  17  51 17
  0 32 16 15 15  15 16  17   0  15  67 16
  0 33 18 15 18  15 18   0  33   0  71 17
  0 33 19 19 19  14  0  38   0  38  54 18
  0 38 22 22 22  22 21  17   0  22  87 21
  0 40 19 19 19  19  2  38   0  44  60 20
  0 40 19 19 19  19 21   0  19  44  60 20
  0 41 18 23 23  18  0  41   0  46  63 21
  0 44 25 25 25  25 19   0  25  52  72 24
  0 48 24 24  0  48  0  56  25  25  75 25
  0 56 27 27 27  27 27  29   0  27 117 28
  0 59 33 33 33  33 33  26   0  33 133 32
  0 82 41 41 41  41  0  82   0  92 126 42
  1  0  1  0  3   1  1   1   1   1   3  1
  1  0  1  1  2   0  2   1   1   1   3  1
  1  0  1  1  2   1  0   2   1   1   3  1
  1  0  1  1  2   1  1   0   2   1   3  1
  1  0  1  1  2   1  1   1   0   2   3  1
  1  0  1  1  2   1  1   1   1   0   4  1
  1  0  1  2  0   1  2   1   1   1   3  1
  1  0  1  2  0   2  0   2   1   1   3  1
  1  0  1  2  0   2  1   0   2   1   3  1
  1  0  1  2  0   2  1   1   0   2   3  1
  1  0  1  2  0   2  1   1   1   0   4  1
  1  0  1  2  1   0  1   2   1   1   3  1
  1  0  1  2  1   0  2   0   2   1   3  1
  1  0  1  2  1   0  2   1   0   2   3  1
  1  0  1  2  1   0  2   1   1   0   4  1
  1  0  1  2  1   1  0   1   2   1   3  1
  1  0  1  2  1   1  0   2   0   2   3  1
  1  0  1  2  1   1  0   2   1   0   4  1
  1  0  1  2  1   1  1   0   1   2   3  1
  1  0  1  2  1   1  1   0   2   0   4  1
  1  0  1  2  1   1  1   1   0   1   4  1
  1  0  1  6  2   2  2   2   2   2   6  2
  1  0  2  0  1   1  2   1   1   1   3  1
  1  0  2  0  1   2  0   2   1   1   3  1
  1  0  2  0  1   2  1   0   2   1   3  1
  1  0  2  0  1   2  1   1   0   2   3  1
  1  0  2  0  1   2  1   1   1   0   4  1
  1  0  2  0  2   0  1   2   1   1   3  1
  1  0  2  0  2   0  2   0   2   1   3  1
  1  0  2  0  2   0  2   1   0   2   3  1
  1  0  2  0  2   0  2   1   1   0   4  1
  1  0  2  0  2   1  0   1   2   1   3  1
  1  0  2  0  2   1  0   2   0   2   3  1
  1  0  2  0  2   1  0   2   1   0   4  1
  1  0  2  0  2   1  1   0   1   2   3  1
  1  0  2  0  2   1  1   0   2   0   4  1
  1  0  2  0  2   1  1   1   0   1   4  1
  1  0  2  1  0   1  1   2   1   1   3  1
  1  0  2  1  0   1  2   0   2   1   3  1
  1  0  2  1  0   1  2   1   0   2   3  1
  1  0  2  1  0   1  2   1   1   0   4  1
  1  0  2  1  0   2  0   1   2   1   3  1
  1  0  2  1  0   2  0   2   0   2   3  1
  1  0  2  1  0   2  0   2   1   0   4  1
  1  0  2  1  0   2  1   0   1   2   3  1
  1  0  2  1  0   2  1   0   2   0   4  1
  1  0  2  1  0   2  1   1   0   1   4  1
  1  0  2  1  1   0  1   1   2   1   3  1
  1  0  2  1  1   0  1   2   0   2   3  1
  1  0  2  1  1   0  1   2   1   0   4  1
  1  0  2  1  1   0  2   0   1   2   3  1
  1  0  2  1  1   0  2   0   2   0   4  1
  1  0  2  1  1   0  2   1   0   1   4  1
  1  0  2  1  1   1  0   1   1   2   3  1
  1  0  2  1  1   1  0   1   2   0   4  1
  1  0  2  1  1   1  0   2   0   1   4  1
  1  0  2  1  1   1  1   0   1   1   4  1
  1  0  5  0  4   0  4   2   2   2   6  2
  1  0  5  0  4   2  0   4   2   2   6  2
  1  0  5  0  4   2  2   0   4   2   6  2
  1  0  5  0  4   2  2   2   0   4   6  2
  1  0  5  0  4   2  2   2   2   0   8  2
  1  0  5  1  0   5  2   2   2   2   6  2
  1  0  5  2  0   4  0   4   2   2   6  2
  1  0  5  2  0   4  2   0   4   2   6  2
  1  0  5  2  0   4  2   2   0   4   6  2
  1  0  5  2  0   4  2   2   2   0   8  2
  1  0  5  2  1   0  5   2   2   2   6  2
  1  0  5  2  2   0  2   4   2   2   6  2
  1  0  5  2  2   0  4   0   4   2   6  2
  1  0  5  2  2   0  4   2   0   4   6  2
  1  0  5  2  2   0  4   2   2   0   8  2
  1  0  5  2  2   2  0   2   4   2   6  2
  1  0  5  2  2   2  0   4   0   4   6  2
  1  0  5  2  2   2  0   4   2   0   8  2
  1  0  5  2  2   2  2   0   2   4   6  2
  1  0  5  2  2   2  2   0   4   0   8  2
  1  0  5  2  2   2  2   2   0   2   8  2
  1  1  0  1  1   1  2   1   1   1   3  1
  1  1  0  1  1   2  0   2   1   1   3  1
  1  1  0  1  1   2  1   0   2   1   3  1
  1  1  0  1  1   2  1   1   0   2   3  1
  1  1  0  1  1   2  1   1   1   0   4  1
  1  1  0  1  2   0  1   2   1   1   3  1
  1  1  0  1  2   0  2   0   2   1   3  1
  1  1  0  1  2   0  2   1   0   2   3  1
  1  1  0  1  2   0  2   1   1   0   4  1
  1  1  0  1  2   1  0   1   2   1   3  1
  1  1  0  1  2   1  0   2   0   2   3  1
  1  1  0  1  2   1  0   2   1   0   4  1
  1  1  0  1  2   1  1   0   1   2   3  1
  1  1  0  1  2   1  1   0   2   0   4  1
  1  1  0  1  2   1  1   1   0   1   4  1
  1  1  0  2  0   1  1   2   1   1   3  1
  1  1  0  2  0   1  2   0   2   1   3  1
  1  1  0  2  0   1  2   1   0   2   3  1
  1  1  0  2  0   1  2   1   1   0   4  1
  1  1  0  2  0   2  0   1   2   1   3  1
  1  1  0  2  0   2  0   2   0   2   3  1
  1  1  0  2  0   2  0   2   1   0   4  1
  1  1  0  2  0   2  1   0   1   2   3  1
  1  1  0  2  0   2  1   0   2   0   4  1
  1  1  0  2  0   2  1   1   0   1   4  1
  1  1  0  2  1   0  1   1   2   1   3  1
  1  1  0  2  1   0  1   2   0   2   3  1
  1  1  0  2  1   0  1   2   1   0   4  1
  1  1  0  2  1   0  2   0   1   2   3  1
  1  1  0  2  1   0  2   0   2   0   4  1
  1  1  0  2  1   0  2   1   0   1   4  1
  1  1  0  2  1   1  0   1   1   2   3  1
  1  1  0  2  1   1  0   1   2   0   4  1
  1  1  0  2  1   1  0   2   0   1   4  1
  1  1  0  2  1   1  1   0   1   1   4  1
  1  1  0  5  3   2  2   2   2   2   6  2
  1  1  0  6  1   3  2   2   2   2   6  2
  1  1  0  6  2   1  3   2   2   2   6  2
  1  1  0  6  2   2  1   3   2   2   6  2
  1  1  0  6  2   2  2   1   3   2   6  2
  1  1  0  6  2   2  2   2   1   3   6  2
  1  1  0  6  2   2  2   2   2   1   7  2
  1  1  1  0  1   1  1   2   1   1   3  1
  1  1  1  0  1   1  2   0   2   1   3  1
  1  1  1  0  1   1  2   1   0   2   3  1
  1  1  1  0  1   1  2   1   1   0   4  1
  1  1  1  0  1   2  0   1   2   1   3  1
  1  1  1  0  1   2  0   2   0   2   3  1
  1  1  1  0  1   2  0   2   1   0   4  1
  1  1  1  0  1   2  1   0   1   2   3  1
  1  1  1  0  1   2  1   0   2   0   4  1
  1  1  1  0  1   2  1   1   0   1   4  1
  1  1  1  0  2   0  1   1   2   1   3  1
  1  1  1  0  2   0  1   2   0   2   3  1
  1  1  1  0  2   0  1   2   1   0   4  1
  1  1  1  0  2   0  2   0   1   2   3  1
  1  1  1  0  2   0  2   0   2   0   4  1
  1  1  1  0  2   0  2   1   0   1   4  1
  1  1  1  0  2   1  0   1   1   2   3  1
  1  1  1  0  2   1  0   1   2   0   4  1
  1  1  1  0  2   1  0   2   0   1   4  1
  1  1  1  0  2   1  1   0   1   1   4  1
  1  1  1  1  0   1  1   1   2   1   3  1
  1  1  1  1  0   1  1   2   0   2   3  1
  1  1  1  1  0   1  1   2   1   0   4  1
  1  1  1  1  0   1  2   0   1   2   3  1
  1  1  1  1  0   1  2   0   2   0   4  1
  1  1  1  1  0   1  2   1   0   1   4  1
  1  1  1  1  0   2  0   1   1   2   3  1
  1  1  1  1  0   2  0   1   2   0   4  1
  1  1  1  1  0   2  0   2   0   1   4  1
  1  1  1  1  0   2  1   0   1   1   4  1
  1  1  1  1  1   0  1   1   1   2   3  1
  1  1  1  1  1   0  1   1   2   0   4  1
  1  1  1  1  1   0  1   2   0   1   4  1
  1  1  1  1  1   0  2   0   1   1   4  1
  1  1  1  1  1   1  0   1   1   1   4  1
  1  2  2  2  3   2  2   2   1   0   9  2
  1  2  2  3  1   3  2   2   1   0   9  2
  1  2  2  3  2   2  0   1   5   2   6  2
  1  2  3  0  4   2  1   0   5   2   6  2
  1  2  3  1  3   1  3   2   1   0   9  2
  1  2  3  1  3   2  0   1   5   2   6  2
  1  2  3  2  1   0  3   4   2   2   6  2
  1  2  3  2  1   0  5   0   4   2   6  2
  1  2  3  2  1   0  5   2   0   4   6  2
  1  2  3  2  1   0  5   2   2   0   8  2
  1  2  3  2  1   2  3   2   1   0   9  2
  1  3  0  1  3   4  2   2   2   2   6  2
  1  3  0  1  5   0  4   2   2   2   6  2
  1  3  0  1  5   2  0   4   2   2   6  2
  1  3  0  1  5   2  2   0   4   2   6  2
  1  3  0  1  5   2  2   2   0   4   6  2
  1  3  0  1  5   2  2   2   2   0   8  2
  1  3  0  3  3   1  0   5   2   2   6  2
  1  3  0  4  0   1  5   2   2   2   6  2
  1  3  0  4  1   3  1   0   5   2   6  2
  1  3  1  2  3   2  1   3   1   0   9  2
  1  3  1  3  0   4  1   0   5   2   6  2
  1  3  1  3  1   0  3   4   2   2   6  2
  1  3  1  3  1   0  5   0   4   2   6  2
  1  3  1  3  1   0  5   2   0   4   6  2
  1  3  1  3  1   0  5   2   2   0   8  2
  1  3  1  3  1   3  0   1   5   2   6  2
  1  3  1  3  1   3  1   3   1   0   9  2
  1  3  2  0  3   3  1   0   5   2   6  2
  1  3  2  1  1   4  1   0   5   2   6  2
  1  3  2  1  2   3  0   1   5   2   6  2
  1  3  2  1  3   1  2   3   1   0   9  2
  1  3  2  2  1   2  2   3   1   0   9  2
  1  3  4  4  3   1  0   8   3   3   9  3
  1  3  5  3  0   1  8   3   3   3   9  3
  1  4  7  4  1   0 11   4   4   4  12  4
  1  5  0  6  1   0  8   3   3   3   9  3
  1  5  1  0  5   6  3   3   3   3   9  3
  1  5  1  0  8   0  6   3   3   3   9  3
  1  5  1  0  8   3  0   6   3   3   9  3
  1  5  1  0  8   3  3   0   6   3   9  3
  1  5  1  0  8   3  3   3   0   6   9  3
  1  5  1  0  8   3  3   3   3   0  12  3
  1  5  1  5  0   1  8   3   3   3   9  3
  1  5  2  2  5   1  0   8   3   3   9  3
  1  7  1  7  1   0 11   4   4   4  12  4
  1  7  7  0  1  14  5   5   5   5  15  5
  1 10 10  1  0  20  7   7   7   7  21  7
  2  0  2  3  0   5  2   2   2   2   6  2
  2  0  3  0  5   0  4   2   2   2   6  2
  2  0  3  0  5   2  0   4   2   2   6  2
  2  0  3  0  5   2  2   0   4   2   6  2
  2  0  3  0  5   2  2   2   0   4   6  2
  2  0  3  0  5   2  2   2   2   0   8  2
  2  0  3  3  2   1  2   0   5   2   6  2
  2  0  4  0  3   0  5   2   2   2   6  2
  2  0  4  1  1   1  5   2   2   2   6  2
  2  0  4  1  3   1  2   0   5   2   6  2
  2  0  6  3  4   3  3   3   2   0  13  3
  2  0  6  4  2   4  3   3   2   0  13  3
  2  0  7  0  2   7  3   3   3   3   9  3
  2  0  7  2  4   2  4   3   2   0  13  3
  2  0  7  3  0   2  7   3   3   3   9  3
  2  0  7  3  2   3  4   3   2   0  13  3
  2  1  1  1  5   0  4   2   2   2   6  2
  2  1  1  1  5   2  0   4   2   2   6  2
  2  1  1  1  5   2  2   0   4   2   6  2
  2  1  1  1  5   2  2   2   0   4   6  2
  2  1  1  1  5   2  2   2   2   0   8  2
  2  1  1  4  1   2  0   5   2   2   6  2
  2  1  1  4  2   1  2   0   5   2   6  2
  2  1  2  0  2   5  2   2   2   2   6  2
  2  1  2  2  3   2  2   1   2   0   9  2
  2  1  2  3  1   3  2   1   2   0   9  2
  2  1  2  3  2   0  3   0   5   2   6  2
  2  1  2  3  2   1  1   1   5   2   6  2
  2  1  3  0  2   1  5   2   2   2   6  2
  2  1  3  0  4   1  2   0   5   2   6  2
  2  1  3  1  2   0  3   4   2   2   6  2
  2  1  3  1  2   0  5   0   4   2   6  2
  2  1  3  1  2   0  5   2   0   4   6  2
  2  1  3  1  2   0  5   2   2   0   8  2
  2  1  3  1  3   0  3   0   5   2   6  2
  2  1  3  1  3   1  1   1   5   2   6  2
  2  1  3  1  3   1  3   1   2   0   9  2
  2  1  3  2  1   2  3   1   2   0   9  2
  2  2  0  2  3   0  5   2   2   2   6  2
  2  2  0  3  1   1  5   2   2   2   6  2
  2  2  0  3  2   2  0   5   2   2   6  2
  2  2  0  4  1   2  2   0   5   2   6  2
  2  2  1  1  2   1  5   2   2   2   6  2
  2  2  1  2  2   0  5   0   4   2   6  2
  2  2  1  2  2   0  5   2   0   4   6  2
  2  2  1  2  2   0  5   2   2   0   8  2
  2  2  1  2  3   2  1   2   2   0   9  2
  2  2  1  3  0   3  2   0   5   2   6  2
  2  2  1  3  1   1  3   0   5   2   6  2
  2  2  1  3  1   2  1   1   5   2   6  2
  2  2  1  3  1   3  1   2   2   0   9  2
  2  2  2  0  3   2  2   0   5   2   6  2
  2  2  2  1  1   3  2   0   5   2   6  2
  2  2  2  1  2   1  3   0   5   2   6  2
  2  2  2  1  2   2  1   1   5   2   6  2
  2  2  2  1  3   1  2   2   2   0   9  2
  2  2  2  2  1   2  2   2   2   0   9  2
  2  3  0  6  4   3  3   3   2   0  13  3
  2  3  0  7  2   4  3   3   2   0  13  3
  2  3  3  0  7   3  3   2   0   7   9  3
  2  3  3  0  7   3  3   3   2   0  13  3
  2  3  3  4  3   2  0   3   7   3   9  3
  2  3  4  0  6   3  0   2   7   3   9  3
  2  3  4  2  0   7  3   2   0   7   9  3
  2  3  4  3  0   2  4   6   3   3   9  3
  2  3  4  3  0   2  7   0   6   3   9  3
  2  3  4  3  0   2  7   3   0   6   9  3
  2  3  4  3  0   2  7   3   3   0  12  3
  2  3  4  3  2   0  7   3   2   0  13  3
  2  4  0  5  4   0  2   7   3   3   9  3
  2  4  0  6  0   6  2   0   7   3   9  3
  2  4  0  6  2   0  4   6   3   3   9  3
  2  4  0  6  2   0  7   0   6   3   9  3
  2  4  0  6  2   0  7   3   0   6   9  3
  2  4  0  6  2   0  7   3   3   0  12  3
  2  4  0  6  2   4  0   2   7   3   9  3
  2  4  2  0  4   6  0   6   3   3   9  3
  2  4  2  0  4   6  3   0   6   3   9  3
  2  4  2  0  4   6  3   3   0   6   9  3
  2  4  2  0  4   6  3   3   3   0  12  3
  2  4  2  0  6   4  2   0   7   3   9  3
  2  4  2  0  7   0  6   0   6   3   9  3
  2  4  2  0  7   0  6   3   0   6   9  3
  2  4  2  0  7   0  6   3   3   0  12  3
  2  4  2  0  7   2  4   2   0   7   9  3
  2  4  2  0  7   3  0   3   6   3   9  3
  2  4  2  0  7   3  0   6   0   6   9  3
  2  4  2  0  7   3  0   6   3   0  12  3
  2  4  2  0  7   3  2   4   2   0  13  3
  2  4  2  0  7   3  3   0   3   6   9  3
  2  4  2  0  7   3  3   0   6   0  12  3
  2  4  2  0  7   3  3   3   0   3  12  3
  2  4  2  4  0   2  4   6   3   3   9  3
  2  4  2  4  0   2  7   0   6   3   9  3
  2  4  2  4  0   2  7   3   0   6   9  3
  2  4  2  4  0   2  7   3   3   0  12  3
  2  4  2  4  0   6  0   2   7   3   9  3
  2  4  2  4  2   0  6   0   7   3   9  3
  2  4  3  0  3   6  2   0   7   3   9  3
  2  4  3  0  5   4  0   2   7   3   9  3
  2  4  3  2  1   6  0   2   7   3   9  3
  2  5  5  2  0   5  9   4   4   4  12  4
  2  5  5  8  5   5  2   0  13   5  15  5
  2  5  8  2  8   5  2   0  13   5  15  5
  2  6  3  0  9   2  0  10   4   4  12  4
  2  8  2  8  2   8  2   0  13   5  15  5
  2  8  5  2  5   8  2   0  13   5  15  5
  3  0  3  5  3   0  7   3   3   3   9  3
  3  0  3  6  2   3  0   7   3   3   9  3
  3  0  3  6  3   2  3   0   7   3   9  3
  3  0  3 10  0   8  4   4   4   4  12  4
  3  0  3 10  4   0  8   4   4   4  12  4
  3  0  3 10  4   4  0   8   4   4  12  4
  3  0  3 10  4   4  4   0   8   4  12  4
  3  0  3 10  4   4  4   4   0   8  12  4
  3  0  3 10  4   4  4   4   4   0  16  4
  3  0  4  3  0   8  3   3   3   3   9  3
  3  0  5  0  3   7  3   3   3   3   9  3
  3  0  5  3  0   7  0   6   3   3   9  3
  3  0  5  3  0   7  3   0   6   3   9  3
  3  0  5  3  0   7  3   3   0   6   9  3
  3  0  5  3  0   7  3   3   3   0  12  3
  3  0  5  4  3   0  5   0   7   3   9  3
  3  0  5  4  3   2  1   2   7   3   9  3
  3  0  6  0  6   2  3   0   7   3   9  3
  3  0  6  1  3   0  8   3   3   3   9  3
  3  0  6  2  3   0  4   6   3   3   9  3
  3  0  6  2  3   0  7   0   6   3   9  3
  3  0  6  2  3   0  7   3   0   6   9  3
  3  0  6  2  3   0  7   3   3   0  12  3
  3  0  6  2  4   0  5   0   7   3   9  3
  3  0  6  2  4   2  1   2   7   3   9  3
  3  0  8  5  4   4  0   3   9   4  12  4
  3  0  9  0  8   4  3   0   9   4  12  4
  3  0  9  3  0   9  0   8   4   4  12  4
  3  0  9  3  0   9  4   0   8   4  12  4
  3  0  9  3  0   9  4   4   0   8  12  4
  3  0  9  3  0   9  4   4   4   0  16  4
  3  0  9  3  5   4  0   3   9   4  12  4
  3  0  9  4  3   0  5   8   4   4  12  4
  3  0  9  4  3   0  9   0   8   4  12  4
  3  0  9  4  3   0  9   4   0   8  12  4
  3  0  9  4  3   0  9   4   4   0  16  4
  3  0 10  7  5   5  3   0  12   5  15  5
  3  0 12  3  7   5  3   0  12   5  15  5
  3  1  3  0  8   0  6   3   3   3   9  3
  3  1  3  0  8   3  0   6   3   3   9  3
  3  1  3  0  8   3  3   0   6   3   9  3
  3  1  3  0  8   3  3   3   0   6   9  3
  3  1  3  0  8   3  3   3   3   0  12  3
  3  1  4  4  1   3  0   8   3   3   9  3
  3  1  5  0  4   0  8   3   3   3   9  3
  3  1  5  1  2   1  8   3   3   3   9  3
  3  2  1  6  0   5  0   7   3   3   9  3
  3  2  1  6  2   1  2   7   3   3   9  3
  3  2  1  6  3   0  5   0   7   3   9  3
  3  2  1  6  3   2  1   2   7   3   9  3
  3  2  2  1  2   8  3   3   3   3   9  3
  3  2  3  0  7   0  3   6   3   3   9  3
  3  2  3  0  7   0  6   0   6   3   9  3
  3  2  3  0  7   0  6   3   0   6   9  3
  3  2  3  0  7   0  6   3   3   0  12  3
  3  2  3  0  7   2  3   0   7   3   9  3
  3  2  3  0  7   3  0   3   6   3   9  3
  3  2  3  0  7   3  0   6   0   6   9  3
  3  2  3  0  7   3  0   6   3   0  12  3
  3  2  3  0  7   3  2   3   0   7   9  3
  3  2  3  0  7   3  3   0   3   6   9  3
  3  2  3  0  7   3  3   0   6   0  12  3
  3  2  3  0  7   3  3   2   3   0  13  3
  3  2  3  0  7   3  3   3   0   3  12  3
  3  2  3  4  2   3  0   3   7   3   9  3
  3  2  3  4  3   0  3   2   7   3   9  3
  3  2  4  0  5   0  4   6   3   3   9  3
  3  2  4  0  5   0  7   0   6   3   9  3
  3  2  4  0  5   0  7   3   0   6   9  3
  3  2  4  0  5   0  7   3   3   0  12  3
  3  2  4  0  6   0  5   0   7   3   9  3
  3  2  4  0  6   2  1   2   7   3   9  3
  3  2  4  2  1   2  4   6   3   3   9  3
  3  2  4  2  1   2  7   0   6   3   9  3
  3  2  4  2  1   2  7   3   0   6   9  3
  3  2  4  2  1   2  7   3   3   0  12  3
  3  2  4  2  3   0  6   0   7   3   9  3
  3  2  4  2  4   0  3   2   7   3   9  3
  3  3  0  3  5   3  0   7   3   3   9  3
  3  3  0  3 11   4  4   4   4   4  12  4
  3  3  0  4  3   0  8   3   3   3   9  3
  3  3  0  5  1   5  0   7   3   3   9  3
  3  3  0  5  3   0  7   0   6   3   9  3
  3  3  0  5  3   0  7   3   0   6   9  3
  3  3  0  5  3   0  7   3   3   0  12  3
  3  3  0  6  0   5  3   0   7   3   9  3
  3  3  0  6  2   1  5   0   7   3   9  3
  3  3  0  6  2   3  1   2   7   3   9  3
  3  3  0  9  5   4  4   4   3   0  17  4
  3  3  0 10  3   5  4   4   3   0  17  4
  3  3  0 14  0  10  5   5   5   5  15  5
  3  3  0 14  5   0 10   5   5   5  15  5
  3  3  0 14  5   5  0  10   5   5  15  5
  3  3  0 14  5   5  5   0  10   5  15  5
  3  3  0 14  5   5  5   5   0  10  15  5
  3  3  0 14  5   5  5   5   5   0  20  5
  3  3  1  2  4   0  8   3   3   3   9  3
  3  3  1  3  2   1  8   3   3   3   9  3
  3  3  2  1  5   0  7   0   6   3   9  3
  3  3  2  1  5   0  7   3   0   6   9  3
  3  3  2  1  5   0  7   3   3   0  12  3
  3  3  2  2  3   3  0   8   3   3   9  3
  3  3  2  3  1   2  7   0   6   3   9  3
  3  3  2  3  1   2  7   3   0   6   9  3
  3  3  2  3  1   2  7   3   3   0  12  3
  3  3  2  3  3   0  6   0   7   3   9  3
  3  3  2  4  0   3  5   0   7   3   9  3
  3  3  2  4  0   5  1   2   7   3   9  3
  3  3  2  4  2   1  3   2   7   3   9  3
  3  3  3  0  3   5  3   0   7   3   9  3
  3  3  3  0  5   1  5   0   7   3   9  3
  3  3  3  0  5   3  1   2   7   3   9  3
  3  3  3  2  1   3  5   0   7   3   9  3
  3  3  3  2  1   5  1   2   7   3   9  3
  3  3  3  2  3   1  3   2   7   3   9  3
  3  3  3  2  3   3  3   0   3   7   9  3
  3  3  5  5  3   0  3  10   4   4  12  4
  3  4  0  9  4   0  3   9   4   4  12  4
  3  4  0  9  4   4  0   3   9   4  12  4
  3  4  3  0 10   4  3   0   9   4  12  4
  3  4  3  0 10   4  4   3   0   9  12  4
  3  4  3  0 10   4  4   4   3   0  17  4
  3  4  4  5  0   8  4   4   0   3  17  4
  3  4  4  5  4   4  0   3   5   8  12  4
  3  4  4  5  4   4  0   3   9   0  16  4
  3  4  5  0  7   5  4   0   3   9  12  4
  3  4  5  0  8   0  8   4   3   0  17  4
  3  4  5  0  8   3  5   4   0   3  17  4
  3  4  5  0  8   4  3   0   5   8  12  4
  3  4  5  0  8   4  3   0   9   0  16  4
  3  4  5  3  5   0  8   4   0   3  17  4
  3  4  5  3  5   4  0   3   5   8  12  4
  3  4  5  3  5   4  0   3   9   0  16  4
  3  4  5  4  0   7  5   4   0   3  17  4
  3  4  5  4  3   0  5   4   8   4  12  4
  3  4  5  4  3   0  5   8   0   8  12  4
  3  4  5  4  3   0  5   8   4   0  16  4
  3  4  5  4  3   0  9   0   4   8  12  4
  3  4  5  4  3   0  9   0   8   0  16  4
  3  5  0  3  9   3  0   9   4   4  12  4
  3  5  0  7  5   3  0   5   8   4  12  4
  3  5  0  7  5   3  0   9   0   8  12  4
  3  5  0  7  5   3  0   9   4   0  16  4
  3  5  0  7  5   4  0   8   3   0  17  4
  3  5  0  7  5   4  3   5   0   3  17  4
  3  5  0  8  0   8  3   5   3   0  17  4
  3  5  0  8  3   5  0   8   3   0  17  4
  3  5  0  8  3   5  3   0   5   8  12  4
  3  5  0  8  3   5  3   0   9   0  16  4
  3  5  0  8  3   5  3   5   0   3  17  4
  3  5  0 12  5   3  0  12   5   5  15  5
  3  5  0 12  5   5  3   0  12   5  15  5
  3  5  3  0  5   3  9   4   4   4  12  4
  3  5  3  0  8   3  0  10   4   4  12  4
  3  5  3  0  9   0  3   9   4   4  12  4
  3  5  3  3  5   0  3  10   4   4  12  4
  3  5  3  4  5   4  0   8   0   3  17  4
  3  5  3  5  0   8  0   8   3   0  17  4
  3  5  3  5  0   8  3   0   5   8  12  4
  3  5  3  5  0   8  3   0   9   0  16  4
  3  5  3  5  0   8  3   5   0   3  17  4
  3  5  3  5  3   0  5   8   0   8  12  4
  3  5  3  5  3   0  5   8   4   0  16  4
  3  5  3  5  3   0  9   0   4   8  12  4
  3  5  3  5  3   0  9   0   8   0  16  4
  3  5  3  5  3   0  9   4   0   4  16  4
  3  5  3  5  3   5  0   3   5   8  12  4
  3  5  3  5  3   5  0   3   9   0  16  4
  3  5  3  5  3   5  0   8   0   3  17  4
  3  5  4  0  4   7  5   3   0   9  12  4
  3  5  4  0  7   1  8   3   0   9  12  4
  3  5  4  0  7   4  5   0   3   9  12  4
  3  5  4  0  7   5  3   0   5   8  12  4
  3  5  4  0  7   5  3   0   9   0  16  4
  3  5  4  0  8   0  7   5   3   0  17  4
  3  5  4  0  8   3  1   8   3   0  17  4
  3  5  4  0  8   3  4   5   0   3  17  4
  3  5  4  3  1   8  3   0   5   8  12  4
  3  5  4  3  1   8  3   0   9   0  16  4
  3  5  4  3  4   5  0   3   5   8  12  4
  3  5  4  3  4   5  0   3   9   0  16  4
  3  5  4  3  5   0  4   8   3   0  17  4
  3  5  4  3  5   0  7   5   0   3  17  4
  3  5  4  3  5   3  1   8   0   3  17  4
  3  5  4  4  0   4  7   5   3   0  17  4
  3  5  4  4  0   7  1   8   3   0  17  4
  3  5  4  4  0   7  4   5   0   3  17  4
  3  5  4  4  3   1  4   8   3   0  17  4
  3  5  4  4  3   1  7   5   0   3  17  4
  3  5  4  4  3   4  1   8   0   3  17  4
  3  5  5  5  7   5  5   5   0   3  22  5
  3  5  5  7  0  10  5   5   3   0  22  5
  3  5  5  7  3   7  5   5   0   3  22  5
  3  5  5  7  5   5  3   0   7  10  15  5
  3  5  5  7  5   5  3   0  12   0  20  5
  3  5  6  6  5   3  0   6  11   5  15  5
  3  5  7  0  8   7  5   3   0  12  15  5
  3  5  7  0 10   3  7   5   3   0  22  5
  3  5  7  3  7   0 10   5   3   0  22  5
  3  5  7  3  7   3  7   5   0   3  22  5
  3  5  7  3  7   5  3   0   7  10  15  5
  3  5  7  3  7   5  3   0  12   0  20  5
  3  5  7  4  0  11  5   3   0  12  15  5
  3  5  7  5  0   8  7   5   3   0  22  5
  3  5  7  5  3   5  7   5   0   3  22  5
  3  6  6  0  3  12  0  10   5   5  15  5
  3  6  6  0  3  12  5   0  10   5  15  5
  3  6  6  0  3  12  5   5   0  10  15  5
  3  6  6  0  3  12  5   5   5   0  20  5
  3  6  6  3  0  11  6   5   4   0  21  5
  3  7  0  8  7   5  3   7   3   0  22  5
  3  7  0 10  3   7  3   7   3   0  22  5
  3  7  3  0 10   0 12   5   5   5  15  5
  3  7  3  0 12   3  0  12   5   5  15  5
  3  7  3  5  7   5  0  10   3   0  22  5
  3  7  3  5  7   5  3   7   0   3  22  5
  3  7  3  7  0  10  3   7   3   0  22  5
  3  7  3  7  3   7  0  10   3   0  22  5
  3  7  3  7  3   7  3   0   7  10  15  5
  3  7  3  7  3   7  3   0  12   0  20  5
  3  7  3  7  3   7  3   7   0   3  22  5
  3  7  4  5  5   0 11   3   0  12  15  5
  3  7  5  0  8   5  7   3   0  12  15  5
  3  7  5  0 10   3  5   7   3   0  22  5
  3  7  5  3  5   7  3   0   7  10  15  5
  3  7  5  3  5   7  3   0  12   0  20  5
  3  7  5  3  7   0  8   7   3   0  22  5
  3  7  5  3  7   3  2  10   3   0  22  5
  3  7  5  3  7   3  5   7   0   3  22  5
  3  7  5  5  0   8  5   7   3   0  22  5
  3  7  5  5  3   2  8   7   3   0  22  5
  3  7  5  5  3   5  2  10   3   0  22  5
  3  7  5  5  3   5  5   7   0   3  22  5
  3  7  9  9  7   0  3  18   7   7  21  7
  3  9  9  3  0  18  0  14   7   7  21  7
  3  9  9  3  0  18  7   0  14   7  21  7
  3  9  9  3  0  18  7   7   0  14  21  7
  3  9  9  3  0  18  7   7   7   0  28  7
  3 11  5  5 11   0  3  18   7   7  21  7
  4  0  4  7  5   4  4   3   4   0  17  4
  4  0  4  8  3   5  4   3   4   0  17  4
  4  0  7  4  0   4  9   4   4   4  12  4
  4  0  7  4  5   4  4   0   7   0  17  4
  4  0  7  4  5   4  4   3   1   3  17  4
  4  0  7  5  0   7  4   0   9   4  12  4
  4  0  7  5  0   8  4   3   4   0  17  4
  4  0  7  5  3   5  4   0   7   0  17  4
  4  0  7  5  3   5  4   3   1   3  17  4
  4  0  7  5  4   3  4   0   5   8  12  4
  4  0  7  5  4   3  4   0   9   0  16  4
  4  0  8  0  7   5  3   4   0   9  12  4
  4  0  8  0  8   3  5   3   4   0  17  4
  4  0  8  3  1   7  4   0   9   4  12  4
  4  0  8  3  5   0  8   3   4   0  17  4
  4  0  8  3  5   3  4   0   5   8  12  4
  4  0  8  3  5   3  4   0   9   0  16  4
  4  0  8  3  5   3  5   0   7   0  17  4
  4  0  8  3  5   3  5   3   1   3  17  4
  4  0  8  4  0   7  5   3   4   0  17  4
  4  0  8  4  3   1  8   3   4   0  17  4
  4  0  8  4  3   4  5   0   7   0  17  4
  4  0  8  4  3   4  5   3   1   3  17  4
  4  0 10  5  6   5  5   5   0   4  21  5
  4  0 10  6  0  10  4   0  11   5  15  5
  4  0 10  6  0  10  5   5   4   0  21  5
  4  0 10  6  4   6  5   5   0   4  21  5
  4  0 10  6  5   5  4   0   6  10  15  5
  4  0 10  6  5   5  4   0  11   0  20  5
  4  0 11  0  9   6  5   4   0  11  15  5
  4  0 11  0 10   4  6   5   4   0  21  5
  4  0 11  4  6   0 10   5   4   0  21  5
  4  0 11  4  6   4  6   5   0   4  21  5
  4  0 11  4  6   5  4   0   6  10  15  5
  4  0 11  4  6   5  4   0  11   0  20  5
  4  0 11  5  0   9  6   5   4   0  21  5
  4  0 11  5  4   5  6   5   0   4  21  5
  4  1  7  1  4   0 11   4   4   4  12  4
  4  3  1  3  3  10  4   4   4   4  12  4
  4  3  1  7  5   4  4   0   7   0  17  4
  4  3  1  7  5   4  4   3   1   3  17  4
  4  3  1  8  0   8  4   3   4   0  17  4
  4  3  1  8  3   4  0   9   0   8  12  4
  4  3  1  8  3   4  0   9   4   0  16  4
  4  3  1  8  3   5  4   0   7   0  17  4
  4  3  1  8  3   5  4   3   1   3  17  4
  4  3  1  8  4   3  4   0   5   8  12  4
  4  3  1  8  4   3  4   0   9   0  16  4
  4  3  4  0  4   9  0   8   4   4  12  4
  4  3  4  0  4   9  4   0   8   4  12  4
  4  3  4  0  4   9  4   4   0   8  12  4
  4  3  4  0  4   9  4   4   4   0  16  4
  4  3  4  4  0   7  0  10   4   4  12  4
  4  3  4  4  5   4  4   0   4   3  17  4
  4  3  4  5  0   8  4   0   7   0  17  4
  4  3  4  5  0   8  4   3   1   3  17  4
  4  3  4  5  3   5  4   0   4   3  17  4
  4  3  4  5  4   0  7   0   5   8  12  4
  4  3  4  5  4   0  7   0   9   0  16  4
  4  3  4  5  4   3  1   3   5   8  12  4
  4  3  4  5  4   3  1   3   9   0  16  4
  4  3  5  0  4   8  3   4   0   9  12  4
  4  3  5  0  7   5  0   7   0   9  12  4
  4  3  5  0  7   5  3   1   3   9  12  4
  4  3  5  0  8   0  8   3   4   0  17  4
  4  3  5  0  8   3  4   0   5   8  12  4
  4  3  5  0  8   3  4   0   9   0  16  4
  4  3  5  0  8   3  5   0   7   0  17  4
  4  3  5  0  8   3  5   3   1   3  17  4
  4  3  5  3  4   0  5   8   0   8  12  4
  4  3  5  3  4   0  5   8   4   0  16  4
  4  3  5  3  4   0  9   0   4   8  12  4
  4  3  5  3  4   0  9   0   8   0  16  4
  4  3  5  3  4   0  9   4   0   4  16  4
  4  3  5  3  5   0  7   0   5   8  12  4
  4  3  5  3  5   0  7   0   9   0  16  4
  4  3  5  3  5   0  8   0   7   0  17  4
  4  3  5  3  5   0  8   3   1   3  17  4
  4  3  5  3  5   3  1   3   5   8  12  4
  4  3  5  3  5   3  1   3   9   0  16  4
  4  3  5  3  5   3  5   0   4   3  17  4
  4  3  5  4  0   4  8   3   4   0  17  4
  4  3  5  4  0   7  5   0   7   0  17  4
  4  3  5  4  0   7  5   3   1   3  17  4
  4  3  5  4  3   1  8   0   7   0  17  4
  4  3  5  4  3   1  8   3   1   3  17  4
  4  3  5  4  3   4  5   0   4   3  17  4
  4  4  0  4  7   4  4   0   9   4  12  4
  4  4  0  4  8   3  4   4   0   9  12  4
  4  4  0  4  8   4  3   4   4   0  17  4
  4  4  0  7  4   0  4   9   4   4  12  4
  4  4  0  7  4   4  0   9   0   8  12  4
  4  4  0  7  4   4  0   9   4   0  16  4
  4  4  0  7  5   4  0   7   4   0  17  4
  4  4  0  7  5   4  3   1   7   0  17  4
  4  4  0  7  5   4  3   4   1   3  17  4
  4  4  0  8  0   8  3   4   4   0  17  4
  4  4  0  8  3   4  4   0   5   8  12  4
  4  4  0  8  3   4  4   0   9   0  16  4
  4  4  0  8  3   5  0   7   4   0  17  4
  4  4  0  8  3   5  3   1   7   0  17  4
  4  4  0  8  3   5  3   4   1   3  17  4
  4  4  0 12  0  10  0  10   5   5  15  5
  4  4  0 12  0  10  5   0  10   5  15  5
  4  4  0 12  0  10  5   5   0  10  15  5
  4  4  0 12  0  10  5   5   5   0  20  5
  4  4  0 12  4   4  0  12   5   5  15  5
  4  4  0 12  5   0 10   0  10   5  15  5
  4  4  0 12  5   0 10   5   0  10  15  5
  4  4  0 12  5   0 10   5   5   0  20  5
  4  4  0 12  5   4  4   0  12   5  15  5
  4  4  0 12  5   5  0  10   0  10  15  5
  4  4  0 12  5   5  0  10   5   0  20  5
  4  4  0 12  5   5  5   0   5  10  15  5
  4  4  0 12  5   5  5   0  10   0  20  5
  4  4  0 12  5   5  5   5   0   5  20  5
  4  4  1  4  4   0 11   4   4   4  12  4
  4  4  3  1  7   0  4   9   4   4  12  4
  4  4  3  1  8   0  7   4   0   9  12  4
  4  4  3  1  8   3  1   7   0   9  12  4
  4  4  3  1  8   3  4   1   3   9  12  4
  4  4  3  1  8   4  0   7   4   0  17  4
  4  4  3  1  8   4  3   1   7   0  17  4
  4  4  3  1  8   4  3   4   1   3  17  4
  4  4  3  3  4   1  3  10   4   4  12  4
  4  4  3  4  1   3  4   9   4   4  12  4
  4  4  3  4  4   0  9   0   4   8  12  4
  4  4  3  4  4   0  9   0   8   0  16  4
  4  4  3  4  4   0  9   4   0   4  16  4
  4  4  3  4  5   4  0   4   7   0  17  4
  4  4  3  4  5   4  0   7   1   3  17  4
  4  4  3  4  5   4  3   1   4   3  17  4
  4  4  3  5  0   7  4   0   5   8  12  4
  4  4  3  5  0   7  4   0   9   0  16  4
  4  4  3  5  0   8  0   7   4   0  17  4
  4  4  3  5  0   8  3   1   7   0  17  4
  4  4  3  5  0   8  3   4   1   3  17  4
  4  4  3  5  3   1  7   0   5   8  12  4
  4  4  3  5  3   1  7   0   9   0  16  4
  4  4  3  5  3   4  1   3   5   8  12  4
  4  4  3  5  3   4  1   3   9   0  16  4
  4  4  3  5  3   5  0   4   7   0  17  4
  4  4  3  5  3   5  0   7   1   3  17  4
  4  4  3  5  3   5  3   1   4   3  17  4
  4  4  4  0  4   7  4   4   0   9  12  4
  4  4  4  0  7   1  7   4   0   9  12  4
  4  4  4  0  7   4  1   7   0   9  12  4
  4  4  4  0  7   4  4   0   9   0  16  4
  4  4  4  0  8   0  7   4   4   0  17  4
  4  4  4  0  8   3  1   7   4   0  17  4
  4  4  4  0  8   3  4   1   7   0  17  4
  4  4  4  0  8   3  4   4   1   3  17  4
  4  4  4  3  1   7  4   0   9   0  16  4
  4  4  4  3  4   1  7   0   9   0  16  4
  4  4  4  3  4   4  1   3   9   0  16  4
  4  4  4  3  5   0  4   7   4   0  17  4
  4  4  4  3  5   0  7   1   7   0  17  4
  4  4  4  3  5   0  7   4   1   3  17  4
  4  4  4  3  5   3  1   4   7   0  17  4
  4  4  4  3  5   3  1   7   1   3  17  4
  4  4  4  3  5   3  4   1   4   3  17  4
  4  4  4  4  0   4  7   4   4   0  17  4
  4  4  4  4  0   7  1   7   4   0  17  4
  4  4  4  4  0   7  4   1   7   0  17  4
  4  4  4  4  0   7  4   4   1   3  17  4
  4  4  4  4  3   1  4   7   4   0  17  4
  4  4  4  4  3   1  7   1   7   0  17  4
  4  4  4  4  3   1  7   4   1   3  17  4
  4  4  4  4  3   4  1   4   7   0  17  4
  4  4  4  4  3   4  1   7   1   3  17  4
  4  4  4  4  3   4  4   1   4   3  17  4
  4  4  5  6  6   5  4   0   4  12  15  5
  4  4  7  4  0  11  4   4   0  12  15  5
  4  4  7  4  4   7  4   0   4  12  15  5
  4  5  0 10  6   5  5   5   0   4  21  5
  4  5  0 11  0  10  5   5   4   0  21  5
  4  5  0 11  4   6  5   5   0   4  21  5
  4  5  0 11  5   4  0  11   0  10  15  5
  4  5  0 11  5   4  0  11   5   0  20  5
  4  5  0 11  5   5  4   0   6  10  15  5
  4  5  0 11  5   5  4   0  11   0  20  5
  4  5  5  0 11   5  5   0   4  11  15  5
  4  5  5  0 11   5  5   5   0   4  21  5
  4  5  5  6  5   0  4   5  11   5  15  5
  4  5  5  6  5   5  4   0   6   5  20  5
  4  5  6  0  4  11  5   4   0  11  15  5
  4  5  6  0  9   6  5   4   0   6  20  5
  4  5  6  4  0  11  5   0   4  11  15  5
  4  5  6  4  6   5  4   0   6   5  20  5
  4  5  6  5  0   4 11   5   4   0  21  5
  4  5  6  5  4   0 11   5   0   4  21  5
  4  6  0  4 10   6  4   0  11   5  15  5
  4  6  0  4 11   4  6   4   0  11  15  5
  4  6  0  4 11   5  4   6   4   0  21  5
  4  6  0  9  6   0  9   6   4   0  21  5
  4  6  0 10  4   0 10   0  11   5  15  5
  4  6  4  0  6  10  4   0  11   5  15  5
  4  6  4  0 10   0 11   0  10   5  15  5
  4  6  4  0 10   0 11   5   0  10  15  5
  4  6  4  0 10   0 11   5   5   0  20  5
  4  6  4  0 10   6  0   4  11   5  15  5
  4  6  4  0 11   0 10   4   0  11  15  5
  4  6  4  0 11   4  0   6  10   5  15  5
  4  6  4  0 11   4  0  11   0  10  15  5
  4  6  4  0 11   4  0  11   5   0  20  5
  4  6  4  0 11   4  6   0   4  11  15  5
  4  6  4  0 11   5  0  10   4   0  21  5
  4  6  4  0 11   5  4   6   0   4  21  5
  4  6  4  6  0   4 10   0  11   5  15  5
  4  6  4  6  4   0  6   4  11   5  15  5
  4  6  5  0  5   9  5   6   4   0  21  5
  4  6  5  0  9   5  6   4   0   6  20  5
  4  6  5  4  4   5  6   0   4  12  15  5
  4  6  5  4  5   6  4   0   6   5  20  5
  4  6  6  7  7   6  6   4   0   7  25  6
  4  6  7  6  7   6  4   0  13   0  25  6
  4  7  5  7  7   5  7   4   0   7  25  6
  4  7  7  0  4   7 13   6   6   6  18  6
  4  7  7  4  0  13  7   4   0  14  18  6
  4  7  7  5  5   7  7   4   0   7  25  6
  4  8  5  0 13   0  4  14   6   6  18  6
  4  8  8  8  4   0  8  16   7   7  21  7
  5  0  5 14  5   0 13   6   6   6  18  6
  5  0  5 14  6   5  0  13   6   6  18  6
  5  0  5 14  6   6  5   0  13   6  18  6
  5  0  8  5  7   5  5   3   5   0  22  5
  5  0  8  7  3   7  5   3   5   0  22  5
  5  0  9  0 11   5  4   5   0  11  15  5
  5  0  9  0 11   5  5   4   5   0  21  5
  5  0  9  5  6   5  0   9   5   0  21  5
  5  0  9  6  0   8  0  12   5   5  15  5
  5  0  9  6  3   2  3  12   5   5  15  5
  5  0  9  6  4   5  0   5  11   5  15  5
  5  0  9  6  4   6  0   9   5   0  21  5
  5  0 10  3  7   3  7   3   5   0  22  5
  5  0 10  4  5   0 10   0  11   5  15  5
  5  0 10  4  6   4  1   9   5   0  21  5
  5  0 10  5  3   5  7   3   5   0  22  5
  5  0 10  5  4   5  1   9   5   0  21  5
  5  0 12  0 13   6  6   5   0  13  18  6
  5  0 12  0 13   6  6   6   5   0  25  6
  5  0 12  6  7   6  0  12   5   0  25  6
  5  0 12  7  5   7  0  12   5   0  25  6
  5  0 13  5  0   5 14   6   6   6  18  6
  5  0 13  5  0  13  5   0  13   6  18  6
  5  0 13  5  0  13  6   5   0  13  18  6
  5  0 13  5  7   5  1  12   5   0  25  6
  5  0 13  6  5   0 13   6   5   0  25  6
  5  0 13  6  5   6  1  12   5   0  25  6
  5  0 15  8  7   0  5  16   7   7  21  7
  5  0 20 11  9   5  0  22   9   9  27  9
  5  2  5  8  5   2  5   0  13   5  15  5
  5  2  8  2  8   2  5   0  13   5  15  5
  5  3  2  6  0  14  5   5   5   5  15  5
  5  3  2  8  7   5  5   3   5   0  22  5
  5  3  2 10  3   7  5   3   5   0  22  5
  5  3  5  5  7   5  5   0   8   0  22  5
  5  3  5  5  7   5  5   3   2   3  22  5
  5  3  5  7  0  10  5   3   5   0  22  5
  5  3  5  7  3   7  5   0   8   0  22  5
  5  3  5  7  3   7  5   3   2   3  22  5
  5  3  5  7  5   3  5   0   7  10  15  5
  5  3  5  7  5   3  5   0  12   0  20  5
  5  3  6  6  0   5  3  12   5   5  15  5
  5  3  6  6  3   5  0   6  11   5  15  5
  5  3  7  0  8   7  3   5   0  12  15  5
  5  3  7  0 10   3  7   3   5   0  22  5
  5  3  7  3  7   0 10   3   5   0  22  5
  5  3  7  3  7   3  5   0   7  10  15  5
  5  3  7  3  7   3  5   0  12   0  20  5
  5  3  7  3  7   3  7   0   8   0  22  5
  5  3  7  3  7   3  7   3   2   3  22  5
  5  3  7  5  0   8  7   3   5   0  22  5
  5  3  7  5  3   2 10   3   5   0  22  5
  5  3  7  5  3   5  7   0   8   0  22  5
  5  3  7  5  3   5  7   3   2   3  22  5
  5  4  1  4 11   4  5   0  11   5  15  5
  5  4  1  4 11   5  4   5   0  11  15  5
  5  4  1  4 11   5  5   4   5   0  21  5
  5  4  1  8  0  12  0  10   5   5  15  5
  5  4  1  8  0  12  5   0  10   5  15  5
  5  4  1  8  0  12  5   5   0  10  15  5
  5  4  1  8  0  12  5   5   5   0  20  5
  5  4  1  9  6   0 10   4   5   0  21  5
  5  4  1 10  4   1 10   4   5   0  21  5
  5  4  1 10  4   5  0   5  11   5  15  5
  5  4  4  5  0  12  4   5   0  11  15  5
  5  4  4  5  0  12  5   4   5   0  21  5
  5  4  4  6  6   4  4   1   4  12  15  5
  5  4  5  0 11   0  9   0  11   5  15  5
  5  4  5  0 11   4  1   4  11   5  15  5
  5  4  5  0 11   5  0   9   0  11  15  5
  5  4  5  0 11   5  4   1   4  11  15  5
  5  4  5  0 11   5  5   0   9   0  21  5
  5  4  5  0 11   5  5   4   1   4  21  5
  5  4  5  4  5   0  5  12   5   5  15  5
  5  4  5  6  0   9  0   5  11   5  15  5
  5  4  5  6  5   4  5   0   6   5  20  5
  5  4  6  0  5   9  6   4   5   0  21  5
  5  4  6  0  9   6  4   5   0   6  20  5
  5  4  6  4  1   4 10   0  11   5  15  5
  5  4  6  4  4   6  4   1   4  12  15  5
  5  4  6  4  5   0  6   4  11   5  15  5
  5  5  0  8  7   5  3   5   5   0  22  5
  5  5  0  9  5   0 10   0  11   5  15  5
  5  5  0  9  5   5  0   5  11   5  15  5
  5  5  0  9  6   0  9   5   5   0  21  5
  5  5  0 10  3   7  3   5   5   0  22  5
  5  5  0 10  4   1  9   5   5   0  21  5
  5  5  0 12  8   6  6   5   5   0  26  6
  5  5  0 14  0   5 13   6   6   6  18  6
  5  5  0 14  4   8  6   5   5   0  26  6
  5  5  0 14  6   0  5  13   6   6  18  6
  5  5  0 14  6   6  0   5  13   6  18  6
  5  5  0 18  5   0 16   7   7   7  21  7
  5  5  0 18  7   5  0  16   7   7  21  7
  5  5  0 18  7   7  5   0  16   7  21  7
  5  5  2  8  2   5  5   0  13   5  15  5
  5  5  3  2 10   3  5   5   0  12  15  5
  5  5  3  2 10   5  3   5   5   0  22  5
  5  5  3  5  5   0  5  12   5   5  15  5
  5  5  3  5  7   5  0   8   5   0  22  5
  5  5  3  5  7   5  3   2   8   0  22  5
  5  5  3  5  7   5  3   5   2   3  22  5
  5  5  3  7  0  10  3   5   5   0  22  5
  5  5  3  7  3   5  5   0   7  10  15  5
  5  5  3  7  3   5  5   0  12   0  20  5
  5  5  3  7  3   7  0   8   5   0  22  5
  5  5  3  7  3   7  3   2   8   0  22  5
  5  5  3  7  3   7  3   5   2   3  22  5
  5  5  4  1  5   8  0  12   5   5  15  5
  5  5  4  1  5  10  4   5   5   0  21  5
  5  5  4  1  9   0 10   0  11   5  15  5
  5  5  4  5  5   0  5  11   0  10  15  5
  5  5  4  5  5   0  5  11   5   0  20  5
  5  5  4  5  5   0  9   5   0  12  15  5
  5  5  4  5  5   4  1   9   0  12  15  5
  5  5  5  0  5   9  5   5   5   0  21  5
  5  5  5  0  8   5  5   5   0  12  15  5
  5  5  5  0  9   5  5   0   5  11  15  5
  5  5  5  0 10   3  5   5   5   0  22  5
  5  5  5  2  5   5  5   0  13   5  15  5
  5  5  5  3  5   5  5   0  12   0  20  5
  5  5  5  3  7   0  8   5   5   0  22  5
  5  5  5  3  7   3  2   8   5   0  22  5
  5  5  5  3  7   3  5   2   8   0  22  5
  5  5  5  3  7   3  5   5   2   3  22  5
  5  5  5  4  1   9  5   0   5  11  15  5
  5  5  5  4  4   5  5   1   4  12  15  5
  5  5  5  4  5   1  9   0   5  11  15  5
  5  5  5  4  5   5  1   4   5  11  15  5
  5  5  5  5  0   8  5   5   5   0  22  5
  5  5  5  5  3   2  8   5   5   0  22  5
  5  5  5  5  3   5  2   8   5   0  22  5
  5  5  5  5  3   5  5   2   8   0  22  5
  5  5  5  5  3   5  5   5   2   3  22  5
  5  5 11  5  0   5 18   7   7   7  21  7
  5  6  0 12  7   0 12   6   5   0  25  6
  5  6  0 13  6   5  0   6  13   6  18  6
  5  6  5  6  8   6  5   0  11   0  26  6
  5  6  6  6  7   6  6   0   5   6  25  6
  5  6  6  7  6   5  0   6   7  12  18  6
  5  6  6  7  6   5  0   6  13   0  24  6
  5  6  7  0  5  12  7   6   5   0  25  6
  5  6  7  0 11   0 13   5   0  13  18  6
  5  6  7  0 11   0 13   6   5   0  25  6
  5  6  7  5  0  12  7   6   0   5  25  6
  5  6  7  5  0  13  6   5   0   7  24  6
  5  6  7  6  5   0  7  12   5   0  25  6
  5  6  7  6  5   0 13   0  11   0  25  6
  5  7  0 11  7   5  0  12   0  13  18  6
  5  7  0 11  7   5  0  13   5   0  25  6
  5  7  0 12  5   0 12   7   5   0  25  6
  5  7  0 12  5   7  5   0  12   0  25  6
  5  7  4  7  7   4  7   5   0   7  25  6
  5  7  5  0  7  11  7   5   0  13  18  6
  5  7  5  0  7  12  5   7   5   0  25  6
  5  7  5  0 12   7  5   0   7  12  18  6
  5  7  5  0 12   7  5   0  13   0  24  6
  5  7  5  0 13   0 11   7   5   0  25  6
  5  7  5  0 13   5  7   5   0   7  24  6
  5  7  5  0 13   6  5   1  11   0  25  6
  5  7  5  6  7   5  0   7   5  13  18  6
  5  7  5  7  0   5 12   7   5   0  25  6
  5  7  5  7  0  12  5   0  12   0  25  6
  5  7  5  7  5   0  7  12   5   0  25  6
  5  7  5  7  5   0 12   0   7  12  18  6
  5  7  5  7  5   0 12   0  13   0  24  6
  5  7  5  7  5   0 12   7   0   5  25  6
  5  7  5  7  5   7  0   5  12   0  25  6
  5  7  5  7  5   7  5   0   7   5  25  6
  5  7  7  7  9   7  7   5   0   7  30  7
  5  7  7  8  7   8  7   5   0   7  30  7
  5  7  8  8  7   0  5  16   0  14  21  7
  5  7  8  8  7   0  5  16   7   0  28  7
  5  7  9  5  0  14  9   7   5   0  30  7
  5  8  8  0  5  16  7   6   0  15  21  7
  5  8  8  5  0  14  8   8   5   0  30  7
  5  8  8  5  0  16  0  14   0  14  21  7
  5  8  8  5  0  16  0  14   7   0  28  7
  5  8  8  5  0  16  7   0  14   0  28  7
  5  8  8  5  0  16  7   7   0   7  28  7
  5  9  0 13  8   0 14   5   0  16  21  7
  5  9  0 13  8   5  9   0   5  16  21  7
  5  9  5  7  9   5  0  14   0  16  21  7
  5  9  5  8  8   0 14   0   5  16  21  7
  5  9  5  9  5   0 14   9   5   0  30  7
  5  9  5  9  5   9  5   0  14   0  30  7
  5  9  6  6  9   0  5   9  14   7  21  7
  5  9  6  6  9   0  5  16   0  14  21  7
  5  9  6  6  9   0  5  16   7   0  28  7
  5  9  7  6  1   7 14   5   0  16  21  7
  5  9  7  6  1  12  9   0   5  16  21  7
  5  9  7  6  6   2 14   0   5  16  21  7
  5  9  9 11 11   9  9   0   5  22  27  9
  5  9 11 11  9   5  0  22   0  18  27  9
  5  9 11 11  9   5  0  22   9   0  36  9
  5  9 13  7  7  13  9   0   5  22  27  9
  5 11 11  5  0  22  9   7   0  20  27  9
  5 11 11 14 14  11 11   5   0  28  33 11
  5 11 17  8  8  17 11   5   0  28  33 11
  5 13  0 16 11   5 13   5   0  22  27  9
  5 13  5 11 11   0 18   5   0  22  27  9
  5 13  5 11 11   5 13   0   5  22  27  9
  5 13  7  7 13   5  0  13  18   9  27  9
  5 13  7  7 13   5  0  22   0  18  27  9
  5 13  7  7 13   5  0  22   9   0  36  9
  5 13  9  7  2  14 13   5   0  22  27  9
  5 13  9  7  7   4 18   5   0  22  27  9
  5 13  9  7  7   9 13   0   5  22  27  9
  5 17  5 14 14   5 17   5   0  28  33 11
  5 17 11  8  8  11 17   5   0  28  33 11
  6  0  6 15  8   7  7   7   6   0  29  7
  6  0  6 16  6   8  7   7   6   0  29  7
  6  0 11  6  0  13  6   5   6   0  25  6
  6  0 11  6  7   6  5   6   0   6  25  6
  6  0 12  5  6   0 12   6   0  13  18  6
  6  0 12  5  6   6  6   0   6  13  18  6
  6  0 12  5  7   5  6   0  12   0  25  6
  6  0 14  7  8   7  7   6   0   7  29  7
  6  0 14  8  6   0  6  16   7   7  21  7
  6  0 15  6  0  14  8   7   6   0  29  7
  6  4  6  7  7   6  4   6   0   7  25  6
  6  5  1 11  7   6  5   6   0   6  25  6
  6  5  5  1  5  14  0  12   6   6  18  6
  6  5  5  1  5  14  6   0  12   6  18  6
  6  5  5  1  5  14  6   6   0  12  18  6
  6  5  5  1  5  14  6   6   6   0  24  6
  6  5  6  0  6   5 14   6   6   6  18  6
  6  5  6  0 13   0 11   6   0  13  18  6
  6  5  6  0 13   0 12   5   6   0  25  6
  6  5  6  0 13   5  6   0  13   0  24  6
  6  5  6  0 13   6  0  11   6   0  25  6
  6  5  6  6  0  13  6   0  11   0  25  6
  6  5  6  6  0  13  6   5   1   5  25  6
  6  5  6  6  6   5  6   0   6  14  18  6
  6  5  6  6  7   6  0  11   0   6  25  6
  6  5  6  6  7   6  5   1   5   6  25  6
  6  5  6  7  5   6  0   6   7  12  18  6
  6  5  6  7  5   6  0   6  13   0  24  6
  6  5  7  0 11   0 12   6   0  13  18  6
  6  5  7  0 11   0 13   5   6   0  25  6
  6  5  7  0 12   5  6   0  12   0  25  6
  6  5  7  5  1   5 13   5   6   0  25  6
  6  5  7  5  6   0  7  11   0  13  18  6
  6  5  7  5  6   0 12   0  13   0  24  6
  6  5  7  5  6   0 13   0  11   0  25  6
  6  5  7  5  6   0 13   5   1   5  25  6
  6  5  7  5  7   0 11   0  12   0  25  6
  6  5  7  5  7   5  1   5  12   0  25  6
  6  5  7  5  7   5  6   0   7   5  25  6
  6  6  0 11  6   6  0  12   0  13  18  6
  6  6  0 11  7   5  6   6   0   6  25  6
  6  6  0 12  5   6  6   0  12   0  25  6
  6  6  0 15  8   7  7   7   0   6  29  7
  6  6  0 16  0  14  6   0  15   7  21  7
  6  6  0 16  0  14  7   7   6   0  29  7
  6  6  0 16  6   0 15   0  14   7  21  7
  6  6  0 16  6   0 15   7   0  14  21  7
  6  6  0 16  6   0 15   7   7   0  28  7
  6  6  0 16  6   8  7   7   0   6  29  7
  6  6  0 16  7   6  0  15   0  14  21  7
  6  6  0 16  7   6  0  15   7   0  28  7
  6  6  0 16  7   7  6   0   8  14  21  7
  6  6  0 16  7   7  6   0  15   0  28  7
  6  6  4  7  7   4  6   6   0   7  25  6
  6  6  5  1 10   1  5  14   6   6  18  6
  6  6  5  1 12   5  6   6   0   6  25  6
  6  6  5  5  2   5  5  14   6   6  18  6
  6  6  5  6  5   6  6   0   6  14  18  6
  6  6  5  6  6   0  6   6  13   6  18  6
  6  6  5  6  6   0 11   6   6   0  26  6
  6  6  5  6  6   0 12   0  13   0  24  6
  6  6  5  6  7   0 11   6   0   6  25  6
  6  6  5  6  7   5  1  11   0   6  25  6
  6  6  5  6  7   5  6   1   5   6  25  6
  6  6  5  7  0  11  6   0  12   0  25  6
  6  6  5  7  5   1 11   0  12   0  25  6
  6  6  5  7  5   6  1   5  12   0  25  6
  6  6  5  7  5   6  6   0   7   5  25  6
  6  6  6  0 11   6  6   0  12   0  25  6
  6  6  6  0 11   6  6   6   0   6  25  6
  6  6  6  5  1  11  6   0  12   0  25  6
  6  6  6  5  6   1 11   0  12   0  25  6
  6  6  6  5  6   6  1   5  12   0  25  6
  6  6  6 10  6   6  0   6  17   7  21  7
  6  6  9  6  0   6  9  14   7   7  21  7
  6  6  9  6  0   6 16   0  14   7  21  7
  6  6  9  6  0   6 16   7   0  14  21  7
  6  6  9  6  0   6 16   7   7   0  28  7
  6  7  0  6 16   7  6   0  15   7  21  7
  6  7  0  6 16   7  7   6   0  15  21  7
  6  7  0  6 16   7  7   7   6   0  29  7
  6  7  0 14  8   7  7   6   0   7  29  7
  6  7  0 15  6   0 15   7   6   0  29  7
  6  7  6  0 16   7  0   6  15   7  21  7
  6  7  6  0 16   7  7   0   6  15  21  7
  6  7  6  0 16   7  7   7   0   6  29  7
  6  7  7  0 15   7  6   0   7  15  21  7
  6  7  7  0 15   7  7   6   0   7  29  7
  6  7  8  6  0   7 15   7   6   0  29  7
  6  7 11  7  6   0 19   6   0  18  24  8
  6  8  6  0  8  12  0  16   7   7  21  7
  6  8  6  0 14   0  6  16   7   7  21  7
  6  8  6  0 14   0 14   0  15   7  21  7
  6  8  6  0 14   0 15   6   0  15  21  7
  6  8  6  0 15   6  0  14   0  15  21  7
  6  8  6  0 15   6  0  15   6   0  29  7
  6  8  6  6  6   8  0   6  17   7  21  7
  6  8  9  9  8   0  6   9  17   8  24  8
  6  8 10  7  0  17  8   0   6  18  24  8
  6  9  9  0  6  17  9   8   7   0  33  8
  6  9  9  6  0   9  9  16   8   8  24  8
  6  9  9  6  0   9 17   0  16   8  24  8
  6  9  9  6  0   9 17   8   0  16  24  8
  6  9  9  6  0   9 17   8   8   0  32  8
  6  9  9  6  0  18  8   0   7  17  24  8
  6 10  5 10  6   0 19   6   0  18  24  8
  6 10  7  0 17   6  0  10  16   8  24  8
  6 10  7  0 17   6  0  18   0  16  24  8
  6 10  7  0 17   6  0  18   8   0  32  8
  6 10  7  8  8   0 17   0   6  18  24  8
  6 13 11  8  0  19 13   6   0  24  30 10
  7  0  7 13  8   7  5   7   0  16  21  7
  7  0 12  8  8   7  0  12   0  16  21  7
  7  0 12  8  8   7  5   2   5  16  21  7
  7  0 12  9  3   7  0  18   7   7  21  7
  7  0 13  7  0  13  0  16   7   7  21  7
  7  0 13  8  5   7  0  16   0  14  21  7
  7  0 13  8  5   7  0  16   7   0  28  7
  7  0 14  6  1  14  5   7   0  16  21  7
  7  0 14  6  6   9  0  12   0  16  21  7
  7  0 14  6  6   9  5   2   5  16  21  7
  7  0 15 10  8   7  0   7  18   8  24  8
  7  0 16  9  7   9  7   0  16   0  33  8
  7  0 18 10 10   9  9   0   7  20  27  9
  7  0 19 10  9   7  0  20   0  18  27  9
  7  0 19 10  9   7  0  20   9   0  36  9
  7  0 20  8  8  11  9   0   7  20  27  9
  7  0 22 13 13  11 11   7   0  26  33 11
  7  0 26  9  9  15 11   7   0  26  33 11
  7  3  9  9  0  10  0  18   7   7  21  7
  7  3  9  9  3   4  3  18   7   7  21  7
  7  4  4  7  0  20  7   7   7   7  21  7
  7  5  2 13  8   7  0  12   0  16  21  7
  7  5  2 13  8   7  5   2   5  16  21  7
  7  5  5  7  0  18  0  14   7   7  21  7
  7  5  5  7  0  18  7   0  14   7  21  7
  7  5  5  7  0  18  7   7   0  14  21  7
  7  5  5  7  0  18  7   7   7   0  28  7
  7  5  7  0 12   0 18   7   7   7  21  7
  7  5  7  7  0  16  7   5   7   0  30  7
  7  5  7  7  9   7  5   7   0   7  30  7
  7  5  7  8  7   8  5   7   0   7  30  7
  7  5  7  8  8   7  0   7   5  16  21  7
  7  5  8  8  0  12  0  16   0  14  21  7
  7  5  8  8  0  12  0  16   7   0  28  7
  7  5  8  8  5   2  5  16   0  14  21  7
  7  5  8  8  5   2  5  16   7   0  28  7
  7  5  9  5  7   0 14   7   0  16  21  7
  7  5  9  5  7   0 16   5   7   0  30  7
  7  5  9  5  9   5  7   0  14   0  30  7
  7  5  9  6  1  14  0  12   0  16  21  7
  7  5  9  6  1  14  5   2   5  16  21  7
  7  5  9  6  6   9  0   7   5  16  21  7
  7  6  1 12  0   7 16   7   7   7  21  7
  7  6  1 14  6   6  1   6  16   7  21  7
  7  6  1 14  6   7  0  14   7   0  29  7
  7  6  6  7  0  16  0   7  14   7  21  7
  7  6  6  7  0  16  0  14   0  14  21  7
  7  6  6  7  0  16  0  14   7   0  28  7
  7  6  6  7  0  16  6   6   7   0  30  7
  7  6  6  7  0  16  7   0   7  14  21  7
  7  6  6  7  0  16  7   0  14   0  28  7
  7  6  6  7  0  16  7   7   0   7  28  7
  7  6  6  9  6   1  6   6  16   7  21  7
  7  6  7  0  7  15  6   7   0  15  21  7
  7  6  7  0  7  15  7   6   7   0  29  7
  7  6  7  0 13   0 16   0  14   7  21  7
  7  6  7  0 13   0 16   7   0  14  21  7
  7  6  7  0 13   0 16   7   7   0  28  7
  7  6  7  0 15   6  7   0   7  15  21  7
  7  6  7  0 15   7  6   7   0   7  29  7
  7  6  7  6  7   0 13   0  17   7  21  7
  7  6  7  7  0   7  6  16   7   7  21  7
  7  6  8  0 13   0 13   0  16   7  21  7
  7  6  8  5  8   0  8   5  16   7  21  7
  7  6  8  6  7   0 14   0   7  15  21  7
  7  7  0  7 19   0 16   8   8   8  24  8
  7  7  0  7 19   8  0  16   8   8  24  8
  7  7  0  7 19   8  8   0  16   8  24  8
  7  7  0  7 19   8  8   8   0  16  24  8
  7  7  0  7 19   8  8   8   8   0  32  8
  7  7  0 13  8   0 12   7   0  16  21  7
  7  7  0 13  8   5  2  12   0  16  21  7
  7  7  0 13  8   5  7   2   5  16  21  7
  7  7  0 17  9   0 16   8   7   0  33  8
  7  7  0 17  9   8  0  16   7   0  33  8
  7  7  0 18  7   9  0  16   7   0  33  8
  7  7  5  2 10   7  0  18   7   7  21  7
  7  7  5  5  4  10  0  18   7   7  21  7
  7  7  5  7  9   5  7   7   0   7  30  7
  7  7  5  8  8   0  7  12   0  16  21  7
  7  7  5  8  8   0 12   2   5  16  21  7
  7  7  5  8  8   5  2   7   5  16  21  7
  7  7  5  9  5   7  7   0  14   0  30  7
  7  7  6  1 12   7  0  16   0  14  21  7
  7  7  6  1 12   7  0  16   7   0  28  7
  7  7  6  6  2  12  0  16   0  14  21  7
  7  7  6  6  2  12  0  16   7   0  28  7
  7  7  6  6  6   7  1   6  17   7  21  7
  7  7  6  7  1   6 13   0  16   7  21  7
  7  7  6  7  7   0 14   0   7  15  21  7
  7  7  7  5  7   7  7   0  14   0  30  7
  7  7  7  6  1   7 12   7   0  16  21  7
  7  7  7  6  1  12  2  12   0  16  21  7
  7  7  7  6  6   2  7  12   0  16  21  7
  7  7  7  6  7   7  7   0   7   7  29  7
  7  7  9  9  7   0  7  18   0  16  24  8
  7  7  9  9  7   0  7  18   8   0  32  8
  7  7  9 13  9   7  0   7  22   9  27  9
  7  7 12  7 12   7  0   7  22   9  27  9
  7  8  7  0 18   0 16   8   7   0  33  8
  7  8  7  0 18   8  7   0  17   0  32  8
  7  8  8  0  7  18  8   7   0  17  24  8
  7  8  8  0  7  18  8   8   7   0  33  8
  7  8  8  7  0  18  8   0   7  17  24  8
  7  8  8  7  0  18  8   8   0   7  33  8
  7  8  8  8  9   8  7   0   8   8  33  8
  7  8 12  8  8   8 12   7   0   8  39  9
  7  9  0 19 10   9  9   0   7  20  27  9
  7  9  7  0 16   0 16   9   7   0  33  8
  7  9  7  0 16   7  0  18   0  16  24  8
  7  9  7  0 16   7  0  18   8   0  32  8
  7  9  7  0 16   9  7   0  16   0  33  8
  7  9  7  7  9   0  7  18   0  16  24  8
  7  9  7  7  9   0  7  18   8   0  32  8
  7  9  7  8  9   7  0  16   0   8  33  8
  7  9  7  9  7   0 16   0  16   0  33  8
  7  9  8  7  1  14  9   0   7  18  24  8
  7  9  8  7  7   2 15   0   7  18  24  8
  7  9  9  7  0  22  9   7   0  20  27  9
  7  9  9  7  0  22  9   9   7   0  38  9
  7  9 10 10  9   7  0  20   0   9  36  9
  7  9 11  8  8  11  9   0   7  11  36  9
  7 10 10  0  7  20  7   0  20   9  27  9
  7 10 10  0 17  10  7   0  10  19  27  9
  7 10 10  7  0  19 10   9   0   8  37  9
  7 10 10  7  0  20  0   7  20   9  27  9
  7 10 10  7  0  20  0  17   0  19  27  9
  7 10 10  7  0  20  9   8   0  10  36  9
  7 10 10  7 10  10  0   7  10  19  27  9
  7 11  0 17  1  16 11   7   0  20  27  9
  7 11  0 17 10   7 11   7   0  11  36  9
  7 11  0 24 13  11 11   7   0  26  33 11
  7 11  7 10 10   0 18   7   0  11  36  9
  7 11  7 10 10   7 11   0   7  11  36  9
  7 11  8  8 11   0  7  19   0  19  27  9
  7 11  8  8 11   7  0  11  18   0  36  9
  7 11  9  8  1  16 11   7   0  11  36  9
  7 11  9  8  8   2 18   7   0  11  36  9
  7 11  9  8  8   9 11   0   7  11  36  9
  7 11 15  9  9  15 11   7   0  15  44 11
  7 12 12 12 12   7  0  24   0  24  33 11
  7 13 13  7  0  26  7   0  26  11  33 11
  7 13 13  7 13  13  7   0  13  24  33 11
  7 15  7 13 13   7 15   7   0  15  44 11
  7 15  9  9 15   7  0  24   0  24  33 11
  7 15 11  9  9  11 15   7   0  15  44 11
  8  0 15  0 15   8  0  18   8   8  24  8
  8  0 15  9  6   8  0   9  17   8  24  8
  8  0 17 10 10   9  8   0   8  20  27  9
  8  0 18  8  0  20  9   9   8   0  37  9
  8  0 19  8  0  19  8   8   0  20  27  9
  8  0 19  8  8  11  8   0   8  20  27  9
  8  0 21  0 21   8  0  22  10  10  30 10
  8  0 21 11 10   8  0  11  21  10  30 10
  8  0 22  9  0  21 10   8   0  22  30 10
  8  6  9  9  0  14  0   9  17   8  24  8
  8  6  9  9  6   2  6   9  17   8  24  8
  8  7  1 14  0  18  7   8   0  17  24  8
  8  7  1 14  0  18  8   7   8   0  33  8
  8  7  1 15  9   7  7   1   7  18  24  8
  8  7  7  7  1  14  0  20   8   8  24  8
  8  7  7  9  9   7  1   7   7  18  24  8
  8  7  8  0  8  15  0  18   8   8  24  8
  8  7  8  8  0  15  0  18   0  16  24  8
  8  7  8  8  0  15  0  18   8   0  32  8
  8  7  8  8  0  17  7   8   0   8  33  8
  8  7  8  9  7   8  0   8  16   0  33  8
  8  7  9  7  1  15  7   1   7  18  24  8
  8  7  9  7  7   9  1   7   7  18  24  8
  8  7  9  7  8   0 16   8   0   8  33  8
  8  8  0 20  0  16  0  20   9   9  27  9
  8  8  0 20  8   0  8  20   9   9  27  9
  8  8  0 20  8   0 19   9   8   0  37  9
  8  8  0 20  9   0 16   0  20   9  27  9
  8  8  0 20  9   8  0   8  20   9  27  9
  8  8  7  7  8   1  7  18   0  16  24  8
  8  8  7  7  8   1  7  18   8   0  32  8
  8  8  7  7  8   7  1  15   0  19  24  8
  8  8  7  8  7   1  8   7  18   8  24  8
  8  8  7  8  8   0 16   0  16   0  33  8
  8  8  8  7  1  14  8   1   7  18  24  8
  8  8  8  7  7   2 14   1   7  18  24  8
  8  8  8  7  7   8  2   7   7  18  24  8
  8  8  9 11  9   8  0   8  11  18  27  9
  8  8  9 11  9   8  0   8  20   0  36  9
  8  8 10 10  8   0  8  10  19   9  27  9
  8  8 11  0 16  11  8   0   8  20  27  9
  8  8 11  8  0   8 19   0  19   9  27  9
  8  8 11  8  0   8 20   8   0  19  27  9
  8  8 11  8  0   8 20   9   8   0  37  9
  8  8 11  8  0  19  0  16   0  20  27  9
  8  8 11  8  0  19  8   0   8  20  27  9
  8  8 11  8  8  11  0   8   8  20  27  9
  8  9  0 17  0  20  9   8   0  19  27  9
  8  9  0 17  0  20  9   9   8   0  37  9
  8  9  8  0 20   9  8   0   9  19  27  9
  8  9  8  0 20   9  9   8   0   9  37  9
  8  9  9  8  0  20  0  18   8   0  37  9
  8  9  9  8  0  20  9   0  17   0  37  9
  8 10  0 17 10   7  1  17   0  20  27  9
  8 10  7 10 10   0  8  17   0  20  27  9
  8 10  7 10 10   7  1  10   7  20  27  9
  8 10  8  0 18   8  0  10  19   9  27  9
  8 10  8  8 10   0  8  10  19   9  27  9
  8 10  8  9  9   0 18   0   8  20  27  9
  8 10 10 11 11  10 10   0   8  11  41 10
  8 10 11 10 11  10  0   8  21   0  41 10
  8 10 11 11 10   8  0  11  11  20  30 10
  8 10 11 11 10   8  0  11  21   0  40 10
  8 10 12  9  0  21 10   8   0  12  40 10
  8 11  9 11 11   9 11   0   8  11  41 10
  8 11 11  0  8  21 11   8   0  22  30 10
  8 11 11  8  0  11 21  10   9   0  41 10
  8 11 11  8  0  19 11   8   0  24  30 10
  8 11 11  8  0  21 11   0   8  22  30 10
  8 11 11  8  0  21 11   0  19   0  41 10
  8 11 11  9  9  11 11   0   8  11  41 10
  8 12  9  0 20   0 21   8   0  22  30 10
  8 12  9  0 21   8  0  21   0  21  30 10
  8 12  9  9 12   8  0  12   9  21  30 10
  8 12  9 10 10   0 21   8   0  12  40 10
  8 12 12 12  0   8 12  24  11  11  33 11
  9  0 14 11 11   9  5   9   0  22  27  9
  9  0 16 10 10   0 16   9   0  20  27  9
  9  0 17  8  9   0  9  20   9   9  27  9
  9  0 17  9  0  17  9   0  20   9  27  9
  9  0 17  9  0  19  7   9   0  20  27  9
  9  0 18  7  7  13  5   9   0  22  27  9
  9  0 18  8  8  10  8   1   8  20  27  9
  9  0 18  8  8  11  7   9   0  11  36  9
  9  0 18  8  9   0 19   7   9   0  38  9
  9  0 19 10 12  10 10   9   0   9  42 10
  9  0 20  9 12   9 11   9   0   9  42 10
  9  0 20 11  9   9  0  22   9   0  41 10
  9  0 21  9 10   9 12   9   0   9  42 10
  9  0 22 12 12   0 22   9   0  24  33 11
  9  0 24 10 10  13 11   9   0  13  44 11
  9  5  4 16 11   9  5   9   0  22  27  9
  9  5  9 11 11   9  0  14   0  22  27  9
  9  5  9 11 11   9  5   4   5  22  27  9
  9  5 11 11  5   9  0  22   0  18  27  9
  9  5 11 11  5   9  0  22   9   0  36  9
  9  5 13  7  2  18  5   9   0  22  27  9
  9  5 13  7  7  13  0  14   0  22  27  9
  9  5 13  7  7  13  5   4   5  22  27  9
  9  7  7  9  0   9 22   9   9   9  27  9
  9  7  7 13  7   7  2   7  22   9  27  9
  9  7  9  0 16   9  0  22   9   9  27  9
  9  7 10  9  0  19  0  16   0  20  27  9
  9  7 10  9  0  19  7   2   7  20  27  9
  9  7 10 10  7   9  0  20   0   9  36  9
  9  7 11  5 11   0 16   0  22   9  27  9
  9  7 11  8  1  18  7   9   0  11  36  9
  9  7 11  8  8  11  0  16   0  11  36  9
  9  7 11  8  8  11  7   2   7  11  36  9
  9  7 11  8  9   0 19   0  16   0  38  9
  9  7 11  8  9   0 19   7   2   7  38  9
  9  8  1 16 11   9  8   8   1   8  38  9
  9  8  8  1  8   8 21   9   9   9  27  9
  9  8  8  1  8  20  8   9   0  19  27  9
  9  8  8  1  8  20  9   8   9   0  37  9
  9  8  8  9  0   9 20   0  18   9  27  9
  9  8  8  9  0   9 20   9   0  18  27  9
  9  8  8  9  0   9 20   9   9   0  36  9
  9  8  8  9  0  20  0  17   0  19  27  9
  9  8  8  9  0  20  8   1   8  19  27  9
  9  8  8  9  0  20  9   0  17   0  37  9
  9  8  8  9  0  20  9   8   1   8  37  9
  9  8  8  9 11   9  8   1   8   8  38  9
  9  8  8 11  8   8  1   8  11  18  27  9
  9  8  8 11  8   8  1   8  20   0  36  9
  9  8  9  0 17   0  9  20   9   9  27  9
  9  8  9  0 17   9  0  20   0  18  27  9
  9  8  9  0 17   9  0  20   9   0  36  9
  9  8  9  9  8   9  0  17   9   0  39  9
  9  8  9 10  0  17  9   0  17   0  38  9
  9  8  9 10  7  10  9   0  10   7  38  9
  9  8 10  0 18   7 10   0  17   0  38  9
  9  8 10  7 10   0 17   0  20   0  36  9
  9  8 10  7 11   0 17   0  17   0  38  9
  9  8 10  7 11   7 10   0  10   7  38  9
  9  8 10  8  1   8 17   9   0  20  27  9
  9  8 10  8  8   1 10  16   0  20  27  9
  9  9  0  9 23   9  0  21  10  10  30 10
  9  9  0  9 23  10  9   0  21  10  30 10
  9  9  0  9 23  10 10   9   0  21  30 10
  9  9  0  9 23  10 10  10   9   0  41 10
  9  9  0 16 11   5  9   9   0  22  27  9
  9  9  0 17  1  16  9   9   0  20  27  9
  9  9  0 17  9   0 17   9   0  20  27  9
  9  9  0 17  9   8  1  17   0  20  27  9
  9  9  0 21 11   9  0  21   9   0  41 10
  9  9  0 21 11  10  0  18   0  22  30 10
  9  9  0 21 11  10  9   0   9  22  30 10
  9  9  0 22  0  20 10   9   9   0  42 10
  9  9  0 22  8  12 10   9   1   8  42 10
  9  9  0 22  9   9  0  22   0  20  30 10
  9  9  0 22  9   9  0  22  10   0  40 10
  9  9  0 22 10   9  9   0  12  20  30 10
  9  9  0 22 10   9  9   0  22   0  40 10
  9  9  0 24 13  11  9   9   0  26  33 11
  9  9  5 11 11   0 14   9   0  22  27  9
  9  9  5 11 11   5  4  14   0  22  27  9
  9  9  5 11 11   5  9   4   5  22  27  9
  9  9  7  7  9   9  0  22   0  18  27  9
  9  9  7  7  9   9  0  22   9   0  36  9
  9  9  7  9  7   2 16   0  22   9  27  9
  9  9  8  1 16   9  0   9  20   9  27  9
  9  9  8  1 17   0 17   9   0  20  27  9
  9  9  8  1 18   8  8   9   1   8  38  9
  9  9  8  8  2  16  0   9  20   9  27  9
  9  9  8  8  9   9  0  17   9   0  39  9
  9  9  8  8  9   9  0  20   0   9  36  9
  9  9  8  8 11   8  1  16   1   8  38  9
  9  9  8  8 11   8  8   2   8   8  38  9
  9  9  8  9  1   8 17   9   0  20  27  9
  9  9  8  9  8   1 17   0  20   0  36  9
  9  9  8  9  9   0  9  17   0  20  27  9
  9  9  8  9  9   0 17   1   8  20  27  9
  9  9  8  9  9   8  1   9   8  20  27  9
  9  9  8 10  0  17  8   1  17   0  38  9
  9  9  8 10  7  10  1   8  17   0  38  9
  9  9  8 10  7  10  8   1  10   7  38  9
  9  9  9  7  2  14  9   9   0  22  27  9
  9  9  9  7  7   4 14   9   0  22  27  9
  9  9  9  7  7   9  4  14   0  22  27  9
  9  9  9  8  9   1 16   1  17   0  38  9
  9  9  9  8  9   8  2   8  17   0  38  9
  9  9 11  0 21   9 11   9   0   9  42 10
  9  9 11  9 12   0 20   9   0   9  42 10
  9  9 11 11  9   0  9  22   9   0  41 10
  9  9 11 11  9   9  0  22   0   9  41 10
  9  9 11 11 15  11 11   9   0   9  48 11
  9  9 11 14  9  14 11   9   0   9  48 11
  9  9 12  0 19   9 12   9   0   9  42 10
  9  9 12  9  0  21  9   9   0  12  40 10
  9  9 12  9  9  12  9   0   9  12  40 10
  9  9 12  9 10   0 21   9   0   9  42 10
  9  9 13  9 15   9 13   9   0   9  48 11
  9  9 13 13  9   9  0  26   9   0  46 11
  9  9 15  9 11   9 15   9   0   9  48 11
  9  9 15 10  9  10 15   9   0   9  48 11
  9 10  9  0 10  22 10   9   0  21  30 10
  9 10  9  0 10  22 10  10   9   0  41 10
  9 10 10  9  0  22 10   9   0  10  41 10
  9 11  0 19 11   8 11   9   0  11  41 10
  9 11  8 11 11   0 19   9   0  11  41 10
  9 11  8 11 11   8 11   1   8  11  41 10
  9 11  9  0 20   0 20   9   0  22  30 10
  9 11  9  0 20   9  0  22   9   0  41 10
  9 11  9  0 21   9  0  20   9   0  42 10
  9 11  9  0 21   9  9  11   0   9  42 10
  9 11  9  9 11   0  9  22   9   0  41 10
  9 11  9  9 12   9  0  20   0   9  42 10
  9 11 11 12 12  11  0   9  11  24  33 11
  9 11 13 10 10   0 24   0   9  24  33 11
  9 12  0 22 12  10 12   9   0  12  45 11
  9 12 10 12 12   0 22   9   0  12  45 11
  9 12 12  0 20  12 12   9   0  12  45 11
  9 12 12  9  0  24  9   0  24   0  44 11
  9 12 12  9 12  12  9   0  12  12  44 11
  9 12 12 10  0  22 12   9   0  12  45 11
  9 13  7 13 13   7  2  20   0  26  33 11
  9 13  9  9 15   9  9  13   0   9  48 11
  9 13 10 10 13   0  9  24   9   0  46 11
  9 13 10 10 13   9  0  24   0   9  46 11
  9 13 13 15 15  13  9   0  13  30  39 13
  9 13 17 11 11   0 30   9   0  30  39 13
  9 14  9 14 14   9  0  23   0  28  36 12
  9 17 11 11 17   9  0  30   9   0  56 13
 10  0 18 11 11  10  8  10   0  11  41 10
 10  0 19 10  9  10  0  10  22  10  30 10
 10  0 19 10 10   0 19  10   0  22  30 10
 10  0 19 11  8  11 10   0  19   0  42 10
 10  0 20  9  9   1 19  10   0  22  30 10
 10  0 24 13 13  12 12  10   0  13  49 12
 10  0 25 12 13  12 10   0  25   0  49 12
 10  8  2 19  0  21  8  10   0  22  30 10
 10  8  2 19 11  10  8  10   0  11  41 10
 10  8 10 11 11  10  0  18   0  11  41 10
 10  8 10 11 11  10  8   2   8  11  41 10
 10  8 11 11  8  10  0  11  11  20  30 10
 10  8 11 11  8  10  0  11  21   0  40 10
 10  9  1 18 12   9 10   0  19   0  42 10
 10  9  9  1 21   9  9   1   9  22  30 10
 10  9  9  1 21  10  9   9   1   9  42 10
 10  9 10  0 19   0 22   9  10   0  41 10
 10  9 10  0 21   9 10   0  19   0  42 10
 10  9 10  0 21   9 10   9   1   9  42 10
 10  9 10  9 10   0 10  22   0  20  30 10
 10  9 10  9 10   0 10  22  10   0  40 10
 10  9 10  9 12   9 10   0  10   9  42 10
 10  9 10 10  0  19  0  10  22  10  30 10
 10  9 11  8 11   0 19   0  11  21  30 10
 10  9 11  9  9   1 19   1   9  22  30 10
 10  9 11  9 10   0 11  18  10   0  42 10
 10  9 11  9 10   0 20   0  19   0  42 10
 10  9 11  9 10   0 20   9   1   9  42 10
 10  9 11  9 10   9 11   0  10   9  42 10
 10 10  0 19 10  10  0  19  10   0  42 10
 10 10  0 19 11   8 10  10   0  11  41 10
 10 10  0 22 13  11 11   0  20   0  46 11
 10 10  0 22 13  11 11  10   0  10  46 11
 10 10  0 24  9  13 11   0  20   0  46 11
 10 10  8 11 11   0 18  10   0  11  41 10
 10 10  8 11 11   8  2  18   0  11  41 10
 10 10  8 11 11   8 10   2   8  11  41 10
 10 10  9  9  9   9  2  18   0  24  30 10
 10 10  9  9 10   1  9  10  22  10  30 10
 10 10  9 10  1  18 10   0  10  22  30 10
 10 10  9 10 10  10  0  10  19   0  42 10
 10 10  9 10 10  10  0  19   1   9  42 10
 10 10 10  9 10   9 10   1  10   9  42 10
 10 10 11  0 24  11 10   0  10  24  33 11
 10 10 11  0 24  11 11  10   0  10  46 11
 10 10 11 12 12  11 10   0  10  12  45 11
 10 10 13 10  0  21 13  10   0  10  46 11
 10 11  0 21 13  11 10   0  21   0  46 11
 10 11 10 11 13  11 10   0  11  10  46 11
 10 11 11 10  0  11 24  11  10   0  45 11
 10 12  0 25  0  25 12  10   0  26  36 12
 10 12  0 25 13  12 12  10   0  13  49 12
 10 12 10 10  2  20  0  10  25  11  33 11
 10 12 11 10 10  11 12   0  10  12  45 11
 10 12 12 13 12  13 12   0  10  12  50 12
 10 12 13 12 13  12 10   0  13  12  49 12
 10 13 13  0 10  24 13  13  10   0  50 12
 10 13 13 10  0  13 23   0  26  12  36 12
 10 13 13 10  0  13 25  10   0  26  36 12
 10 13 13 10  0  24 13  13   0  10  50 12
 10 13 13 10  0  26 10   0  13  25  36 12
 10 14 11  0 25  10  0  26  10   0  50 12
 11  0 11 29 14  13 13  11   0  28  39 13
 11  0 20 12 12   9 11   0  11  24  33 11
 11  0 21 11 11  10 11   0  11  24  33 11
 11  0 25 11 11   0 25  11   0  26  36 12
 11  0 28 12 12   0 28  11   0  28  39 13
 11  5 11 14 14  11  5  11   0  28  33 11
 11  5 17  8  8  17  5  11   0  28  33 11
 11  7 13 11  0  24  7  11   0  26  33 11
 11  7 15  9  9  15  7  11   0  15  44 11
 11  7 15  9 11   0 24   7  11   0  48 11
 11  9  2 21 11   0 23   9  11   0  46 11
 11  9  2 21 12   9 11   0  11  24  33 11
 11  9  9  9  2   9 28  11  11  11  33 11
 11  9  9 11 15  11  9   9   2   9  48 11
 11  9  9 14  9  14  9   9   2   9  48 11
 11  9 11  9 15   9 11   0  20   0  48 11
 11  9 11 11  9  11  0  11  26  11  33 11
 11  9 11 12 12   0 20   0  11  24  33 11
 11  9 11 13  7  13 11   0  20   0  48 11
 11  9 13  7 15   7 13   0  20   0  48 11
 11  9 13  9  9   2 20  11   0  26  33 11
 11  9 13  9 11   0 22   9  11   0  48 11
 11 10  1 20  0  21  0  25  11  11  33 11
 11 10 10 10  1  10 25   0  22  11  33 11
 11 10 10 10  1  10 25  11   0  22  33 11
 11 10 10 10  1  10 25  11  11   0  44 11
 11 10 10 11  0  21 10  11   0  26  33 11
 11 10 10 11  0  24 10  11   0  11  45 11
 11 10 10 12 12  10 10   1  10  12  45 11
 11 10 10 13 10  10  1  10  23   0  45 11
 11 10 11  0 21  11  0  11  24  11  33 11
 11 10 11 11 10  11  0  11  24   0  44 11
 11 10 11 11 11   0 21   0  11  24  33 11
 11 10 11 12  9  12  0  11  21   0  46 11
 11 10 12 10 10  12 10   1  10  12  45 11
 11 11  0 11 11  28 12  12  12  12  36 12
 11 11  0 21 10  11 11   0  11  24  33 11
 11 11  0 21 11   0 21  11  11   0  46 11
 11 11  0 22  0  34 13  13  13  13  39 13
 11 11  0 24 14   0 24  11  11   0  50 12
 11 11  0 25  0  25 11  11   0  26  36 12
 11 11  0 25 13  12 11  11   0  13  49 12
 11 11  0 26 11  11  0  26  11   0  49 12
 11 11  0 29 14  13 13   0  11  28  39 13
 11 11  0 36 17  15 15  11   0  34  45 15
 11 11  0 72 24  24 25  25  24  24  72 24
 11 11  0 72 24  26 23  23  26  24  72 24
 11 11  0 72 26  22 25  25  22  26  72 24
 11 11  0 72 26  24 23  23  24  26  72 24
 11 11  0 74 22  24 25  25  24  22  74 24
 11 11  0 74 22  26 23  23  26  22  74 24
 11 11  0 74 24  22 25  25  22  24  74 24
 11 11  0 74 24  24 23  23  24  24  74 24
 11 11  5 14 14   5 11  11   0  28  33 11
 11 11  9  9 11  11  0  11  26  11  33 11
 11 11  9  9 15   9  9  11   2   9  48 11
 11 11  9 11 11  11  0  20  11   0  48 11
 11 11  9 13  7  13  9   2  20   0  48 11
 11 11 10  1 20  11  0  22   0  24  33 11
 11 11 10 10  2  19  1  10  25  11  33 11
 11 11 10 10  2  20  0  22   0  24  33 11
 11 11 10 10 11  10  1  20  11   0  48 11
 11 11 10 10 11  11  0  11  24   0  44 11
 11 11 10 11 10   1 21   0  11  24  33 11
 11 11 10 11 10  11  1  10  11  24  33 11
 11 11 10 11 11   0 11  21  11   0  46 11
 11 11 10 11 11   0 21   1  21   0  46 11
 11 11 11  0 11  34 13  13  13  13  39 13
 11 11 11  8  8  11 11  11   0  28  33 11
 11 11 11  9 11   9 11   2  20   0  48 11
 11 11 11 10  1  20 11  11   0  11  46 11
 11 11 11 10 10   2 20  11   0  11  46 11
 11 11 11 10 10  11  2  20   0  11  46 11
 11 11 14 11  0  11 25  11   0  26  36 12
 11 11 14 11  0  11 26  11  11   0  50 12
 11 11 14 11 11   0 14  22   0  26  36 12
 11 11 14 11 11   0 25   0  11  26  36 12
 11 11 14 11 11   0 26  11   0  11  50 12
 11 11 17 11 11   0 28  11   0  30  39 13
 11 12 11  0 26  12 11   0  23   0  50 12
 11 13  0 27 14  13 11   0  13  28  39 13
 11 13 10 13 13  10  1  23   0  13  49 12
 11 13 11  0 24  11  0  24   0  26  36 12
 11 13 11 11 13   0 11  24   0  26  36 12
 11 13 11 11 13  11  0  13  11  26  36 12
 11 14 14 11  0  14 26  14  11   0  54 13
 11 14 14 11  0  26  2  26  11   0  54 13
 11 14 14 11  0  27 14  11   0  14  53 13
 11 14 15 15 15  14  0  11  15  30  42 14
 11 15  0 25 11   0 29  11   0  28  39 13
 11 15 10 15  1  10 29  11   0  28  39 13
 11 15 11 11 15  11  0  26   0  30  39 13
 11 15 12 12 15  11  0  15  24   0  54 13
 11 15 12 12 15  11  0  27   0  12  54 13
 11 15 15 15 11   0 15  30   0  28  42 14
 11 15 15 15 11   0 15  30  14   0  56 14
 11 17 13 12 17  12  0  30   0  11  59 14
 11 17 13 13 15  13  0  30   0  11  59 14
 11 17 19 19 19  17 11   0  19  38  51 17
 11 23 15 13 23  13  0  38  11   0  74 17
 11 23 15 15 19  15  0  38  11   0  74 17
 12  0 22 13 12  13 10  12   0  12  50 12
 12  0 23 12 12  12 11  12   0  12  50 12
 12 10  2 23 12  13 10  12   0  12  50 12
 12 10 12 13 12  13  0  22   0  12  50 12
 12 10 13 12  0  25 10  12   0  13  49 12
 12 11 11 11 11  11  1  11  29  12  36 12
 12 11 11 12  0  12 11  27  12  12  36 12
 12 11 11 12  0  12 26  11  12   0  49 12
 12 11 11 12  0  26 11   1  22   0  50 12
 12 11 12 12  0  23  0  24   0  26  36 12
 12 11 12 12 12  12  0  23   0  12  50 12
 12 12  0 12 29  12 12   0  28  13  39 13
 12 12  0 12 29  13 12  12   0  28  39 13
 12 12  0 12 29  13 13  12  12   0  54 13
 12 12  0 23 12  11 12  12   0  12  50 12
 12 12  0 24  0  30  0  26  13  13  39 13
 12 12  0 24  0  30 13   0  26  13  39 13
 12 12  0 24  0  30 13  13   0  26  39 13
 12 12  0 24  0  30 13  13  13   0  52 13
 12 12  0 28 11   1 27  12  12   0  54 13
 12 12  0 28 12   0 24   0  29  13  39 13
 12 12  0 28 12  12  0  12  29  13  39 13
 12 12 11 11 11   2 11  11  27  12  36 12
 12 12 11 12 12   0 23  12   0  12  50 12
 12 12 11 12 12  11  1  23   0  12  50 12
 12 12 11 12 12  11 12   1  11  12  50 12
 12 12 12  0 12  30  0  26  13  13  39 13
 12 12 12  0 12  30 13   0  26  13  39 13
 12 12 12  0 12  30 13  13   0  26  39 13
 12 12 12  0 12  30 13  13  13   0  52 13
 12 12 12  0 29  12  0  12  28  13  39 13
 12 12 12  0 29  13 12   0  12  28  39 13
 12 12 12  0 29  13 13  12   0  12  54 13
 12 12 12 11 11  12 12   1  11  12  50 12
 12 12 12 12  0  24  0  32  13  13  39 13
 12 12 12 12 12   0 12  32  13  13  39 13
 12 12 12 16 12   0 12  12  29  13  39 13
 12 12 13 13 15  13 12   0  12  13  54 13
 12 13 12 13  0  12 29  13  12   0  53 13
 12 13 17 13  0  12 31  12   0  30  42 14
 12 13 17 13 12   0 31   0  12  30  42 14
 12 14  0 29 14  15 14  12   0  14  58 14
 12 14 12  0 24  14  0  12  29  13  39 13
 12 14 14 15  0  29 14  12   0  14  58 14
 12 14 14 15 15  14 12   0  14  15  57 14
 12 16 11 16 12   0 31   0  12  30  42 14
 12 16 16 16 12   0 16  16  31  15  45 15
 12 18 14  0 31  13  0  32  12   0  63 15
 12 19 17 14  0  31 19   0  12  36  48 16
 13  0 25 14 11  13  0  26  13   0  54 13
 13  0 26 12 12  13 13  13   0  13  54 13
 13  0 31 14 17  13  0  32  13   0  62 15
 13  0 32 14 13   0 33  13   0  32  45 15
 13  9 13 15 15   9 13   0  13  30  39 13
 13 11 11 13  0  24  0  32  13  13  39 13
 13 11 13 13 13  13 11  13   0  13  56 13
 13 11 14 14 11   2 11  26  13   0  54 13
 13 11 14 14 11  13  0  26   2  11  54 13
 13 12 12  1 12  28 12  12  13   0  54 13
 13 12 12 13  0  25  0  29   0  26  39 13
 13 12 12 13  0  25  0  29  13   0  52 13
 13 12 12 13  0  28  0  24  13   0  54 13
 13 12 12 13  0  28 12  12   1  12  54 13
 13 12 13  0 25   0 25   0  29  13  39 13
 13 12 13  0 25  12  1  12  29  13  39 13
 13 12 13 12 13   0 13  12  29  13  39 13
 13 12 13 13  0  26 12  13   0  13  54 13
 13 12 13 13 12  13  0  13  13  28  39 13
 13 12 14 12 12   1 25  13   0  13  54 13
 13 13  0 33 16   0 30  13   0  32  45 15
 13 13 11 11 13  13  0  26   0  30  39 13
 13 13 11 13 13  11 13  13   0  13  56 13
 13 13 12 12 13  13  0  13  13  28  39 13
 13 13 12 13 12   1 25   0  26   0  54 13
 13 13 13 11 11  13 13  13   0  13  56 13
 13 13 13 17 13  13  0  13  17  28  42 14
 13 13 13 17 13  13  0  13  31   0  56 14
 13 14 13  0 27   0 31  14  13   0  57 14
 13 15 13 13 13  15  0  13  31   0  56 14
 13 15 14 13 13   2 25  15   0  13  59 14
 13 15 14 13 13  13  3  26   0  13  59 14
 13 15 17 14 14   0 32  13   0  15  62 15
 13 17 14  0 31  13  0  31  13   0  63 15
 13 17 14 13 18  13  0  31   0  13  63 15
 13 17 17 17  0  30  0  34  13   0  67 16
 13 17 17 17 13  17  0  34   0  13  67 16
 13 18 18 18 18   0 13  18  37  17  51 17
 13 19 15 15  2  30  0  34  13   0  67 16
 13 19 15 15 17   0 15  34  13   0  67 16
 13 20 20 20 20  20 20  13   0  20  81 19
 13 21 15 13 23  13  0  36  13   0  74 17
 13 21 21 21 13  21  0  42  13   0  82 19
 13 23 23 23 23  13  0  23  48  21  63 21
 14  0 26 15 15  11 14   0  15  30  42 14
 14  0 33 14 19  14  0  14  36  16  48 16
 14  0 35 18 18  17 14   0  18  36  51 17
 14 11 15 15 15   0 25   0  15  30  42 14
 14 11 15 15 15  11  3  11  15  30  42 14
 14 12 14 15  0  29 12  14   0  14  58 14
 14 12 14 15 15  12 14   0  14  15  57 14
 14 12 15 15 12  14  0  15  27   0  58 14
 14 13 13  1 13  26  0  32  14  14  42 14
 14 13 13 13  1  13 31  13  14   0  57 14
 14 13 14 13 14   0 27   0  31   0  56 14
 14 13 14 14 14  13 14   0  14  14  58 14
 14 14  0 28  0  34 14   0  31  15  45 15
 14 14  0 28  0  34 15  14   0  31  45 15
 14 14  0 28  0  34 15  15  14   0  61 15
 14 14  0 35  0  33 16  14   0  34  48 16
 14 14  0 35 17  16 16  14   0  17  65 16
 14 14 13  1 26  13  1  27   0  31  42 14
 14 14 13 13 13  14  1  13  31   0  56 14
 14 14 13 13 14   1 13  27   0  31  42 14
 14 14 13 14 13  14 14   0  14  14  58 14
 14 14 14  0 14  34 14   0  31  15  45 15
 14 14 14  0 14  34 15  14   0  31  45 15
 14 14 14  0 14  34 15  15  14   0  61 15
 14 14 14 13 13   2 25  14   1  13  59 14
 14 14 14 13 13  13  3  25   1  13  59 14
 14 14 15 14  0  33 15  14   0  14  62 15
 14 14 19  0 33  14  0  14  36  16  48 16
 14 15 19 15 15  15 19   0  14  15  67 16
 14 18 13 18 14   0 35  14   0  18  64 16
 14 18 15 14 19  14  0  18  29   0  67 16
 14 19 19 19 19   0 14  38   0  38  54 18
 14 21 19 16  0  19 37  14   0  40  54 18
 15  0 33 15 15  15 18  15   0  15  67 16
 15  0 36 16 16  16 20  15   0  16  71 17
 15 11 17 17 11  15  0  30  15   0  64 15
 15 14 14  1 31  14 14  14   1  14  63 15
 15 14 14 14  1  14 14  34  15  15  45 15
 15 14 14 14 18  14 14   1  14  14  63 15
 15 14 15  0 29  15  0  29   0  33  45 15
 15 14 16 13 16   0 29   0  29   0  63 15
 15 14 16 13 16  13 16   0  16  13  63 15
 15 14 16 14 14   1 29  14   1  14  63 15
 15 14 16 14 14  14 16   1  14  14  63 15
 15 15  0 31 19  16 15   0  30   0  67 16
 15 15  0 31 19  16 15  15   0  15  67 16
 15 15  0 33 15  18 15  15   0  15  67 16
 15 15  0 34 13  19 15   0  30   0  67 16
 15 15 14 14 15  14  1  15  14  33  45 15
 15 15 14 14 15  15  0  30   0  15  62 15
 15 15 14 15 14  15  1  14  29   0  63 15
 15 15 15 14 14  14 15   2  14  14  63 15
 15 15 15 16 19  16 15   0  15  15  67 16
 15 15 15 17 23  17 15  15   0  15  74 17
 15 15 15 18  0  33 15  15   0  15  67 16
 15 15 15 18 15  18 15   0  15  15  67 16
 15 15 15 19 15  15  0  15  34   0  65 16
 15 15 15 21 15  21 15  15   0  15  74 17
 15 15 18 15  0  30 18  15   0  15  67 16
 15 15 18 15 15   0 33  15   0  15  67 16
 15 15 18 15 15  15 18   0  15  15  67 16
 15 15 21 15 15  15 21  15   0  15  74 17
 15 16 20 16 16   0 36  15   0  16  71 17
 15 17 15  0 32  15  0  32  15   0  67 16
 15 17 15 15 15  17  0  15  17  34  48 16
 15 17 15 15 17   0 15  32  15   0  67 16
 15 17 15 15 17  15  0  17  30   0  67 16
 15 17 15 15 17  15  0  32   0  15  67 16
 15 18 19 19 19  18 15   0  19  19  73 18
 15 19 15 15 19  15  0  34  15   0  74 17
 15 19 17 15 15  15 17  19   0  15  74 17
 16  0 32 15 15  15 17  15   1  15  67 16
 16 14 17 17  0  30  0  31  16   0  67 16
 16 14 17 17 13  17  0  31   3  13  67 16
 16 15 15 15  1  30  0  36   0  32  48 16
 16 15 15 15  1  30  0  36  16   0  64 16
 16 15 15 15 15  15 15   1  15  38  48 16
 16 15 15 16  0  31  0  16  35  16  48 16
 16 15 16  0 31   0 31  16   0  35  48 16
 16 15 16 15 16   0 16  31   0  35  48 16
 16 15 16 16  0  31 16   0  31   0  67 16
 16 15 16 16 15  16 16   0  16  15  67 16
 16 16 15  1 30  16  0  31  16   0  67 16
 16 16 15 15  2  30  0  31  16   0  67 16
 16 16 15 16 15   1 30   1  31   0  67 16
 16 16 15 16 15  16 15   1  16  15  67 16
 16 16 16  0 37  16 16   0  16  37  51 17
 16 16 16  0 37  17 16  16   0  16  71 17
 16 16 16 16 16  16  0  16  41  17  51 17
 16 16 21 16 21  16  0  16  40   0  72 18
 16 19 19 16  0  19 35  16   0  40  54 18
 16 19 19 16  0  35  3  32   0  40  54 18
 16 19 19 16  0  35 19   0  16  40  54 18
 17  0 33 17 16  17  0  33  17   0  71 17
 17  0 33 18 14  18  0  33  17   0  71 17
 17  0 39 17 22  17  0  39  17   0  79 19
 17  0 42 18 23  18  0  42  17   0  83 20
 17  0 42 21 17  21  0  42  17   0  83 20
 17 11 19 19 19  11 17   0  19  38  51 17
 17 15 15 15 15   2 15  42  17  17  51 17
 17 15 15 15 23  15 15  15   2  15  74 17
 17 15 18 18 14  18  0  18  32   0  71 17
 17 15 19 13 19  13 19   0  32   0  74 17
 17 15 19 15 15  15 19  15   2  15  74 17
 17 16 16 16 16   1 16  38   0  34  51 17
 17 16 16 16 16   1 16  38  17   0  68 17
 17 16 16 17  0  17 32   0  38  17  51 17
 17 16 17 16 17   0 33   0  17  37  51 17
 17 16 17 17  0  33  0  33  17   0  71 17
 17 16 17 17 16  17  0  17  33   0  71 17
 17 16 17 17 16  17  0  33   1  16  71 17
 17 17  0 34  0  17 41  18  18  18  54 18
 17 17  0 34  0  40 17  17   0  38  54 18
 17 17  0 34  0  40 18  17  17   0  74 18
 17 17 15 17 15  17 15   2  32   0  74 17
 17 17 16 16  2  30  2  32   0  38  51 17
 17 17 16 16 16   2 16  32   0  38  51 17
 17 17 16 16 16  17  1  16  17  37  51 17
 17 17 16 16 17  17  0  17  33   0  71 17
 17 17 16 16 17  17  0  33   1  16  71 17
 17 17 17  0 17  17 41  18  18  18  54 18
 17 17 17  0 17  40 17  17   0  38  54 18
 17 17 17  0 17  40 18  17  17   0  74 18
 17 17 17 15 15  15 17  17   2  15  74 17
 17 17 17 17  0  17 48  19  19  19  57 19
 17 17 17 17  0  40 17   0  17  38  54 18
 17 17 17 17  0  40 18  17   0  17  74 18
 17 17 22 17 22  17  0  17  22  39  57 19
 17 18 22 18 17   0 41  17   0  18  79 19
 17 19 17 17 17   2 34   0  17  40  54 18
 17 21 21 21 17   0 21  42  17   0  83 20
 17 21 22 22 22  22 21   0  17  22  87 21
 17 22 22 22 22  17  0  22  45   0  84 21
 17 24  0 41  0  41 24  17   0  46  63 21
 17 24 22 19  0  41 24  17   0  24  85 21
 17 25 27 27 27  27 25  17   0  27 106 25
 18  0 38 23 18  23 20  18   0  18  84 20
 18  0 42 19 18  19 24  18   0  18  84 20
 18 15 19 19 19  15 18   0  19  19  73 18
 18 16  2 35 16  21 16  16   2  16  76 18
 18 16 16 21 16  21 16   2  16  16  76 18
 18 17 17 18  0  34  1  17  40  18  54 18
 18 17 18  0 35  18  0  35  18   0  75 18
 18 18 17 17 17   2 33   1  17  40  54 18
 18 18 18 18  0  18 43   0  38  19  57 19
 18 18 18 18  0  18 43  19   0  38  57 19
 18 18 18 18  0  18 43  19  19   0  76 19
 18 18 20 23  0  41 20  18   0  18  84 20
 18 18 24 19  0  37 24  18   0  18  84 20
 18 21 21 18  0  39 21   0  39   0  83 20
 18 23  0 41 23  18  0  41   0  46  63 21
 18 23 18 23 23  18  0  23  18  46  63 21
 18 23 18 23 23  18 23   0  18  23  86 21
 19  0 48 24 24  19  0  48   0  48  69 23
 19 15 21 21 13  21  0  36  19   0  82 19
 19 17 17 19  0  34 19   0  46  19  57 19
 19 18 18 19  0  36 19   0  42   0  76 19
 19 19  0 45 19   0 45  19   0  44  63 21
 19 19 18 18 18  18  2  18  18  42  57 19
 19 19 18 18 19  18  1  37   0  19  79 19
 19 19 25 20 19   0 45  19   0  19  88 21
 19 21 19 19 19  21  0  19  40   0  83 20
 19 23 19 19 19  19 23   0  19  50  63 21
 19 24 24 24 24  19  0  24  24  48  69 23
 19 24 24 24 24  19  0  24  48   0  93 23
 19 24 24 24 24  19  0  48   0  24  93 23
 19 25 25 25 25  25  0  19  25  52  72 24
 19 31 31 31 31  31 19   0  31  66  87 29
 20 18 18 23  0  41 18  18   2  18  84 20
 20 19  1 38  0  39 19  20   0  44  60 20
 20 19  1 38 19  20  0  39   0  44  60 20
 20 19 19 19  1  38  0  20  44  20  60 20
 20 20  0 47 20  25 22  20   0  20  92 22
 20 20 19 19 20   1 19  38  20   0  84 20
 20 20 19 19 20  19  1  20  38   0  84 20
 20 20 20 20  0  20 47  20   0  43  63 21
 20 20 20 20  0  20 47  21  20   0  85 21
 21  0 39 22 22  22 17  21   0  22  87 21
 21  0 51 26 26  26 25  21   0  26 103 25
 21 17 22 22 22  22  0  38   0  22  87 21
 21 17 22 22 22  22 17   4  17  22  87 21
 21 20 20 20  1  20 40   0  47  21  63 21
 21 20 20 21  0  21 40  21   0  46  63 21
 21 20 20 21  0  41  0  41   0  46  63 21
 21 20 20 21  0  41 20   1  20  46  63 21
 21 21  0 42 26  21 21   0  42   0  92 22
 21 21 19 19 19  19 21   2  19  50  63 21
 21 21 20 20 21  20  1  40   1  20  88 21
 21 21 21  0 21  48 21  21  21   0  91 22
 21 21 21  0 47  21 21  21   0  21  92 22
 21 21 21 21  0  48 21   0  42   0  91 22
 21 21 21 21  0  48 21  21   0  21  91 22
 21 21 21 21 26  21 21   0  21  21  92 22
 21 21 21 21 31  21 21  21   0  21 100 23
 21 21 24 24 24  24 21   0  21  24  95 23
 21 23 19 23 21   0 44   0  21  48  66 22
 21 24 24 21  0  45 24  21   0  24  95 23
 21 24 24 21 21  24 24   0  21  24  95 23
 21 25 25 21  0  50  0  50  21   0  99 24
 22 21 21 21  1  41  1  21  49  22  66 22
 22 21 21 21 21   1 21  21  49  22  66 22
 22 21 22 21 22   0 22  42  22   0  92 22
 22 21 22 21 22   0 43   0  43   0  92 22
 22 21 22 21 22  21 22   0  22  21  92 22
 22 22 21 21 21  22  1  21  43   0  92 22
 22 22 27 22 27  22  0  22  49   0  99 24
 23 21 23 21 23  21 23   0  44   0 100 23
 23 22 22 23  0  44 23   0  23  50  69 23
 23 23 23 23  0  23 53  23  23   0  98 24
 23 25 23 23 23  23 25   0  23  25  99 24
 23 28 23 28 28  23  0  51   0  28 106 26
 24 23 23 23 23  23  1  23  53   0  96 24
 24 24  0 48  0  48  0  56  25  25  75 25
 24 24 23 23 23  23  2  46   0  24 100 24
 24 24 24  0 24  48  0  56  25  25  75 25
 24 24 24 24  0  24 24  56  25  25  75 25
 24 31 24 31  0  24 62  24   0  60  84 28
 25 17 27 27 27  27 17  25   0  27 106 25
 25 25  0 57 25   0 57  25  25   0 112 27
 25 25 24 24 24  24  2  24  48   0 105 25
 25 25 24 24 24  24 25   1  24  25 104 25
 25 25 25 25  0  50  0  58   0  52  78 26
 25 25 25 25  0  50  0  58  26   0 104 26
 25 25 25 25 25   0 25  58   0  52  78 26
 25 25 25 25 25   0 25  58  26   0 104 26
 25 27 25 25 25  25  2  50   0  25 109 26
 26 25 25 25  1  50  0  51   0  57  78 26
 26 25 25 26  0  51 25  26   0  26 108 26
 26 26 25 25 25  25  2  49   1  25 109 26
 26 33 33 33 33  33 33   0  26  33 133 32
 27 27  0 59 32  27  0  54   0  64  87 29
 27 27  0 59 32  27 27   0  27  64  87 29
 27 27 26 26 26  26 26   2  26  26 113 27
 27 27 27 27  0  54  0  62  27   0 113 28
 27 27 27 27 27   0 27  62  27   0 113 28
 27 27 27 32 32  27  0  27  27  64  87 29
 27 27 27 37 37  27 27   0  27  74  93 31
 27 31 27 27 27  27 27  31   0  27 126 29
 27 33 33 33 33  33 27   0  33  33 131 32
 28 27 27 28  0  55  0  54  28   0 117 28
 28 27 27 28  0  55 27  27   1  27 117 28
 28 27 27 28 27  28  0  54   1  27 117 28
 28 28 33 33 33  28  0  28  33  66  93 31
 29  0 56 28 28  29  0  56   0  64  87 29
 29 27 29 28 28  29  0  29  27  64  87 29
 29 28 28 28  1  28 55  29   0  64  87 29
 29 28 28 28  1  55  1  56   0  64  87 29
 29 28 28 28 28   1 28  56   0  64  87 29
 29 28 28 29  0  56 29   0  57   0 121 29
 29 28 28 29 28  28 29   0  29  28 121 29
 29 29 27 27 27  27 27  29   2  27 126 29
 30 29 29 29  1  57 29   1  29  66  90 30
 30 29 29 29 29   1 57   1  29  66  90 30
 30 29 29 29 29  29  1  29  29  66  90 30
 30 33 33 30  0  60 33  33   0  30 134 32
 31 27 31 29 29  31  0  58   0  74  93 31
 31 29 29 29 29  29  2  58   0  74  93 31
 32 31 31 32  0  62 31   1  62   0 134 32
 32 32 32  0 64  32  0  32  73  33  99 33
 32 32 32 32  0  32 64   0  73  33  99 33
 32 32 32 32  0  64  0  32  73  33  99 33
 32 32 32 32 32   0 32  32  73  33  99 33
 32 32 32 37 37  32 32   0  32  37 139 34
 33 33 33 33 33  33  0  33  75   0 136 34
 34 33 33 33  1  66  0  66  34   0 142 34
 37 35 37 36 36  37  0  72   0  37 154 37
 37 36 36 36 36  36  1  72   0  37 154 37
 38 37 37 37 37   1 37  73  38   0 159 38
 38 37 37 37 37  37  1  37  74   0 159 38
 39 38 38 38 38  38  1  75   1  38 163 39
 39 38 38 38 38  38 38   1  38  38 163 39
 40 38 39 39  1  77  0  78   0  88 120 40
 41 39 39 39 39  39 39  39   2  39 178 41
 41 39 40 40 39  41  0  41  39  90 123 41
 41 41  0 82  0  82 41  41   0  92 126 42
 41 41  0 82 41  41  0  82   0  92 126 42
 41 41 41 41  0  41 82  41   0  92 126 42
 41 41 41 41  0  82  0  82   0  92 126 42
 41 41 41 41  0  82 41   0  41  92 126 42
 41 41 41 41 41   0 41  82   0  92 126 42
 41 41 41 41 41   0 82   0  41  92 126 42
 41 41 41 41 41  41  0  41  41  92 126 42
 41 41 41 41 41  41  0  82   0 102 129 43
 41 41 41 41 41  41 41   0  41 102 129 43
 43 39 41 41 39  43  0  82   0 102 129 43
 43 59 51 51  0 102  0 110  43   0 217 52
 51 49 50 50 49  51  0 100   0  51 212 51
 51 51 51 51  0 102  0 102  51   0 217 52
 51 51 51 51  0 102 51   0 102   0 217 52
 51 51 51 51  0 102 51  51   0  51 217 52
 51 51 51 51 51   0 51 102  51   0 217 52
 51 51 51 51 51  51  0  51 102   0 217 52
 51 51 51 51 51  51  0 102   0  51 217 52
 51 51 51 51 51  51 51   0  51  51 217 52
 51 51 51 51 51  51 51  51   0  51 230 53
 53 51 52 52 51  53  0 103   1  52 221 53

0 extreme rays of recession cone:

44 support hyperplanes of polyhedron (homogenized):
 -7 -7 -7 -7  5  5  5  5  5  5  5 -17
 -5 -5 -5 -5 -5 -5  7  7  7  7  7 -19
 -5  1  1  1  1  1  1  1  1  1  1  -7
 -3 -3  1  1  1  1  1  1  1  1  1  -5
 -2 -2 -2  1  1  1  1  1  1  1  1  -4
 -1 -1 -1 -1 -1 -1 -1 -1 -1 -1 11 -23
 -1 -1 -1 -1 -1 -1 -1 -1 -1  5  5 -11
 -1 -1 -1 -1 -1 -1 -1 -1  3  3  3  -7
 -1 -1 -1 -1 -1 -1 -1  2  2  2  2  -5
 -1 -1 -1 -1 -1  1  1  1  1  1  1  -3
 -1 -1 -1 -1  0  1  1  1  1  1  0   0
 -1 -1 -1 -1  1  1  1  1  1  0  0   0
 -1 -1 -1  0  0  0  1  1  1  1  0   0
 -1 -1 -1  0  0  1  1  1  1  0  0   0
 -1 -1 -1  0  1  1  1  1  0  0  0   0
 -1 -1 -1  1  1  1  1  0  0  0  0   0
 -1 -1  0  0  0  0  0  1  1  1  0   0
 -1 -1  0  0  0  0  1  1  1  0  0   0
 -1 -1  0  0  0  1  1  1  0  0  0   0
 -1 -1  0  0  1  1  1  0  0  0  0   0
 -1 -1  0  1  1  1  0  0  0  0  0   0
 -1 -1  1  1  1  0  0  0  0  0  0   0
 -1  0  0  0  0  0  0  0  1  1  0   0
 -1  0  0  0  0  0  0  1  1  0  0   0
 -1  0  0  0  0  0  1  1  0  0  0   0
 -1  0  0  0  0  1  1  0  0  0  0   0
 -1  0  0  0  1  1  0  0  0  0  0   0
 -1  0  0  1  1  0  0  0  0  0  0   0
 -1  0  1  1  0  0  0  0  0  0  0   0
 -1  1  1  0  0  0  0  0  0  0  0   0
  0  0  0 -1 -1 -1 -1  1  1  1  1   0
  0  0  0 -1 -1 -1  0  0  1  1  1   0
  0  0  0 -1 -1  0  0  0  0  1  1   0
  0  0  0 -1  0  0  0  0  0  0  1   0
  0  0  0  0  0  0  0  0  0  1  0   0
  0  0  0  0  0  0  0  0  1  0  0   0
  0  0  0  0  0  0  0  1  0  0  0   0
  0  0  0  0  0  0  1  0  0  0  0   0
  0  0  0  0  0  1  0  0  0  0  0   0
  0  0  0  0  1  0  0  0  0  0  0   0
  0  0  0  1  0  0  0  0  0  0  0   0
  0  0  1  0  0  0  0  0  0  0  0   0
  0  1  0  0  0  0  0  0  0  0  0   0
  1  0  0  0  0  0  0  0  0  0  0   0

2 equations:
 1 0 -1 -2 -3 -4 -5 -6 -7 -8 -9  66
 0 1  2  3  4  5  6  7  8  9 10 -79

10 basis elements of generated  lattice:
 1 0 0 0 0 0 0 0 0 -10   9 0
 0 1 0 0 0 0 0 0 0  -9   8 0
 0 0 1 0 0 0 0 0 0  -8   7 0
 0 0 0 1 0 0 0 0 0  -7   6 0
 0 0 0 0 1 0 0 0 0  -6   5 0
 0 0 0 0 0 1 0 0 0  -5   4 0
 0 0 0 0 0 0 1 0 0  -4   3 0
 0 0 0 0 0 0 0 1 0  -3   2 0
 0 0 0 0 0 0 0 0 1  -2   1 0
 0 0 0 0 0 0 0 0 0  51 -38 1

